date,ticker,sector,close,volume
2022-01-03,RELIANCE.NS,Energy,2432.92,3852973
2022-01-04,RELIANCE.NS,Energy,2402.53,4705383
2022-01-05,RELIANCE.NS,Energy,2409.21,4912641
2022-01-06,RELIANCE.NS,Energy,2392.82,3673782
2022-01-07,RELIANCE.NS,Energy,2411.8,4042571
2022-01-10,RELIANCE.NS,Energy,2419.02,3148596
2022-01-11,RELIANCE.NS,Energy,2438.59,3135768
2022-01-12,RELIANCE.NS,Energy,2446.75,6942619
2022-01-13,RELIANCE.NS,Energy,2393.07,3719893
2022-01-14,RELIANCE.NS,Energy,2376.9,3976433
2022-01-17,RELIANCE.NS,Energy,2397.39,3886335
2022-01-18,RELIANCE.NS,Energy,2368.96,4547242
2022-01-19,RELIANCE.NS,Energy,2335.6,3300588
2022-01-20,RELIANCE.NS,Energy,2263.64,3413590
2022-01-21,RELIANCE.NS,Energy,2300.58,5542466
2022-01-24,RELIANCE.NS,Energy,2317.11,2372463
2022-01-25,RELIANCE.NS,Energy,2347.34,4262725
2022-01-27,RELIANCE.NS,Energy,2318.97,2995663
2022-01-28,RELIANCE.NS,Energy,2310.59,1976505
2022-01-31,RELIANCE.NS,Energy,2292.09,3880927
2022-02-01,RELIANCE.NS,Energy,2312.65,2665609
2022-02-02,RELIANCE.NS,Energy,2305.34,2503825
2022-02-03,RELIANCE.NS,Energy,2304.95,9904765
2022-02-04,RELIANCE.NS,Energy,2247.03,4826967
2022-02-07,RELIANCE.NS,Energy,2234.19,4868601
2022-02-08,RELIANCE.NS,Energy,2219.7,3919056
2022-02-09,RELIANCE.NS,Energy,2239.58,2628829
2022-02-10,RELIANCE.NS,Energy,2235.65,3768078
2022-02-11,RELIANCE.NS,Energy,2218.33,3525999
2022-02-14,RELIANCE.NS,Energy,2222.98,2036013
2022-02-15,RELIANCE.NS,Energy,2268.78,7474091
2022-02-16,RELIANCE.NS,Energy,2274.01,3869761
2022-02-17,RELIANCE.NS,Energy,2232.95,2983242
2022-02-18,RELIANCE.NS,Energy,2199.63,4168657
2022-02-21,RELIANCE.NS,Energy,2256.41,2464454
2022-02-22,RELIANCE.NS,Energy,2313.44,2875534
2022-02-23,RELIANCE.NS,Energy,2312.68,6836339
2022-02-24,RELIANCE.NS,Energy,2309.25,3328710
2022-02-25,RELIANCE.NS,Energy,2309.6,3967495
2022-02-28,RELIANCE.NS,Energy,2299.58,4140080
2022-03-01,RELIANCE.NS,Energy,2259.18,3756769
2022-03-02,RELIANCE.NS,Energy,2303.52,3306710
2022-03-03,RELIANCE.NS,Energy,2320.51,8834579
2022-03-04,RELIANCE.NS,Energy,2246.88,3080625
2022-03-07,RELIANCE.NS,Energy,2213.63,2920123
2022-03-09,RELIANCE.NS,Energy,2193.95,4740831
2022-03-10,RELIANCE.NS,Energy,2196.7,2546637
2022-03-11,RELIANCE.NS,Energy,2219.17,5708286
2022-03-14,RELIANCE.NS,Energy,2230.78,3721439
2022-03-15,RELIANCE.NS,Energy,2264.66,4177233
2022-03-16,RELIANCE.NS,Energy,2199.6,4427892
2022-03-17,RELIANCE.NS,Energy,2238.98,3545384
2022-03-18,RELIANCE.NS,Energy,2209.6,5501285
2022-03-21,RELIANCE.NS,Energy,2199.02,5012336
2022-03-22,RELIANCE.NS,Energy,2183.72,4783845
2022-03-23,RELIANCE.NS,Energy,2188.53,2350157
2022-03-24,RELIANCE.NS,Energy,2200.41,3534108
2022-03-25,RELIANCE.NS,Energy,2177.11,3840245
2022-03-28,RELIANCE.NS,Energy,2111.44,7335157
2022-03-29,RELIANCE.NS,Energy,2121.34,2434118
2022-03-30,RELIANCE.NS,Energy,2159.26,3193523
2022-03-31,RELIANCE.NS,Energy,2186.15,5830157
2022-04-01,RELIANCE.NS,Energy,2247.59,2874614
2022-04-04,RELIANCE.NS,Energy,2231.29,3171807
2022-04-05,RELIANCE.NS,Energy,2225.33,7173406
2022-04-06,RELIANCE.NS,Energy,2219.73,4538112
2022-04-07,RELIANCE.NS,Energy,2242.65,5391241
2022-04-08,RELIANCE.NS,Energy,2286.0,5141669
2022-04-11,RELIANCE.NS,Energy,2256.63,4159808
2022-04-12,RELIANCE.NS,Energy,2233.21,4122663
2022-04-13,RELIANCE.NS,Energy,2236.98,5445659
2022-04-15,RELIANCE.NS,Energy,2259.53,2968468
2022-04-18,RELIANCE.NS,Energy,2261.21,7325752
2022-04-19,RELIANCE.NS,Energy,2257.21,3312048
2022-04-20,RELIANCE.NS,Energy,2263.6,5712011
2022-04-21,RELIANCE.NS,Energy,2280.98,4766230
2022-04-22,RELIANCE.NS,Energy,2309.8,3296673
2022-04-25,RELIANCE.NS,Energy,2287.15,4729126
2022-04-26,RELIANCE.NS,Energy,2342.15,4174965
2022-04-27,RELIANCE.NS,Energy,2327.33,2152301
2022-04-28,RELIANCE.NS,Energy,2324.84,3873390
2022-04-29,RELIANCE.NS,Energy,2360.08,2579090
2022-05-02,RELIANCE.NS,Energy,2292.54,4768874
2022-05-03,RELIANCE.NS,Energy,2304.62,3799824
2022-05-04,RELIANCE.NS,Energy,2258.94,5428106
2022-05-05,RELIANCE.NS,Energy,2242.93,3128705
2022-05-06,RELIANCE.NS,Energy,2234.02,2536860
2022-05-09,RELIANCE.NS,Energy,2257.04,2739618
2022-05-10,RELIANCE.NS,Energy,2328.08,8097272
2022-05-11,RELIANCE.NS,Energy,2341.15,11526401
2022-05-12,RELIANCE.NS,Energy,2339.6,8044222
2022-05-13,RELIANCE.NS,Energy,2328.51,2329015
2022-05-16,RELIANCE.NS,Energy,2300.46,2465910
2022-05-17,RELIANCE.NS,Energy,2343.9,2750275
2022-05-18,RELIANCE.NS,Energy,2333.94,5235387
2022-05-19,RELIANCE.NS,Energy,2333.03,8349839
2022-05-20,RELIANCE.NS,Energy,2308.38,5480344
2022-05-23,RELIANCE.NS,Energy,2251.11,4267277
2022-05-24,RELIANCE.NS,Energy,2235.4,2889041
2022-05-25,RELIANCE.NS,Energy,2231.69,3612896
2022-05-26,RELIANCE.NS,Energy,2190.56,4118595
2022-05-27,RELIANCE.NS,Energy,2121.27,5438068
2022-05-30,RELIANCE.NS,Energy,2142.19,3352872
2022-05-31,RELIANCE.NS,Energy,2149.86,4594708
2022-06-01,RELIANCE.NS,Energy,2119.23,4396326
2022-06-02,RELIANCE.NS,Energy,2105.5,4135499
2022-06-03,RELIANCE.NS,Energy,2057.09,3476687
2022-06-06,RELIANCE.NS,Energy,2015.65,4165456
2022-06-07,RELIANCE.NS,Energy,2015.11,3861000
2022-06-08,RELIANCE.NS,Energy,1993.6,3036921
2022-06-09,RELIANCE.NS,Energy,2027.83,5441587
2022-06-10,RELIANCE.NS,Energy,2015.71,6928375
2022-06-13,RELIANCE.NS,Energy,2027.52,4237731
2022-06-14,RELIANCE.NS,Energy,1999.72,3929021
2022-06-15,RELIANCE.NS,Energy,1940.21,5207273
2022-06-16,RELIANCE.NS,Energy,1973.56,4260304
2022-06-17,RELIANCE.NS,Energy,1973.94,5951306
2022-06-20,RELIANCE.NS,Energy,1936.86,4144201
2022-06-21,RELIANCE.NS,Energy,1968.52,4902017
2022-06-22,RELIANCE.NS,Energy,1924.31,7324368
2022-06-23,RELIANCE.NS,Energy,1883.66,6222562
2022-06-24,RELIANCE.NS,Energy,1877.16,3779524
2022-06-27,RELIANCE.NS,Energy,1867.78,5829814
2022-06-28,RELIANCE.NS,Energy,1892.79,2747679
2022-06-29,RELIANCE.NS,Energy,1839.28,3721611
2022-06-30,RELIANCE.NS,Energy,1821.33,5345415
2022-07-01,RELIANCE.NS,Energy,1852.21,6820373
2022-07-04,RELIANCE.NS,Energy,1850.75,3069419
2022-07-05,RELIANCE.NS,Energy,1839.18,3954794
2022-07-06,RELIANCE.NS,Energy,1849.95,3997039
2022-07-07,RELIANCE.NS,Energy,1824.94,3866006
2022-07-08,RELIANCE.NS,Energy,1818.53,2608626
2022-07-11,RELIANCE.NS,Energy,1841.44,4757610
2022-07-12,RELIANCE.NS,Energy,1858.21,2554934
2022-07-13,RELIANCE.NS,Energy,1828.39,5945976
2022-07-14,RELIANCE.NS,Energy,1799.48,6403974
2022-07-15,RELIANCE.NS,Energy,1846.76,3193169
2022-07-18,RELIANCE.NS,Energy,1859.48,2560768
2022-07-19,RELIANCE.NS,Energy,1832.96,3948042
2022-07-20,RELIANCE.NS,Energy,1851.56,3328480
2022-07-21,RELIANCE.NS,Energy,1858.2,3710256
2022-07-22,RELIANCE.NS,Energy,1843.69,4122815
2022-07-25,RELIANCE.NS,Energy,1893.2,2883198
2022-07-26,RELIANCE.NS,Energy,1912.64,7136037
2022-07-27,RELIANCE.NS,Energy,1856.87,3190182
2022-07-28,RELIANCE.NS,Energy,1835.29,5539406
2022-07-29,RELIANCE.NS,Energy,1804.52,2924252
2022-08-01,RELIANCE.NS,Energy,1811.9,4079467
2022-08-02,RELIANCE.NS,Energy,1830.86,4674385
2022-08-03,RELIANCE.NS,Energy,1772.87,4186905
2022-08-04,RELIANCE.NS,Energy,1790.41,3653231
2022-08-05,RELIANCE.NS,Energy,1764.21,3359996
2022-08-08,RELIANCE.NS,Energy,1733.77,3462919
2022-08-09,RELIANCE.NS,Energy,1774.93,3152457
2022-08-10,RELIANCE.NS,Energy,1741.65,4486396
2022-08-11,RELIANCE.NS,Energy,1752.26,7579362
2022-08-12,RELIANCE.NS,Energy,1816.68,4527828
2022-08-16,RELIANCE.NS,Energy,1782.38,4918556
2022-08-17,RELIANCE.NS,Energy,1762.98,5831530
2022-08-18,RELIANCE.NS,Energy,1764.22,3409715
2022-08-19,RELIANCE.NS,Energy,1818.59,2123298
2022-08-22,RELIANCE.NS,Energy,1818.89,3996891
2022-08-23,RELIANCE.NS,Energy,1860.11,5385587
2022-08-24,RELIANCE.NS,Energy,1830.04,8069526
2022-08-25,RELIANCE.NS,Energy,1834.02,2833220
2022-08-26,RELIANCE.NS,Energy,1849.43,5867421
2022-08-29,RELIANCE.NS,Energy,1844.55,4374734
2022-08-30,RELIANCE.NS,Energy,1852.66,3484767
2022-08-31,RELIANCE.NS,Energy,1881.92,2768745
2022-09-01,RELIANCE.NS,Energy,1912.6,3254780
2022-09-02,RELIANCE.NS,Energy,1904.88,4879960
2022-09-05,RELIANCE.NS,Energy,1921.31,6125482
2022-09-06,RELIANCE.NS,Energy,1871.91,1538803
2022-09-07,RELIANCE.NS,Energy,1883.47,4777201
2022-09-08,RELIANCE.NS,Energy,1897.91,3266598
2022-09-09,RELIANCE.NS,Energy,1936.72,3375091
2022-09-12,RELIANCE.NS,Energy,1932.8,4619404
2022-09-13,RELIANCE.NS,Energy,1930.7,7821475
2022-09-14,RELIANCE.NS,Energy,1874.3,3105708
2022-09-15,RELIANCE.NS,Energy,1825.85,3861370
2022-09-16,RELIANCE.NS,Energy,1838.31,2300375
2022-09-19,RELIANCE.NS,Energy,1840.81,4655103
2022-09-20,RELIANCE.NS,Energy,1843.52,3136126
2022-09-21,RELIANCE.NS,Energy,1818.2,6931719
2022-09-22,RELIANCE.NS,Energy,1798.72,4529453
2022-09-23,RELIANCE.NS,Energy,1820.67,3615955
2022-09-26,RELIANCE.NS,Energy,1829.29,3624767
2022-09-27,RELIANCE.NS,Energy,1804.76,4536444
2022-09-28,RELIANCE.NS,Energy,1815.08,5085398
2022-09-29,RELIANCE.NS,Energy,1786.43,2652219
2022-09-30,RELIANCE.NS,Energy,1772.75,3790425
2022-10-03,RELIANCE.NS,Energy,1797.92,3989075
2022-10-04,RELIANCE.NS,Energy,1790.89,4299871
2022-10-05,RELIANCE.NS,Energy,1845.9,6306197
2022-10-06,RELIANCE.NS,Energy,1855.81,2424331
2022-10-07,RELIANCE.NS,Energy,1873.9,5579302
2022-10-10,RELIANCE.NS,Energy,1958.34,4535919
2022-10-11,RELIANCE.NS,Energy,2025.54,3354353
2022-10-12,RELIANCE.NS,Energy,1991.79,5294615
2022-10-13,RELIANCE.NS,Energy,1993.28,3491732
2022-10-14,RELIANCE.NS,Energy,1951.44,2117348
2022-10-17,RELIANCE.NS,Energy,1969.44,1200399
2022-10-18,RELIANCE.NS,Energy,1939.91,2608422
2022-10-19,RELIANCE.NS,Energy,1932.2,3300341
2022-10-20,RELIANCE.NS,Energy,1969.7,4240087
2022-10-21,RELIANCE.NS,Energy,1990.87,4921164
2022-10-25,RELIANCE.NS,Energy,2038.88,3647971
2022-10-26,RELIANCE.NS,Energy,2042.7,2437454
2022-10-27,RELIANCE.NS,Energy,2057.06,3494919
2022-10-28,RELIANCE.NS,Energy,2028.75,3699129
2022-10-31,RELIANCE.NS,Energy,2052.3,7334826
2022-11-01,RELIANCE.NS,Energy,1982.49,4851967
2022-11-02,RELIANCE.NS,Energy,2009.75,2236086
2022-11-03,RELIANCE.NS,Energy,2021.14,3575932
2022-11-04,RELIANCE.NS,Energy,2016.96,5095006
2022-11-07,RELIANCE.NS,Energy,1967.04,4022240
2022-11-08,RELIANCE.NS,Energy,1922.55,2261808
2022-11-09,RELIANCE.NS,Energy,1892.75,5317106
2022-11-10,RELIANCE.NS,Energy,1876.34,4534432
2022-11-11,RELIANCE.NS,Energy,1873.1,3779302
2022-11-14,RELIANCE.NS,Energy,1862.59,3010969
2022-11-15,RELIANCE.NS,Energy,1848.19,5692530
2022-11-16,RELIANCE.NS,Energy,1890.61,2116134
2022-11-17,RELIANCE.NS,Energy,1916.1,2317507
2022-11-18,RELIANCE.NS,Energy,1951.84,3087308
2022-11-21,RELIANCE.NS,Energy,1943.51,4438305
2022-11-22,RELIANCE.NS,Energy,1884.03,2477025
2022-11-23,RELIANCE.NS,Energy,1935.1,3299710
2022-11-24,RELIANCE.NS,Energy,1965.28,3543136
2022-11-25,RELIANCE.NS,Energy,2013.13,4502359
2022-11-28,RELIANCE.NS,Energy,1995.69,3624102
2022-11-29,RELIANCE.NS,Energy,2023.14,3628852
2022-11-30,RELIANCE.NS,Energy,1978.28,3118823
2022-12-01,RELIANCE.NS,Energy,2001.7,5845365
2022-12-02,RELIANCE.NS,Energy,1958.12,5029907
2022-12-05,RELIANCE.NS,Energy,1886.05,4967007
2022-12-06,RELIANCE.NS,Energy,1949.85,3040985
2022-12-07,RELIANCE.NS,Energy,1955.09,3337027
2022-12-08,RELIANCE.NS,Energy,1923.98,4717283
2022-12-09,RELIANCE.NS,Energy,1899.41,3250679
2022-12-12,RELIANCE.NS,Energy,1844.62,2886976
2022-12-13,RELIANCE.NS,Energy,1842.73,4417334
2022-12-14,RELIANCE.NS,Energy,1804.39,2526237
2022-12-15,RELIANCE.NS,Energy,1848.04,3710596
2022-12-16,RELIANCE.NS,Energy,1862.75,5456374
2022-12-19,RELIANCE.NS,Energy,1879.72,4201060
2022-12-20,RELIANCE.NS,Energy,1852.71,2767653
2022-12-21,RELIANCE.NS,Energy,1851.97,4711058
2022-12-22,RELIANCE.NS,Energy,1895.53,3235358
2022-12-23,RELIANCE.NS,Energy,1911.34,5368045
2022-12-26,RELIANCE.NS,Energy,1902.29,4771639
2022-12-27,RELIANCE.NS,Energy,1902.79,3535983
2022-12-28,RELIANCE.NS,Energy,1876.81,3071074
2022-12-29,RELIANCE.NS,Energy,1899.65,2966074
2022-12-30,RELIANCE.NS,Energy,1893.62,9883560
2023-01-02,RELIANCE.NS,Energy,1949.81,1790522
2023-01-03,RELIANCE.NS,Energy,1942.07,2156297
2023-01-04,RELIANCE.NS,Energy,1986.03,5872953
2023-01-05,RELIANCE.NS,Energy,2004.27,5445598
2023-01-06,RELIANCE.NS,Energy,1991.16,4529488
2023-01-09,RELIANCE.NS,Energy,1973.57,1988372
2023-01-10,RELIANCE.NS,Energy,1984.52,4821461
2023-01-11,RELIANCE.NS,Energy,2030.8,2833770
2023-01-12,RELIANCE.NS,Energy,2032.63,3857044
2023-01-13,RELIANCE.NS,Energy,2063.27,4603862
2023-01-16,RELIANCE.NS,Energy,2053.6,4767370
2023-01-17,RELIANCE.NS,Energy,2024.61,3179576
2023-01-18,RELIANCE.NS,Energy,2090.54,6260215
2023-01-19,RELIANCE.NS,Energy,2058.52,5306882
2023-01-20,RELIANCE.NS,Energy,2095.05,2853186
2023-01-23,RELIANCE.NS,Energy,1997.68,3375590
2023-01-24,RELIANCE.NS,Energy,1998.98,3061659
2023-01-25,RELIANCE.NS,Energy,1983.75,3906214
2023-01-27,RELIANCE.NS,Energy,1987.12,4976371
2023-01-30,RELIANCE.NS,Energy,1973.15,2089122
2023-01-31,RELIANCE.NS,Energy,1968.93,1993773
2023-02-01,RELIANCE.NS,Energy,2010.63,2984005
2023-02-02,RELIANCE.NS,Energy,1976.76,6410471
2023-02-03,RELIANCE.NS,Energy,2007.42,4338961
2023-02-06,RELIANCE.NS,Energy,2053.62,6934438
2023-02-07,RELIANCE.NS,Energy,2017.55,3780955
2023-02-08,RELIANCE.NS,Energy,2017.28,2973608
2023-02-09,RELIANCE.NS,Energy,2004.86,2220510
2023-02-10,RELIANCE.NS,Energy,2035.68,2987036
2023-02-13,RELIANCE.NS,Energy,2010.61,3213729
2023-02-14,RELIANCE.NS,Energy,1997.28,1708590
2023-02-15,RELIANCE.NS,Energy,1966.3,2974603
2023-02-16,RELIANCE.NS,Energy,1974.26,2965476
2023-02-17,RELIANCE.NS,Energy,1980.41,4023295
2023-02-20,RELIANCE.NS,Energy,1967.06,3934318
2023-02-21,RELIANCE.NS,Energy,1902.43,4466019
2023-02-22,RELIANCE.NS,Energy,1817.04,2262669
2023-02-23,RELIANCE.NS,Energy,1853.67,2683801
2023-02-24,RELIANCE.NS,Energy,1833.83,5521045
2023-02-27,RELIANCE.NS,Energy,1806.68,3646677
2023-02-28,RELIANCE.NS,Energy,1861.86,5370476
2023-03-01,RELIANCE.NS,Energy,1885.13,3800249
2023-03-02,RELIANCE.NS,Energy,1860.9,4263112
2023-03-03,RELIANCE.NS,Energy,1866.96,4804393
2023-03-06,RELIANCE.NS,Energy,1861.29,3286163
2023-03-07,RELIANCE.NS,Energy,1860.91,3161346
2023-03-09,RELIANCE.NS,Energy,1851.4,3147149
2023-03-10,RELIANCE.NS,Energy,1928.8,3885313
2023-03-13,RELIANCE.NS,Energy,1964.4,4881524
2023-03-14,RELIANCE.NS,Energy,1923.46,3463123
2023-03-15,RELIANCE.NS,Energy,1979.03,5982071
2023-03-16,RELIANCE.NS,Energy,2025.82,7365881
2023-03-17,RELIANCE.NS,Energy,2050.8,2935912
2023-03-20,RELIANCE.NS,Energy,2098.85,6052325
2023-03-21,RELIANCE.NS,Energy,2088.7,3967856
2023-03-22,RELIANCE.NS,Energy,2084.28,4561961
2023-03-23,RELIANCE.NS,Energy,2122.33,3809948
2023-03-24,RELIANCE.NS,Energy,2127.15,6117673
2023-03-27,RELIANCE.NS,Energy,2160.38,4508980
2023-03-28,RELIANCE.NS,Energy,2192.18,3535284
2023-03-29,RELIANCE.NS,Energy,2122.44,3450089
2023-03-30,RELIANCE.NS,Energy,2146.82,2622276
2023-03-31,RELIANCE.NS,Energy,2142.4,3268810
2023-04-03,RELIANCE.NS,Energy,2164.24,6120247
2023-04-04,RELIANCE.NS,Energy,2205.54,5833043
2023-04-05,RELIANCE.NS,Energy,2234.63,3191406
2023-04-06,RELIANCE.NS,Energy,2243.78,2718784
2023-04-07,RELIANCE.NS,Energy,2240.1,5571199
2023-04-10,RELIANCE.NS,Energy,2286.63,4639868
2023-04-11,RELIANCE.NS,Energy,2261.95,1999448
2023-04-12,RELIANCE.NS,Energy,2250.95,10939651
2023-04-13,RELIANCE.NS,Energy,2266.96,4009105
2023-04-17,RELIANCE.NS,Energy,2265.76,7243264
2023-04-18,RELIANCE.NS,Energy,2249.04,4243798
2023-04-19,RELIANCE.NS,Energy,2341.32,2773834
2023-04-20,RELIANCE.NS,Energy,2301.12,4273377
2023-04-21,RELIANCE.NS,Energy,2280.49,2388923
2023-04-24,RELIANCE.NS,Energy,2357.78,3820630
2023-04-25,RELIANCE.NS,Energy,2325.21,2728301
2023-04-26,RELIANCE.NS,Energy,2334.13,3717099
2023-04-27,RELIANCE.NS,Energy,2378.38,4354855
2023-04-28,RELIANCE.NS,Energy,2332.13,4427877
2023-05-02,RELIANCE.NS,Energy,2336.98,2395407
2023-05-03,RELIANCE.NS,Energy,2356.65,3186128
2023-05-04,RELIANCE.NS,Energy,2404.11,2000004
2023-05-05,RELIANCE.NS,Energy,2394.35,4961900
2023-05-08,RELIANCE.NS,Energy,2421.97,4286511
2023-05-09,RELIANCE.NS,Energy,2496.97,2646625
2023-05-10,RELIANCE.NS,Energy,2475.94,6530959
2023-05-11,RELIANCE.NS,Energy,2496.67,4701056
2023-05-12,RELIANCE.NS,Energy,2488.25,3848402
2023-05-15,RELIANCE.NS,Energy,2525.58,3383226
2023-05-16,RELIANCE.NS,Energy,2534.86,3194232
2023-05-17,RELIANCE.NS,Energy,2516.83,3029081
2023-05-18,RELIANCE.NS,Energy,2562.13,6021732
2023-05-19,RELIANCE.NS,Energy,2576.31,4395375
2023-05-22,RELIANCE.NS,Energy,2584.87,2765855
2023-05-23,RELIANCE.NS,Energy,2565.37,6286425
2023-05-24,RELIANCE.NS,Energy,2623.3,3868441
2023-05-25,RELIANCE.NS,Energy,2652.15,2894567
2023-05-26,RELIANCE.NS,Energy,2665.83,7971749
2023-05-29,RELIANCE.NS,Energy,2616.11,2721657
2023-05-30,RELIANCE.NS,Energy,2639.2,2991146
2023-05-31,RELIANCE.NS,Energy,2711.94,3993077
2023-06-01,RELIANCE.NS,Energy,2743.23,4469465
2023-06-02,RELIANCE.NS,Energy,2814.89,3067879
2023-06-05,RELIANCE.NS,Energy,2787.47,1841712
2023-06-06,RELIANCE.NS,Energy,2861.02,4038436
2023-06-07,RELIANCE.NS,Energy,2833.95,2768755
2023-06-08,RELIANCE.NS,Energy,2852.28,3521257
2023-06-09,RELIANCE.NS,Energy,2842.04,3006889
2023-06-12,RELIANCE.NS,Energy,2819.07,2732516
2023-06-13,RELIANCE.NS,Energy,2924.43,3637249
2023-06-14,RELIANCE.NS,Energy,2978.47,3200323
2023-06-15,RELIANCE.NS,Energy,2947.71,2975671
2023-06-16,RELIANCE.NS,Energy,3009.55,5598252
2023-06-19,RELIANCE.NS,Energy,3019.15,2818670
2023-06-20,RELIANCE.NS,Energy,3031.11,3655069
2023-06-21,RELIANCE.NS,Energy,3089.93,3940741
2023-06-22,RELIANCE.NS,Energy,3087.27,2209519
2023-06-23,RELIANCE.NS,Energy,3067.79,2700113
2023-06-26,RELIANCE.NS,Energy,3094.15,3937893
2023-06-27,RELIANCE.NS,Energy,3078.86,3886617
2023-06-28,RELIANCE.NS,Energy,3039.94,3030209
2023-06-29,RELIANCE.NS,Energy,2982.34,3956570
2023-06-30,RELIANCE.NS,Energy,2985.32,4384966
2023-07-03,RELIANCE.NS,Energy,3013.26,4903158
2023-07-04,RELIANCE.NS,Energy,3007.12,5041701
2023-07-05,RELIANCE.NS,Energy,3056.94,6096202
2023-07-06,RELIANCE.NS,Energy,3112.8,4146079
2023-07-07,RELIANCE.NS,Energy,3141.66,2455563
2023-07-10,RELIANCE.NS,Energy,3221.85,3600169
2023-07-11,RELIANCE.NS,Energy,3204.53,2560798
2023-07-12,RELIANCE.NS,Energy,3272.1,5366920
2023-07-13,RELIANCE.NS,Energy,3306.24,6456455
2023-07-14,RELIANCE.NS,Energy,3317.32,3984237
2023-07-17,RELIANCE.NS,Energy,3329.11,5997267
2023-07-18,RELIANCE.NS,Energy,3289.28,5855556
2023-07-19,RELIANCE.NS,Energy,3379.91,4440536
2023-07-20,RELIANCE.NS,Energy,3303.61,4800995
2023-07-21,RELIANCE.NS,Energy,3275.62,5565243
2023-07-24,RELIANCE.NS,Energy,3360.05,2449505
2023-07-25,RELIANCE.NS,Energy,3376.43,4354571
2023-07-26,RELIANCE.NS,Energy,3431.67,4847291
2023-07-27,RELIANCE.NS,Energy,3442.54,2416728
2023-07-28,RELIANCE.NS,Energy,3374.32,7797216
2023-07-31,RELIANCE.NS,Energy,3382.85,5852510
2023-08-01,RELIANCE.NS,Energy,3446.07,5869322
2023-08-02,RELIANCE.NS,Energy,3393.4,4607118
2023-08-03,RELIANCE.NS,Energy,3355.6,2864765
2023-08-04,RELIANCE.NS,Energy,3319.61,2561320
2023-08-07,RELIANCE.NS,Energy,3257.88,3856509
2023-08-08,RELIANCE.NS,Energy,3360.63,5095600
2023-08-09,RELIANCE.NS,Energy,3419.45,4827656
2023-08-10,RELIANCE.NS,Energy,3446.67,7265004
2023-08-11,RELIANCE.NS,Energy,3456.36,3581353
2023-08-14,RELIANCE.NS,Energy,3534.54,3520068
2023-08-16,RELIANCE.NS,Energy,3572.29,4003658
2023-08-17,RELIANCE.NS,Energy,3626.78,2663977
2023-08-18,RELIANCE.NS,Energy,3604.89,6754093
2023-08-21,RELIANCE.NS,Energy,3541.19,3658205
2023-08-22,RELIANCE.NS,Energy,3433.94,4362838
2023-08-23,RELIANCE.NS,Energy,3465.53,5309509
2023-08-24,RELIANCE.NS,Energy,3496.54,3068127
2023-08-25,RELIANCE.NS,Energy,3370.8,4399865
2023-08-28,RELIANCE.NS,Energy,3459.14,3982081
2023-08-29,RELIANCE.NS,Energy,3450.51,5617432
2023-08-30,RELIANCE.NS,Energy,3409.39,4004564
2023-08-31,RELIANCE.NS,Energy,3418.4,1468994
2023-09-01,RELIANCE.NS,Energy,3428.56,2878969
2023-09-04,RELIANCE.NS,Energy,3425.76,2362163
2023-09-05,RELIANCE.NS,Energy,3410.01,7838192
2023-09-06,RELIANCE.NS,Energy,3385.79,6550830
2023-09-07,RELIANCE.NS,Energy,3431.57,1881097
2023-09-08,RELIANCE.NS,Energy,3375.16,2803307
2023-09-11,RELIANCE.NS,Energy,3238.2,2459019
2023-09-12,RELIANCE.NS,Energy,3256.52,4307009
2023-09-13,RELIANCE.NS,Energy,3265.63,2857437
2023-09-14,RELIANCE.NS,Energy,3308.03,3638494
2023-09-15,RELIANCE.NS,Energy,3303.82,2465690
2023-09-18,RELIANCE.NS,Energy,3291.79,4641791
2023-09-19,RELIANCE.NS,Energy,3242.77,2218308
2023-09-20,RELIANCE.NS,Energy,3184.15,9588546
2023-09-21,RELIANCE.NS,Energy,3183.79,6759908
2023-09-22,RELIANCE.NS,Energy,3267.08,9516965
2023-09-25,RELIANCE.NS,Energy,3305.03,4936841
2023-09-26,RELIANCE.NS,Energy,3301.41,6885629
2023-09-27,RELIANCE.NS,Energy,3371.69,5457356
2023-09-28,RELIANCE.NS,Energy,3372.04,2809261
2023-09-29,RELIANCE.NS,Energy,3386.02,3505028
2023-10-03,RELIANCE.NS,Energy,3447.43,4631617
2023-10-04,RELIANCE.NS,Energy,3482.72,5976090
2023-10-05,RELIANCE.NS,Energy,3401.76,3983582
2023-10-06,RELIANCE.NS,Energy,3409.58,4848158
2023-10-09,RELIANCE.NS,Energy,3412.31,3553950
2023-10-10,RELIANCE.NS,Energy,3451.77,3456129
2023-10-11,RELIANCE.NS,Energy,3476.32,2385599
2023-10-12,RELIANCE.NS,Energy,3429.29,4661950
2023-10-13,RELIANCE.NS,Energy,3458.97,3360974
2023-10-16,RELIANCE.NS,Energy,3458.37,2546650
2023-10-17,RELIANCE.NS,Energy,3423.1,3244520
2023-10-18,RELIANCE.NS,Energy,3378.36,4412055
2023-10-19,RELIANCE.NS,Energy,3295.75,5044628
2023-10-20,RELIANCE.NS,Energy,3393.48,3743157
2023-10-23,RELIANCE.NS,Energy,3321.85,5802876
2023-10-24,RELIANCE.NS,Energy,3354.01,6726650
2023-10-25,RELIANCE.NS,Energy,3364.76,3611513
2023-10-26,RELIANCE.NS,Energy,3400.62,5614189
2023-10-27,RELIANCE.NS,Energy,3389.73,3161042
2023-10-30,RELIANCE.NS,Energy,3438.9,2532899
2023-10-31,RELIANCE.NS,Energy,3394.88,2868584
2023-11-01,RELIANCE.NS,Energy,3477.42,2950258
2023-11-02,RELIANCE.NS,Energy,3538.85,3425607
2023-11-03,RELIANCE.NS,Energy,3490.5,7990678
2023-11-06,RELIANCE.NS,Energy,3416.48,3324192
2023-11-07,RELIANCE.NS,Energy,3481.88,3499898
2023-11-08,RELIANCE.NS,Energy,3463.29,4213328
2023-11-09,RELIANCE.NS,Energy,3466.85,2514933
2023-11-10,RELIANCE.NS,Energy,3479.5,4201989
2023-11-13,RELIANCE.NS,Energy,3439.65,5024556
2023-11-14,RELIANCE.NS,Energy,3500.64,6708650
2023-11-15,RELIANCE.NS,Energy,3561.63,6323907
2023-11-16,RELIANCE.NS,Energy,3514.67,4533875
2023-11-17,RELIANCE.NS,Energy,3452.24,3692530
2023-11-20,RELIANCE.NS,Energy,3431.69,3768025
2023-11-21,RELIANCE.NS,Energy,3517.73,4604897
2023-11-22,RELIANCE.NS,Energy,3513.9,3928159
2023-11-23,RELIANCE.NS,Energy,3560.61,3867979
2023-11-24,RELIANCE.NS,Energy,3639.87,2878886
2023-11-27,RELIANCE.NS,Energy,3632.34,5049170
2023-11-28,RELIANCE.NS,Energy,3581.07,4431343
2023-11-29,RELIANCE.NS,Energy,3588.66,3064204
2023-11-30,RELIANCE.NS,Energy,3634.42,6723746
2023-12-01,RELIANCE.NS,Energy,3670.48,4295108
2023-12-04,RELIANCE.NS,Energy,3642.49,2425549
2023-12-05,RELIANCE.NS,Energy,3752.6,5557799
2023-12-06,RELIANCE.NS,Energy,3813.56,3155224
2023-12-07,RELIANCE.NS,Energy,3853.73,3459281
2023-12-08,RELIANCE.NS,Energy,3717.77,3739927
2023-12-11,RELIANCE.NS,Energy,3760.93,5401165
2023-12-12,RELIANCE.NS,Energy,3800.08,3912914
2023-12-13,RELIANCE.NS,Energy,3700.66,4957555
2023-12-14,RELIANCE.NS,Energy,3692.63,2301895
2023-12-15,RELIANCE.NS,Energy,3638.95,2713726
2023-12-18,RELIANCE.NS,Energy,3566.8,4037714
2023-12-19,RELIANCE.NS,Energy,3591.64,3097765
2023-12-20,RELIANCE.NS,Energy,3634.21,3717183
2023-12-21,RELIANCE.NS,Energy,3596.15,5183861
2023-12-22,RELIANCE.NS,Energy,3577.83,3014343
2023-12-26,RELIANCE.NS,Energy,3658.19,3086752
2023-12-27,RELIANCE.NS,Energy,3669.02,4149103
2023-12-28,RELIANCE.NS,Energy,3742.28,1897006
2023-12-29,RELIANCE.NS,Energy,3718.5,5681079
2024-01-01,RELIANCE.NS,Energy,3666.79,4178856
2024-01-02,RELIANCE.NS,Energy,3627.5,4124973
2024-01-03,RELIANCE.NS,Energy,3640.05,3305963
2024-01-04,RELIANCE.NS,Energy,3723.39,5081781
2024-01-05,RELIANCE.NS,Energy,3790.04,3773461
2024-01-08,RELIANCE.NS,Energy,3831.77,6132709
2024-01-09,RELIANCE.NS,Energy,3759.35,2193876
2024-01-10,RELIANCE.NS,Energy,3804.87,4082182
2024-01-11,RELIANCE.NS,Energy,3922.01,4052456
2024-01-12,RELIANCE.NS,Energy,3901.21,4452362
2024-01-15,RELIANCE.NS,Energy,3802.66,6525837
2024-01-16,RELIANCE.NS,Energy,3923.55,2477275
2024-01-17,RELIANCE.NS,Energy,3887.6,2450742
2024-01-18,RELIANCE.NS,Energy,3783.16,3528652
2024-01-19,RELIANCE.NS,Energy,3759.44,2058771
2024-01-22,RELIANCE.NS,Energy,3815.08,8951147
2024-01-23,RELIANCE.NS,Energy,3924.0,5535522
2024-01-24,RELIANCE.NS,Energy,4017.46,4785201
2024-01-25,RELIANCE.NS,Energy,4021.2,5251437
2024-01-29,RELIANCE.NS,Energy,4005.35,6229819
2024-01-30,RELIANCE.NS,Energy,3974.41,3219935
2024-01-31,RELIANCE.NS,Energy,3941.42,3518849
2024-02-01,RELIANCE.NS,Energy,3966.41,4500935
2024-02-02,RELIANCE.NS,Energy,4059.54,3346810
2024-02-05,RELIANCE.NS,Energy,4007.11,2885934
2024-02-06,RELIANCE.NS,Energy,3928.67,3317321
2024-02-07,RELIANCE.NS,Energy,3944.74,4563494
2024-02-08,RELIANCE.NS,Energy,3923.53,5493135
2024-02-09,RELIANCE.NS,Energy,3839.7,2559235
2024-02-12,RELIANCE.NS,Energy,3705.14,3736225
2024-02-13,RELIANCE.NS,Energy,3828.29,3917997
2024-02-14,RELIANCE.NS,Energy,3799.97,2454081
2024-02-15,RELIANCE.NS,Energy,3792.63,4671981
2024-02-16,RELIANCE.NS,Energy,3816.07,3845916
2024-02-19,RELIANCE.NS,Energy,3804.65,2874843
2024-02-20,RELIANCE.NS,Energy,3798.68,3372559
2024-02-21,RELIANCE.NS,Energy,3838.1,4815453
2024-02-22,RELIANCE.NS,Energy,3739.04,5622318
2024-02-23,RELIANCE.NS,Energy,3689.93,4496692
2024-02-26,RELIANCE.NS,Energy,3757.09,7780535
2024-02-27,RELIANCE.NS,Energy,3768.37,5899539
2024-02-28,RELIANCE.NS,Energy,3818.62,4842640
2024-02-29,RELIANCE.NS,Energy,3746.28,3122168
2024-03-01,RELIANCE.NS,Energy,3827.37,5932198
2024-03-04,RELIANCE.NS,Energy,3877.61,3051013
2024-03-05,RELIANCE.NS,Energy,3831.37,5185517
2024-03-06,RELIANCE.NS,Energy,3798.96,1697373
2024-03-07,RELIANCE.NS,Energy,3799.73,3359064
2024-03-11,RELIANCE.NS,Energy,3753.95,2448038
2024-03-12,RELIANCE.NS,Energy,3806.71,3612148
2024-03-13,RELIANCE.NS,Energy,3941.01,2329798
2024-03-14,RELIANCE.NS,Energy,3904.61,4032898
2024-03-15,RELIANCE.NS,Energy,3923.31,4701896
2024-03-18,RELIANCE.NS,Energy,3932.28,3180228
2024-03-19,RELIANCE.NS,Energy,3937.07,3569681
2024-03-20,RELIANCE.NS,Energy,3881.11,4311596
2024-03-21,RELIANCE.NS,Energy,3923.5,3927509
2024-03-22,RELIANCE.NS,Energy,3763.27,6399771
2024-03-25,RELIANCE.NS,Energy,3744.37,3141196
2024-03-26,RELIANCE.NS,Energy,3775.12,4818780
2024-03-27,RELIANCE.NS,Energy,3848.6,4373524
2024-03-28,RELIANCE.NS,Energy,3861.64,2289717
2024-03-29,RELIANCE.NS,Energy,3836.51,4116627
2024-04-01,RELIANCE.NS,Energy,3879.89,3873216
2024-04-02,RELIANCE.NS,Energy,3908.47,3360704
2024-04-03,RELIANCE.NS,Energy,3922.16,7429849
2024-04-04,RELIANCE.NS,Energy,3899.96,6260384
2024-04-05,RELIANCE.NS,Energy,3918.55,3057414
2024-04-08,RELIANCE.NS,Energy,3944.92,4987073
2024-04-09,RELIANCE.NS,Energy,4008.81,5180214
2024-04-10,RELIANCE.NS,Energy,3958.18,4201942
2024-04-11,RELIANCE.NS,Energy,3875.39,2718693
2024-04-12,RELIANCE.NS,Energy,3849.6,2860981
2024-04-15,RELIANCE.NS,Energy,3846.59,4803030
2024-04-16,RELIANCE.NS,Energy,3793.66,4767803
2024-04-17,RELIANCE.NS,Energy,3707.75,3613258
2024-04-18,RELIANCE.NS,Energy,3641.74,6328170
2024-04-19,RELIANCE.NS,Energy,3649.07,6734116
2024-04-22,RELIANCE.NS,Energy,3653.01,6706353
2024-04-23,RELIANCE.NS,Energy,3534.98,6716350
2024-04-24,RELIANCE.NS,Energy,3539.23,3970720
2024-04-25,RELIANCE.NS,Energy,3590.78,2502504
2024-04-26,RELIANCE.NS,Energy,3719.49,3566724
2024-04-29,RELIANCE.NS,Energy,3705.29,3835504
2024-04-30,RELIANCE.NS,Energy,3799.87,3202979
2024-05-02,RELIANCE.NS,Energy,3879.88,3494540
2024-05-03,RELIANCE.NS,Energy,3870.17,2664662
2024-05-06,RELIANCE.NS,Energy,3803.38,5127118
2024-05-07,RELIANCE.NS,Energy,3821.31,7059644
2024-05-08,RELIANCE.NS,Energy,3849.13,9190661
2024-05-09,RELIANCE.NS,Energy,3914.53,4355203
2024-05-10,RELIANCE.NS,Energy,3924.82,3760024
2024-05-13,RELIANCE.NS,Energy,3946.92,3941475
2024-05-14,RELIANCE.NS,Energy,3963.87,6429558
2024-05-15,RELIANCE.NS,Energy,4010.15,6391646
2024-05-16,RELIANCE.NS,Energy,3951.57,3670333
2024-05-17,RELIANCE.NS,Energy,4023.16,6084203
2024-05-20,RELIANCE.NS,Energy,4100.76,4225150
2024-05-21,RELIANCE.NS,Energy,4147.39,3086555
2024-05-22,RELIANCE.NS,Energy,4089.03,3782445
2024-05-23,RELIANCE.NS,Energy,3945.94,7246867
2024-05-24,RELIANCE.NS,Energy,3973.37,5140148
2024-05-27,RELIANCE.NS,Energy,3958.02,3343848
2024-05-28,RELIANCE.NS,Energy,3919.32,5543104
2024-05-29,RELIANCE.NS,Energy,3879.86,5126186
2024-05-30,RELIANCE.NS,Energy,3880.08,3582297
2024-05-31,RELIANCE.NS,Energy,3872.32,3074599
2024-06-03,RELIANCE.NS,Energy,3939.95,2706192
2024-06-04,RELIANCE.NS,Energy,3794.26,2245644
2024-06-05,RELIANCE.NS,Energy,3873.21,3175604
2024-06-06,RELIANCE.NS,Energy,3878.18,3752033
2024-06-07,RELIANCE.NS,Energy,3770.57,6206175
2024-06-10,RELIANCE.NS,Energy,3910.79,5328046
2024-06-11,RELIANCE.NS,Energy,4006.75,4277065
2024-06-12,RELIANCE.NS,Energy,4103.93,2072295
2024-06-13,RELIANCE.NS,Energy,4067.64,4427494
2024-06-14,RELIANCE.NS,Energy,3998.94,2244726
2024-06-17,RELIANCE.NS,Energy,4058.74,5420069
2024-06-18,RELIANCE.NS,Energy,3998.91,5473972
2024-06-19,RELIANCE.NS,Energy,3972.77,4064556
2024-06-20,RELIANCE.NS,Energy,3940.96,5314222
2024-06-21,RELIANCE.NS,Energy,3968.0,5694278
2024-06-24,RELIANCE.NS,Energy,3979.34,4148882
2024-06-25,RELIANCE.NS,Energy,4043.42,3795357
2024-06-26,RELIANCE.NS,Energy,4097.34,2507859
2024-06-27,RELIANCE.NS,Energy,4182.25,3526184
2024-06-28,RELIANCE.NS,Energy,4137.15,2817028
2024-07-01,RELIANCE.NS,Energy,4127.44,2807120
2024-07-02,RELIANCE.NS,Energy,4105.38,3089367
2024-07-03,RELIANCE.NS,Energy,4136.62,2009631
2024-07-04,RELIANCE.NS,Energy,4281.04,5625230
2024-07-05,RELIANCE.NS,Energy,4248.37,4310871
2024-07-08,RELIANCE.NS,Energy,4281.88,5994224
2024-07-09,RELIANCE.NS,Energy,4261.73,5286592
2024-07-10,RELIANCE.NS,Energy,4245.05,4754483
2024-07-11,RELIANCE.NS,Energy,4239.92,5272307
2024-07-12,RELIANCE.NS,Energy,4229.26,4209205
2024-07-15,RELIANCE.NS,Energy,4334.79,6304492
2024-07-16,RELIANCE.NS,Energy,4392.23,3340347
2024-07-17,RELIANCE.NS,Energy,4365.63,3964745
2024-07-18,RELIANCE.NS,Energy,4371.49,3621082
2024-07-19,RELIANCE.NS,Energy,4341.3,8088617
2024-07-22,RELIANCE.NS,Energy,4369.84,3200620
2024-07-23,RELIANCE.NS,Energy,4359.65,6266398
2024-07-24,RELIANCE.NS,Energy,4270.72,2477666
2024-07-25,RELIANCE.NS,Energy,4231.14,4135407
2024-07-26,RELIANCE.NS,Energy,4176.01,3746911
2024-07-29,RELIANCE.NS,Energy,4020.66,2793186
2024-07-30,RELIANCE.NS,Energy,4121.95,3164293
2024-07-31,RELIANCE.NS,Energy,4084.39,4761501
2024-08-01,RELIANCE.NS,Energy,4146.37,3549216
2024-08-02,RELIANCE.NS,Energy,4161.53,2848170
2024-08-05,RELIANCE.NS,Energy,4185.55,5466895
2024-08-06,RELIANCE.NS,Energy,4154.14,3963287
2024-08-07,RELIANCE.NS,Energy,4150.46,4483546
2024-08-08,RELIANCE.NS,Energy,4143.12,5853865
2024-08-09,RELIANCE.NS,Energy,4176.36,6858742
2024-08-12,RELIANCE.NS,Energy,4115.49,1793849
2024-08-13,RELIANCE.NS,Energy,4142.99,3845440
2024-08-14,RELIANCE.NS,Energy,4192.81,2220134
2024-08-16,RELIANCE.NS,Energy,4090.43,10366813
2024-08-19,RELIANCE.NS,Energy,3988.23,4209114
2024-08-20,RELIANCE.NS,Energy,4008.51,5613058
2024-08-21,RELIANCE.NS,Energy,4051.5,3205930
2024-08-22,RELIANCE.NS,Energy,4019.21,3525736
2024-08-23,RELIANCE.NS,Energy,3994.42,5866564
2024-08-26,RELIANCE.NS,Energy,3978.55,4781605
2024-08-27,RELIANCE.NS,Energy,4018.42,7182836
2024-08-28,RELIANCE.NS,Energy,3931.31,2981581
2024-08-29,RELIANCE.NS,Energy,3924.24,3699404
2024-08-30,RELIANCE.NS,Energy,3906.65,4778313
2024-09-02,RELIANCE.NS,Energy,3882.68,5040370
2024-09-03,RELIANCE.NS,Energy,3988.71,4623891
2024-09-04,RELIANCE.NS,Energy,4010.16,2512799
2024-09-05,RELIANCE.NS,Energy,3979.14,2870728
2024-09-06,RELIANCE.NS,Energy,3884.73,4499896
2024-09-09,RELIANCE.NS,Energy,4002.38,2326405
2024-09-10,RELIANCE.NS,Energy,4034.74,2928171
2024-09-11,RELIANCE.NS,Energy,4073.81,4045285
2024-09-12,RELIANCE.NS,Energy,4170.77,3043039
2024-09-13,RELIANCE.NS,Energy,4264.29,4326410
2024-09-16,RELIANCE.NS,Energy,4263.29,3869505
2024-09-17,RELIANCE.NS,Energy,4253.81,3030203
2024-09-18,RELIANCE.NS,Energy,4326.71,3055415
2024-09-19,RELIANCE.NS,Energy,4454.34,6244811
2024-09-20,RELIANCE.NS,Energy,4433.52,4567349
2024-09-23,RELIANCE.NS,Energy,4469.77,4353818
2024-09-24,RELIANCE.NS,Energy,4512.55,4070194
2024-09-25,RELIANCE.NS,Energy,4495.44,2906328
2024-09-26,RELIANCE.NS,Energy,4450.72,3277103
2024-09-27,RELIANCE.NS,Energy,4449.81,1723292
2024-09-30,RELIANCE.NS,Energy,4538.03,3195398
2024-10-01,RELIANCE.NS,Energy,4558.11,3214289
2024-10-03,RELIANCE.NS,Energy,4562.94,4837990
2024-10-04,RELIANCE.NS,Energy,4658.99,3232942
2024-10-07,RELIANCE.NS,Energy,4692.89,5256962
2024-10-08,RELIANCE.NS,Energy,4714.16,3645828
2024-10-09,RELIANCE.NS,Energy,4677.19,4205853
2024-10-10,RELIANCE.NS,Energy,4747.34,3949444
2024-10-11,RELIANCE.NS,Energy,4717.72,5100891
2024-10-14,RELIANCE.NS,Energy,4858.89,6090087
2024-10-15,RELIANCE.NS,Energy,4829.87,2826491
2024-10-16,RELIANCE.NS,Energy,4924.56,7391200
2024-10-17,RELIANCE.NS,Energy,4936.06,2958315
2024-10-18,RELIANCE.NS,Energy,5016.94,3743411
2024-10-21,RELIANCE.NS,Energy,5104.86,3317994
2024-10-22,RELIANCE.NS,Energy,4989.16,6767985
2024-10-23,RELIANCE.NS,Energy,4954.69,2754359
2024-10-24,RELIANCE.NS,Energy,4993.6,5132686
2024-10-25,RELIANCE.NS,Energy,5117.49,1843307
2024-10-28,RELIANCE.NS,Energy,5208.16,5308630
2024-10-29,RELIANCE.NS,Energy,5108.92,3734214
2024-10-30,RELIANCE.NS,Energy,4995.88,3502294
2024-10-31,RELIANCE.NS,Energy,4925.34,3134256
2024-11-04,RELIANCE.NS,Energy,4951.96,3900794
2024-11-05,RELIANCE.NS,Energy,5003.85,3526313
2024-11-06,RELIANCE.NS,Energy,4887.3,2369490
2024-11-07,RELIANCE.NS,Energy,5039.65,3033704
2024-11-08,RELIANCE.NS,Energy,5030.26,5280040
2024-11-11,RELIANCE.NS,Energy,5024.52,3467924
2024-11-12,RELIANCE.NS,Energy,5086.69,3027644
2024-11-13,RELIANCE.NS,Energy,4994.96,4058303
2024-11-14,RELIANCE.NS,Energy,5018.82,4737452
2024-11-15,RELIANCE.NS,Energy,5083.49,5013021
2024-11-18,RELIANCE.NS,Energy,5049.7,4494040
2024-11-19,RELIANCE.NS,Energy,5115.57,6095950
2024-11-20,RELIANCE.NS,Energy,5041.27,4062099
2024-11-21,RELIANCE.NS,Energy,5096.26,3676103
2024-11-22,RELIANCE.NS,Energy,5101.62,5420546
2024-11-25,RELIANCE.NS,Energy,5065.89,3115862
2024-11-26,RELIANCE.NS,Energy,4947.37,3466093
2024-11-27,RELIANCE.NS,Energy,4912.61,2286242
2024-11-28,RELIANCE.NS,Energy,4772.0,7533419
2024-11-29,RELIANCE.NS,Energy,4763.12,8284433
2024-12-02,RELIANCE.NS,Energy,4747.17,3755538
2024-12-03,RELIANCE.NS,Energy,4709.56,5215850
2024-12-04,RELIANCE.NS,Energy,4571.1,5100476
2024-12-05,RELIANCE.NS,Energy,4647.76,4266438
2024-12-06,RELIANCE.NS,Energy,4586.88,6109884
2024-12-09,RELIANCE.NS,Energy,4565.47,2564594
2024-12-10,RELIANCE.NS,Energy,4750.79,3742649
2024-12-11,RELIANCE.NS,Energy,4747.11,1923387
2024-12-12,RELIANCE.NS,Energy,4766.27,2802824
2024-12-13,RELIANCE.NS,Energy,4855.49,2260306
2024-12-16,RELIANCE.NS,Energy,4875.94,2098557
2024-12-17,RELIANCE.NS,Energy,4919.84,3357172
2024-12-18,RELIANCE.NS,Energy,4934.45,4536696
2024-12-19,RELIANCE.NS,Energy,4883.62,3163415
2024-12-20,RELIANCE.NS,Energy,5010.49,3299284
2024-12-23,RELIANCE.NS,Energy,5000.58,3087421
2024-12-24,RELIANCE.NS,Energy,5064.45,4193888
2024-12-26,RELIANCE.NS,Energy,5197.71,3231372
2024-12-27,RELIANCE.NS,Energy,5202.03,2807219
2024-12-30,RELIANCE.NS,Energy,5052.29,5533400
2024-12-31,RELIANCE.NS,Energy,5097.46,2942248
2025-01-01,RELIANCE.NS,Energy,4986.37,2558315
2025-01-02,RELIANCE.NS,Energy,5073.9,5173034
2025-01-03,RELIANCE.NS,Energy,5176.12,2214799
2025-01-06,RELIANCE.NS,Energy,5250.01,6139615
2025-01-07,RELIANCE.NS,Energy,5296.16,2788178
2025-01-08,RELIANCE.NS,Energy,5321.85,4106406
2025-01-09,RELIANCE.NS,Energy,5330.84,2819007
2025-01-10,RELIANCE.NS,Energy,5190.61,4010922
2025-01-13,RELIANCE.NS,Energy,5065.85,3327226
2025-01-14,RELIANCE.NS,Energy,5168.36,2830935
2025-01-15,RELIANCE.NS,Energy,5190.6,2277827
2025-01-16,RELIANCE.NS,Energy,5283.56,3304289
2025-01-17,RELIANCE.NS,Energy,5528.97,4715037
2025-01-20,RELIANCE.NS,Energy,5585.73,5055707
2025-01-21,RELIANCE.NS,Energy,5596.42,3104895
2025-01-22,RELIANCE.NS,Energy,5598.75,3107474
2025-01-23,RELIANCE.NS,Energy,5587.19,3756451
2025-01-24,RELIANCE.NS,Energy,5615.17,3994712
2025-01-27,RELIANCE.NS,Energy,5610.11,3988229
2025-01-28,RELIANCE.NS,Energy,5626.28,3430238
2025-01-29,RELIANCE.NS,Energy,5636.16,3513285
2025-01-30,RELIANCE.NS,Energy,5792.12,3610874
2025-01-31,RELIANCE.NS,Energy,5666.82,1714597
2025-02-03,RELIANCE.NS,Energy,5652.59,3464369
2025-02-04,RELIANCE.NS,Energy,5685.29,5250038
2025-02-05,RELIANCE.NS,Energy,5795.96,6502105
2025-02-06,RELIANCE.NS,Energy,5867.12,6026941
2025-02-07,RELIANCE.NS,Energy,5981.53,4120677
2025-02-10,RELIANCE.NS,Energy,6069.46,2633679
2025-02-11,RELIANCE.NS,Energy,6060.48,3296293
2025-02-12,RELIANCE.NS,Energy,6181.11,3058269
2025-02-13,RELIANCE.NS,Energy,6214.71,2438356
2025-02-14,RELIANCE.NS,Energy,6107.78,2871292
2025-02-17,RELIANCE.NS,Energy,6057.91,3093744
2025-02-18,RELIANCE.NS,Energy,6099.8,2450573
2025-02-19,RELIANCE.NS,Energy,6087.81,5534283
2025-02-20,RELIANCE.NS,Energy,5854.12,4941489
2025-02-21,RELIANCE.NS,Energy,5871.5,3924628
2025-02-24,RELIANCE.NS,Energy,5867.08,4563464
2025-02-25,RELIANCE.NS,Energy,5885.19,4444003
2025-02-26,RELIANCE.NS,Energy,5805.12,3088755
2025-02-27,RELIANCE.NS,Energy,5819.48,7494061
2025-02-28,RELIANCE.NS,Energy,5931.76,3050993
2025-03-03,RELIANCE.NS,Energy,6055.73,2227075
2025-03-04,RELIANCE.NS,Energy,6197.0,4224691
2025-03-05,RELIANCE.NS,Energy,6184.36,4864578
2025-03-06,RELIANCE.NS,Energy,6294.04,3592428
2025-03-07,RELIANCE.NS,Energy,6379.26,6172662
2025-03-10,RELIANCE.NS,Energy,6204.12,4253359
2025-03-11,RELIANCE.NS,Energy,6278.03,2995972
2025-03-12,RELIANCE.NS,Energy,6184.99,3243572
2025-03-13,RELIANCE.NS,Energy,6055.95,4205992
2025-03-14,RELIANCE.NS,Energy,6003.23,4106893
2025-03-17,RELIANCE.NS,Energy,6043.43,6105506
2025-03-18,RELIANCE.NS,Energy,6140.4,5347701
2025-03-19,RELIANCE.NS,Energy,5906.56,2306677
2025-03-20,RELIANCE.NS,Energy,5878.64,3763825
2025-03-21,RELIANCE.NS,Energy,6099.28,2584357
2025-03-24,RELIANCE.NS,Energy,6180.17,6652530
2025-03-25,RELIANCE.NS,Energy,6008.39,2839898
2025-03-26,RELIANCE.NS,Energy,6172.86,4285428
2025-03-27,RELIANCE.NS,Energy,6235.53,3127539
2025-03-28,RELIANCE.NS,Energy,6027.72,1997694
2025-03-31,RELIANCE.NS,Energy,5937.29,2573140
2025-04-01,RELIANCE.NS,Energy,6119.8,3659027
2025-04-02,RELIANCE.NS,Energy,6112.39,4871923
2025-04-03,RELIANCE.NS,Energy,6216.35,4808263
2025-04-04,RELIANCE.NS,Energy,6204.19,2506112
2025-04-07,RELIANCE.NS,Energy,6217.09,4455523
2025-04-08,RELIANCE.NS,Energy,6208.21,5567330
2025-04-09,RELIANCE.NS,Energy,6181.72,4777584
2025-04-10,RELIANCE.NS,Energy,6167.34,3517988
2025-04-11,RELIANCE.NS,Energy,6130.33,4060547
2025-04-15,RELIANCE.NS,Energy,5950.69,4211595
2025-04-16,RELIANCE.NS,Energy,5949.39,6510727
2025-04-17,RELIANCE.NS,Energy,5923.74,7242424
2025-04-18,RELIANCE.NS,Energy,5949.2,5003816
2025-04-21,RELIANCE.NS,Energy,5811.84,4068142
2025-04-22,RELIANCE.NS,Energy,5895.9,3949603
2025-04-23,RELIANCE.NS,Energy,5957.81,4095573
2025-04-24,RELIANCE.NS,Energy,5913.26,4290373
2025-04-25,RELIANCE.NS,Energy,6049.01,3332768
2025-04-28,RELIANCE.NS,Energy,6066.6,7951302
2025-04-29,RELIANCE.NS,Energy,5979.12,3026207
2025-04-30,RELIANCE.NS,Energy,6179.71,6283534
2025-05-02,RELIANCE.NS,Energy,6165.85,1850080
2025-05-05,RELIANCE.NS,Energy,6262.0,3625940
2025-05-06,RELIANCE.NS,Energy,6093.53,3546276
2025-05-07,RELIANCE.NS,Energy,6130.99,4325552
2025-05-08,RELIANCE.NS,Energy,6094.18,3514772
2025-05-09,RELIANCE.NS,Energy,6045.22,6485626
2025-05-12,RELIANCE.NS,Energy,6080.63,3668124
2025-05-13,RELIANCE.NS,Energy,6136.54,2784969
2025-05-14,RELIANCE.NS,Energy,5962.78,2847384
2025-05-15,RELIANCE.NS,Energy,5835.4,3383662
2025-05-16,RELIANCE.NS,Energy,5931.64,5144905
2025-05-19,RELIANCE.NS,Energy,5953.12,5481712
2025-05-20,RELIANCE.NS,Energy,5783.54,2621343
2025-05-21,RELIANCE.NS,Energy,5784.25,3017562
2025-05-22,RELIANCE.NS,Energy,5876.12,2749855
2025-05-23,RELIANCE.NS,Energy,5701.06,3613159
2025-05-26,RELIANCE.NS,Energy,5743.51,5591155
2025-05-27,RELIANCE.NS,Energy,5620.27,4239680
2025-05-28,RELIANCE.NS,Energy,5820.66,4840596
2025-05-29,RELIANCE.NS,Energy,5914.86,5185670
2025-05-30,RELIANCE.NS,Energy,5772.05,3251512
2025-06-02,RELIANCE.NS,Energy,5785.1,2550165
2025-06-03,RELIANCE.NS,Energy,5836.07,3250829
2025-06-04,RELIANCE.NS,Energy,5691.48,5322624
2025-06-05,RELIANCE.NS,Energy,5772.96,4930765
2025-06-06,RELIANCE.NS,Energy,5744.6,4104879
2025-06-09,RELIANCE.NS,Energy,5546.22,5565561
2025-06-10,RELIANCE.NS,Energy,5568.95,4201594
2025-06-11,RELIANCE.NS,Energy,5566.92,3554958
2025-06-12,RELIANCE.NS,Energy,5706.12,2305755
2025-06-13,RELIANCE.NS,Energy,5621.17,6230444
2025-06-16,RELIANCE.NS,Energy,5561.09,3860766
2025-06-17,RELIANCE.NS,Energy,5459.03,3409271
2025-06-18,RELIANCE.NS,Energy,5519.35,3851856
2025-06-19,RELIANCE.NS,Energy,5536.6,6746681
2025-06-20,RELIANCE.NS,Energy,5648.68,5651473
2025-06-23,RELIANCE.NS,Energy,5689.73,3520094
2025-06-24,RELIANCE.NS,Energy,5511.06,4706306
2025-06-25,RELIANCE.NS,Energy,5619.69,6134756
2025-06-26,RELIANCE.NS,Energy,5456.21,4509062
2025-06-27,RELIANCE.NS,Energy,5517.76,4165112
2025-06-30,RELIANCE.NS,Energy,5566.63,1921075
2025-07-01,RELIANCE.NS,Energy,5629.62,6174977
2025-07-02,RELIANCE.NS,Energy,5681.56,2785920
2025-07-03,RELIANCE.NS,Energy,5711.14,2074539
2025-07-04,RELIANCE.NS,Energy,5695.91,2123328
2025-07-07,RELIANCE.NS,Energy,5632.85,2960036
2025-07-08,RELIANCE.NS,Energy,5646.11,4733086
2025-07-09,RELIANCE.NS,Energy,5752.26,5993715
2025-07-10,RELIANCE.NS,Energy,5766.94,4499963
2025-07-11,RELIANCE.NS,Energy,5829.6,7329585
2025-07-14,RELIANCE.NS,Energy,5805.46,3467345
2025-07-15,RELIANCE.NS,Energy,5763.26,3681294
2025-07-16,RELIANCE.NS,Energy,5623.05,2077413
2025-07-17,RELIANCE.NS,Energy,5554.6,3264013
2025-07-18,RELIANCE.NS,Energy,5591.51,1953807
2025-07-21,RELIANCE.NS,Energy,5568.97,2496491
2025-07-22,RELIANCE.NS,Energy,5604.97,4978021
2025-07-23,RELIANCE.NS,Energy,5612.92,2212256
2025-07-24,RELIANCE.NS,Energy,5731.83,2290160
2025-07-25,RELIANCE.NS,Energy,5680.69,2158162
2025-07-28,RELIANCE.NS,Energy,5576.58,5239459
2025-07-29,RELIANCE.NS,Energy,5659.45,7085889
2025-07-30,RELIANCE.NS,Energy,5582.57,3889702
2025-07-31,RELIANCE.NS,Energy,5456.29,5553893
2025-08-01,RELIANCE.NS,Energy,5425.41,2656651
2025-08-04,RELIANCE.NS,Energy,5579.43,6140781
2025-08-05,RELIANCE.NS,Energy,5542.88,3108065
2025-08-06,RELIANCE.NS,Energy,5482.3,5043710
2025-08-07,RELIANCE.NS,Energy,5488.94,3954924
2025-08-08,RELIANCE.NS,Energy,5583.62,2040510
2025-08-11,RELIANCE.NS,Energy,5430.86,2929066
2025-08-12,RELIANCE.NS,Energy,5329.08,4239193
2025-08-13,RELIANCE.NS,Energy,5307.68,2089891
2025-08-14,RELIANCE.NS,Energy,5192.32,4429486
2025-08-18,RELIANCE.NS,Energy,5148.73,2432194
2025-08-19,RELIANCE.NS,Energy,5254.91,4824509
2025-08-20,RELIANCE.NS,Energy,5253.51,2480053
2025-08-21,RELIANCE.NS,Energy,5402.14,4662740
2025-08-22,RELIANCE.NS,Energy,5495.77,5313773
2025-08-25,RELIANCE.NS,Energy,5349.49,3764693
2025-08-26,RELIANCE.NS,Energy,5208.51,3882363
2025-08-27,RELIANCE.NS,Energy,5133.3,6715575
2025-08-28,RELIANCE.NS,Energy,5120.62,3035466
2025-08-29,RELIANCE.NS,Energy,5143.92,3311840
2025-09-01,RELIANCE.NS,Energy,5108.04,4996402
2025-09-02,RELIANCE.NS,Energy,5159.11,4628812
2025-09-03,RELIANCE.NS,Energy,5227.25,3667459
2025-09-04,RELIANCE.NS,Energy,5349.86,2609686
2025-09-05,RELIANCE.NS,Energy,5415.72,5613974
2025-09-08,RELIANCE.NS,Energy,5439.1,2588604
2025-09-09,RELIANCE.NS,Energy,5572.61,8862790
2025-09-10,RELIANCE.NS,Energy,5751.4,2627550
2025-09-11,RELIANCE.NS,Energy,5828.86,2711916
2025-09-12,RELIANCE.NS,Energy,5817.62,4500100
2025-09-15,RELIANCE.NS,Energy,5867.74,4838871
2025-09-16,RELIANCE.NS,Energy,6024.18,2839428
2025-09-17,RELIANCE.NS,Energy,6016.37,7219887
2025-09-18,RELIANCE.NS,Energy,6118.06,4481218
2025-09-19,RELIANCE.NS,Energy,6105.17,3660948
2025-09-22,RELIANCE.NS,Energy,6321.98,4570354
2025-09-23,RELIANCE.NS,Energy,6303.45,6099618
2025-09-24,RELIANCE.NS,Energy,6159.6,7012678
2025-09-25,RELIANCE.NS,Energy,6132.92,4271613
2025-09-26,RELIANCE.NS,Energy,6119.15,2556299
2025-09-29,RELIANCE.NS,Energy,6040.37,2570281
2025-09-30,RELIANCE.NS,Energy,6021.38,2433344
2025-10-01,RELIANCE.NS,Energy,6108.22,3188702
2025-10-03,RELIANCE.NS,Energy,6025.14,4045943
2025-10-06,RELIANCE.NS,Energy,6172.85,4303237
2025-10-07,RELIANCE.NS,Energy,6126.57,5922885
2025-10-08,RELIANCE.NS,Energy,6223.93,1932510
2025-10-09,RELIANCE.NS,Energy,6211.45,3977778
2025-10-10,RELIANCE.NS,Energy,6280.41,4691597
2025-10-13,RELIANCE.NS,Energy,6328.29,1494348
2025-10-14,RELIANCE.NS,Energy,6340.6,4679688
2025-10-15,RELIANCE.NS,Energy,6409.97,10381427
2025-10-16,RELIANCE.NS,Energy,6571.68,5233948
2025-10-17,RELIANCE.NS,Energy,6631.44,4447086
2025-10-20,RELIANCE.NS,Energy,6640.76,3628173
2025-10-22,RELIANCE.NS,Energy,6626.47,4331727
2025-10-23,RELIANCE.NS,Energy,6587.88,6837932
2025-10-24,RELIANCE.NS,Energy,6691.77,3536470
2025-10-27,RELIANCE.NS,Energy,6630.96,6063225
2025-10-28,RELIANCE.NS,Energy,6656.98,4697041
2025-10-29,RELIANCE.NS,Energy,6655.61,7055418
2025-10-30,RELIANCE.NS,Energy,6640.34,5845409
2025-10-31,RELIANCE.NS,Energy,6590.17,4266643
2025-11-03,RELIANCE.NS,Energy,6580.86,4171444
2025-11-04,RELIANCE.NS,Energy,6711.4,3578144
2025-11-05,RELIANCE.NS,Energy,6550.68,5620447
2025-11-06,RELIANCE.NS,Energy,6529.55,3247599
2025-11-07,RELIANCE.NS,Energy,6547.42,4154950
2025-11-10,RELIANCE.NS,Energy,6767.04,3731436
2025-11-11,RELIANCE.NS,Energy,6750.61,2496926
2025-11-12,RELIANCE.NS,Energy,6566.56,4312994
2025-11-13,RELIANCE.NS,Energy,6653.45,2341097
2025-11-14,RELIANCE.NS,Energy,6731.54,3413091
2025-11-17,RELIANCE.NS,Energy,6738.29,5042940
2025-11-18,RELIANCE.NS,Energy,6725.94,4235945
2025-11-19,RELIANCE.NS,Energy,6884.77,4212358
2025-11-20,RELIANCE.NS,Energy,6976.72,2950098
2025-11-21,RELIANCE.NS,Energy,6838.15,5763777
2025-11-24,RELIANCE.NS,Energy,6838.52,2928047
2025-11-25,RELIANCE.NS,Energy,6965.94,5112627
2025-11-26,RELIANCE.NS,Energy,6733.04,6290810
2025-11-27,RELIANCE.NS,Energy,6613.68,2336834
2025-11-28,RELIANCE.NS,Energy,6795.94,3463297
2025-12-01,RELIANCE.NS,Energy,6697.1,3353633
2025-12-02,RELIANCE.NS,Energy,6719.29,4392951
2025-12-03,RELIANCE.NS,Energy,6728.3,2869929
2025-12-04,RELIANCE.NS,Energy,6688.68,2655395
2025-12-05,RELIANCE.NS,Energy,6900.66,3918590
2025-12-08,RELIANCE.NS,Energy,6995.74,3280828
2025-12-09,RELIANCE.NS,Energy,6953.38,3793933
2025-12-10,RELIANCE.NS,Energy,6899.16,5457188
2025-12-11,RELIANCE.NS,Energy,7036.1,2266871
2025-12-12,RELIANCE.NS,Energy,7068.92,3836916
2025-12-15,RELIANCE.NS,Energy,6972.18,3246732
2025-12-16,RELIANCE.NS,Energy,7005.24,4025990
2025-12-17,RELIANCE.NS,Energy,7044.89,3251240
2025-12-18,RELIANCE.NS,Energy,6975.03,2641707
2025-12-19,RELIANCE.NS,Energy,6882.95,4581651
2025-12-22,RELIANCE.NS,Energy,6910.35,10532776
2025-12-23,RELIANCE.NS,Energy,6666.67,3854667
2025-12-24,RELIANCE.NS,Energy,6671.52,3096714
2025-12-26,RELIANCE.NS,Energy,6724.28,3093414
2025-12-29,RELIANCE.NS,Energy,6728.3,5538029
2025-12-30,RELIANCE.NS,Energy,6636.92,2937484
2025-12-31,RELIANCE.NS,Energy,6639.65,6292508
2022-01-03,TCS.NS,IT,3382.76,2850115
2022-01-04,TCS.NS,IT,3365.33,4059798
2022-01-05,TCS.NS,IT,3368.44,6141786
2022-01-06,TCS.NS,IT,3390.37,6136851
2022-01-07,TCS.NS,IT,3442.16,3928999
2022-01-10,TCS.NS,IT,3467.56,5662410
2022-01-11,TCS.NS,IT,3524.11,3445042
2022-01-12,TCS.NS,IT,3506.17,2989908
2022-01-13,TCS.NS,IT,3450.7,2507634
2022-01-14,TCS.NS,IT,3426.2,3805514
2022-01-17,TCS.NS,IT,3504.23,3536647
2022-01-18,TCS.NS,IT,3499.53,5672804
2022-01-19,TCS.NS,IT,3470.96,4862103
2022-01-20,TCS.NS,IT,3421.53,4069296
2022-01-21,TCS.NS,IT,3476.73,4075064
2022-01-24,TCS.NS,IT,3411.59,3447968
2022-01-25,TCS.NS,IT,3405.91,2142101
2022-01-27,TCS.NS,IT,3363.46,2639652
2022-01-28,TCS.NS,IT,3367.19,5258405
2022-01-31,TCS.NS,IT,3352.79,3803894
2022-02-01,TCS.NS,IT,3364.79,2522718
2022-02-02,TCS.NS,IT,3361.41,6442799
2022-02-03,TCS.NS,IT,3426.7,7234429
2022-02-04,TCS.NS,IT,3340.93,6086471
2022-02-07,TCS.NS,IT,3397.1,4631522
2022-02-08,TCS.NS,IT,3365.59,4413464
2022-02-09,TCS.NS,IT,3413.82,3958573
2022-02-10,TCS.NS,IT,3408.8,4227846
2022-02-11,TCS.NS,IT,3410.13,4975563
2022-02-14,TCS.NS,IT,3365.47,5114552
2022-02-15,TCS.NS,IT,3339.4,4680621
2022-02-16,TCS.NS,IT,3388.37,1268130
2022-02-17,TCS.NS,IT,3290.99,5973928
2022-02-18,TCS.NS,IT,3216.5,4281538
2022-02-21,TCS.NS,IT,3235.51,2482782
2022-02-22,TCS.NS,IT,3245.7,4279349
2022-02-23,TCS.NS,IT,3184.46,4438707
2022-02-24,TCS.NS,IT,3202.3,2304134
2022-02-25,TCS.NS,IT,3251.68,3188623
2022-02-28,TCS.NS,IT,3243.18,2711300
2022-03-01,TCS.NS,IT,3208.62,2839872
2022-03-02,TCS.NS,IT,3273.81,4874996
2022-03-03,TCS.NS,IT,3282.98,3211454
2022-03-04,TCS.NS,IT,3201.78,4125293
2022-03-07,TCS.NS,IT,3178.11,5168879
2022-03-09,TCS.NS,IT,3130.67,3430230
2022-03-10,TCS.NS,IT,3095.1,5241590
2022-03-11,TCS.NS,IT,3114.48,6415939
2022-03-14,TCS.NS,IT,3126.98,5369137
2022-03-15,TCS.NS,IT,3141.54,4925642
2022-03-16,TCS.NS,IT,3089.99,5384644
2022-03-17,TCS.NS,IT,3111.64,4584688
2022-03-18,TCS.NS,IT,3048.56,5374080
2022-03-21,TCS.NS,IT,3016.75,2647666
2022-03-22,TCS.NS,IT,2994.19,3890020
2022-03-23,TCS.NS,IT,2961.86,4580175
2022-03-24,TCS.NS,IT,2916.82,3889411
2022-03-25,TCS.NS,IT,2902.81,9586202
2022-03-28,TCS.NS,IT,2907.38,3734038
2022-03-29,TCS.NS,IT,2945.02,2139578
2022-03-30,TCS.NS,IT,3007.62,4070555
2022-03-31,TCS.NS,IT,2969.66,5335581
2022-04-01,TCS.NS,IT,2994.45,2941696
2022-04-04,TCS.NS,IT,3018.43,3941830
2022-04-05,TCS.NS,IT,3015.37,3891783
2022-04-06,TCS.NS,IT,3030.07,3910367
2022-04-07,TCS.NS,IT,3091.26,3238484
2022-04-08,TCS.NS,IT,3073.95,5861574
2022-04-11,TCS.NS,IT,3032.95,8525724
2022-04-12,TCS.NS,IT,2978.35,2976236
2022-04-13,TCS.NS,IT,2975.03,2527077
2022-04-15,TCS.NS,IT,3038.48,3425889
2022-04-18,TCS.NS,IT,3086.02,6533524
2022-04-19,TCS.NS,IT,3136.58,3648017
2022-04-20,TCS.NS,IT,3186.04,4538856
2022-04-21,TCS.NS,IT,3119.47,2901351
2022-04-22,TCS.NS,IT,3109.82,7454532
2022-04-25,TCS.NS,IT,3094.54,3600605
2022-04-26,TCS.NS,IT,3081.5,4356994
2022-04-27,TCS.NS,IT,3109.29,3021949
2022-04-28,TCS.NS,IT,3131.93,2921875
2022-04-29,TCS.NS,IT,3173.89,3987728
2022-05-02,TCS.NS,IT,3095.68,4140906
2022-05-03,TCS.NS,IT,3026.6,5400336
2022-05-04,TCS.NS,IT,2935.46,2211747
2022-05-05,TCS.NS,IT,2917.11,2862381
2022-05-06,TCS.NS,IT,2929.67,3139163
2022-05-09,TCS.NS,IT,2944.55,4164205
2022-05-10,TCS.NS,IT,3019.51,2688942
2022-05-11,TCS.NS,IT,3039.29,3861625
2022-05-12,TCS.NS,IT,3007.72,3187368
2022-05-13,TCS.NS,IT,2986.98,3807769
2022-05-16,TCS.NS,IT,2979.71,3044562
2022-05-17,TCS.NS,IT,3038.25,2802298
2022-05-18,TCS.NS,IT,3077.58,4411725
2022-05-19,TCS.NS,IT,3050.2,5894578
2022-05-20,TCS.NS,IT,3023.49,5307861
2022-05-23,TCS.NS,IT,2986.34,5893990
2022-05-24,TCS.NS,IT,3039.98,6141080
2022-05-25,TCS.NS,IT,3049.19,3774591
2022-05-26,TCS.NS,IT,2991.75,7685305
2022-05-27,TCS.NS,IT,2926.68,5202465
2022-05-30,TCS.NS,IT,2919.73,2863475
2022-05-31,TCS.NS,IT,2883.46,3159633
2022-06-01,TCS.NS,IT,2864.07,4209323
2022-06-02,TCS.NS,IT,2853.02,5434005
2022-06-03,TCS.NS,IT,2784.19,3685443
2022-06-06,TCS.NS,IT,2749.81,2842293
2022-06-07,TCS.NS,IT,2766.63,5265405
2022-06-08,TCS.NS,IT,2745.91,2700889
2022-06-09,TCS.NS,IT,2738.38,4440866
2022-06-10,TCS.NS,IT,2706.13,4053543
2022-06-13,TCS.NS,IT,2662.32,2495853
2022-06-14,TCS.NS,IT,2604.47,7437559
2022-06-15,TCS.NS,IT,2553.8,4016235
2022-06-16,TCS.NS,IT,2478.28,2636360
2022-06-17,TCS.NS,IT,2547.64,4061213
2022-06-20,TCS.NS,IT,2567.88,2179176
2022-06-21,TCS.NS,IT,2607.4,4530675
2022-06-22,TCS.NS,IT,2584.45,5397154
2022-06-23,TCS.NS,IT,2540.82,10279472
2022-06-24,TCS.NS,IT,2516.13,4131910
2022-06-27,TCS.NS,IT,2495.44,3170424
2022-06-28,TCS.NS,IT,2450.13,4292364
2022-06-29,TCS.NS,IT,2369.59,6610184
2022-06-30,TCS.NS,IT,2345.56,4757900
2022-07-01,TCS.NS,IT,2402.57,5343747
2022-07-04,TCS.NS,IT,2392.0,5209630
2022-07-05,TCS.NS,IT,2392.83,4766944
2022-07-06,TCS.NS,IT,2336.67,2444510
2022-07-07,TCS.NS,IT,2332.48,2398352
2022-07-08,TCS.NS,IT,2370.88,2297289
2022-07-11,TCS.NS,IT,2394.03,2625752
2022-07-12,TCS.NS,IT,2322.07,2733715
2022-07-13,TCS.NS,IT,2306.99,7655259
2022-07-14,TCS.NS,IT,2267.24,3117684
2022-07-15,TCS.NS,IT,2320.33,4134806
2022-07-18,TCS.NS,IT,2311.27,3666094
2022-07-19,TCS.NS,IT,2248.04,4272569
2022-07-20,TCS.NS,IT,2274.54,4091909
2022-07-21,TCS.NS,IT,2255.17,2572552
2022-07-22,TCS.NS,IT,2186.38,4921922
2022-07-25,TCS.NS,IT,2197.6,3147316
2022-07-26,TCS.NS,IT,2188.59,3110579
2022-07-27,TCS.NS,IT,2173.71,3586676
2022-07-28,TCS.NS,IT,2206.44,5299579
2022-07-29,TCS.NS,IT,2186.9,3208788
2022-08-01,TCS.NS,IT,2211.55,4123131
2022-08-02,TCS.NS,IT,2180.78,4597377
2022-08-03,TCS.NS,IT,2139.93,4368326
2022-08-04,TCS.NS,IT,2199.78,4285407
2022-08-05,TCS.NS,IT,2199.27,2443029
2022-08-08,TCS.NS,IT,2198.81,4174078
2022-08-09,TCS.NS,IT,2200.53,2898917
2022-08-10,TCS.NS,IT,2169.77,2156525
2022-08-11,TCS.NS,IT,2182.85,3395876
2022-08-12,TCS.NS,IT,2224.68,3329735
2022-08-16,TCS.NS,IT,2190.68,11252127
2022-08-17,TCS.NS,IT,2221.24,5619031
2022-08-18,TCS.NS,IT,2220.56,5254028
2022-08-19,TCS.NS,IT,2189.9,3461784
2022-08-22,TCS.NS,IT,2142.42,3742100
2022-08-23,TCS.NS,IT,2167.52,9821150
2022-08-24,TCS.NS,IT,2182.32,3196044
2022-08-25,TCS.NS,IT,2205.12,4365413
2022-08-26,TCS.NS,IT,2193.25,7606064
2022-08-29,TCS.NS,IT,2175.21,3099366
2022-08-30,TCS.NS,IT,2159.27,4207699
2022-08-31,TCS.NS,IT,2142.25,3967507
2022-09-01,TCS.NS,IT,2181.95,2925353
2022-09-02,TCS.NS,IT,2232.24,5236863
2022-09-05,TCS.NS,IT,2286.99,2702365
2022-09-06,TCS.NS,IT,2259.3,5238531
2022-09-07,TCS.NS,IT,2256.27,4640542
2022-09-08,TCS.NS,IT,2271.02,5467209
2022-09-09,TCS.NS,IT,2266.59,3730411
2022-09-12,TCS.NS,IT,2270.49,4575874
2022-09-13,TCS.NS,IT,2236.15,5718191
2022-09-14,TCS.NS,IT,2203.65,2438475
2022-09-15,TCS.NS,IT,2175.38,2615696
2022-09-16,TCS.NS,IT,2234.6,4894456
2022-09-19,TCS.NS,IT,2302.76,5325645
2022-09-20,TCS.NS,IT,2281.62,4186713
2022-09-21,TCS.NS,IT,2255.71,5509500
2022-09-22,TCS.NS,IT,2230.42,3517388
2022-09-23,TCS.NS,IT,2167.01,6221359
2022-09-26,TCS.NS,IT,2170.72,3892578
2022-09-27,TCS.NS,IT,2124.02,3040228
2022-09-28,TCS.NS,IT,2093.9,6574468
2022-09-29,TCS.NS,IT,2063.48,5332890
2022-09-30,TCS.NS,IT,2080.9,3410596
2022-10-03,TCS.NS,IT,2095.41,3434577
2022-10-04,TCS.NS,IT,2068.75,4927325
2022-10-05,TCS.NS,IT,2084.34,2813128
2022-10-06,TCS.NS,IT,2062.14,4466810
2022-10-07,TCS.NS,IT,2078.54,3763825
2022-10-10,TCS.NS,IT,2097.33,4304478
2022-10-11,TCS.NS,IT,2125.22,1968019
2022-10-12,TCS.NS,IT,2081.14,2906734
2022-10-13,TCS.NS,IT,2096.96,4363497
2022-10-14,TCS.NS,IT,2068.19,5771344
2022-10-17,TCS.NS,IT,2084.94,3813646
2022-10-18,TCS.NS,IT,2081.91,5141700
2022-10-19,TCS.NS,IT,2115.2,2377241
2022-10-20,TCS.NS,IT,2132.74,3412623
2022-10-21,TCS.NS,IT,2155.95,4403673
2022-10-25,TCS.NS,IT,2150.39,3906576
2022-10-26,TCS.NS,IT,2185.48,5214303
2022-10-27,TCS.NS,IT,2151.61,3649478
2022-10-28,TCS.NS,IT,2206.06,3661955
2022-10-31,TCS.NS,IT,2190.21,5019143
2022-11-01,TCS.NS,IT,2204.19,3308193
2022-11-02,TCS.NS,IT,2231.25,2906088
2022-11-03,TCS.NS,IT,2267.34,4698240
2022-11-04,TCS.NS,IT,2268.43,2849640
2022-11-07,TCS.NS,IT,2268.01,6559920
2022-11-08,TCS.NS,IT,2260.55,2095427
2022-11-09,TCS.NS,IT,2240.55,3597003
2022-11-10,TCS.NS,IT,2262.5,7055510
2022-11-11,TCS.NS,IT,2151.54,7972777
2022-11-14,TCS.NS,IT,2135.87,3867285
2022-11-15,TCS.NS,IT,2138.26,5876021
2022-11-16,TCS.NS,IT,2165.73,5237163
2022-11-17,TCS.NS,IT,2200.24,3361712
2022-11-18,TCS.NS,IT,2183.33,4702112
2022-11-21,TCS.NS,IT,2141.41,2953332
2022-11-22,TCS.NS,IT,2149.98,2311234
2022-11-23,TCS.NS,IT,2205.67,4763500
2022-11-24,TCS.NS,IT,2217.73,4862690
2022-11-25,TCS.NS,IT,2233.7,2636819
2022-11-28,TCS.NS,IT,2283.36,3798220
2022-11-29,TCS.NS,IT,2293.0,2636230
2022-11-30,TCS.NS,IT,2265.83,3397461
2022-12-01,TCS.NS,IT,2312.97,3427134
2022-12-02,TCS.NS,IT,2328.39,5174749
2022-12-05,TCS.NS,IT,2309.65,3351666
2022-12-06,TCS.NS,IT,2331.78,2567319
2022-12-07,TCS.NS,IT,2333.23,7279006
2022-12-08,TCS.NS,IT,2350.01,4747922
2022-12-09,TCS.NS,IT,2366.79,5463549
2022-12-12,TCS.NS,IT,2461.78,4939955
2022-12-13,TCS.NS,IT,2472.12,5550322
2022-12-14,TCS.NS,IT,2503.41,4651923
2022-12-15,TCS.NS,IT,2508.98,4698690
2022-12-16,TCS.NS,IT,2540.41,4174742
2022-12-19,TCS.NS,IT,2531.2,3423979
2022-12-20,TCS.NS,IT,2525.48,5445689
2022-12-21,TCS.NS,IT,2514.25,3639616
2022-12-22,TCS.NS,IT,2555.04,4160755
2022-12-23,TCS.NS,IT,2562.16,4544954
2022-12-26,TCS.NS,IT,2571.58,4681320
2022-12-27,TCS.NS,IT,2566.98,2799578
2022-12-28,TCS.NS,IT,2537.33,4284092
2022-12-29,TCS.NS,IT,2522.05,2793264
2022-12-30,TCS.NS,IT,2521.97,4250322
2023-01-02,TCS.NS,IT,2502.29,5245718
2023-01-03,TCS.NS,IT,2525.24,7496537
2023-01-04,TCS.NS,IT,2510.42,4887502
2023-01-05,TCS.NS,IT,2535.48,5402566
2023-01-06,TCS.NS,IT,2513.45,2728564
2023-01-09,TCS.NS,IT,2437.48,4820365
2023-01-10,TCS.NS,IT,2454.29,2702254
2023-01-11,TCS.NS,IT,2408.85,6082068
2023-01-12,TCS.NS,IT,2391.28,2749200
2023-01-13,TCS.NS,IT,2390.6,2836274
2023-01-16,TCS.NS,IT,2368.33,5199933
2023-01-17,TCS.NS,IT,2422.07,7187973
2023-01-18,TCS.NS,IT,2453.61,5781927
2023-01-19,TCS.NS,IT,2432.23,3527524
2023-01-20,TCS.NS,IT,2488.51,2824177
2023-01-23,TCS.NS,IT,2438.25,3437499
2023-01-24,TCS.NS,IT,2432.46,4172402
2023-01-25,TCS.NS,IT,2433.05,3886078
2023-01-27,TCS.NS,IT,2397.85,2785378
2023-01-30,TCS.NS,IT,2403.62,6262923
2023-01-31,TCS.NS,IT,2408.79,6310804
2023-02-01,TCS.NS,IT,2430.06,7723148
2023-02-02,TCS.NS,IT,2483.96,2232946
2023-02-03,TCS.NS,IT,2544.91,3008583
2023-02-06,TCS.NS,IT,2567.33,4359189
2023-02-07,TCS.NS,IT,2524.11,3999551
2023-02-08,TCS.NS,IT,2527.65,3411473
2023-02-09,TCS.NS,IT,2518.33,2958912
2023-02-10,TCS.NS,IT,2540.34,2815910
2023-02-13,TCS.NS,IT,2500.94,8114419
2023-02-14,TCS.NS,IT,2531.5,2423088
2023-02-15,TCS.NS,IT,2477.03,2314886
2023-02-16,TCS.NS,IT,2498.38,2634314
2023-02-17,TCS.NS,IT,2504.08,4270632
2023-02-20,TCS.NS,IT,2466.53,3628892
2023-02-21,TCS.NS,IT,2410.9,4614758
2023-02-22,TCS.NS,IT,2390.87,3117878
2023-02-23,TCS.NS,IT,2388.89,4117787
2023-02-24,TCS.NS,IT,2347.94,4113013
2023-02-27,TCS.NS,IT,2354.84,6928628
2023-02-28,TCS.NS,IT,2353.14,7442017
2023-03-01,TCS.NS,IT,2393.37,3787319
2023-03-02,TCS.NS,IT,2378.4,5385534
2023-03-03,TCS.NS,IT,2395.61,4226263
2023-03-06,TCS.NS,IT,2368.21,5229179
2023-03-07,TCS.NS,IT,2355.28,4568523
2023-03-09,TCS.NS,IT,2389.62,5165819
2023-03-10,TCS.NS,IT,2422.16,5382024
2023-03-13,TCS.NS,IT,2459.17,4632473
2023-03-14,TCS.NS,IT,2469.69,4188580
2023-03-15,TCS.NS,IT,2490.8,5751591
2023-03-16,TCS.NS,IT,2537.0,3808985
2023-03-17,TCS.NS,IT,2546.04,3263679
2023-03-20,TCS.NS,IT,2583.24,2317570
2023-03-21,TCS.NS,IT,2559.01,4633648
2023-03-22,TCS.NS,IT,2615.75,5087544
2023-03-23,TCS.NS,IT,2645.3,2183919
2023-03-24,TCS.NS,IT,2633.89,3220921
2023-03-27,TCS.NS,IT,2651.7,5193158
2023-03-28,TCS.NS,IT,2666.79,3796968
2023-03-29,TCS.NS,IT,2635.07,4070747
2023-03-30,TCS.NS,IT,2681.14,5495416
2023-03-31,TCS.NS,IT,2680.48,3844506
2023-04-03,TCS.NS,IT,2681.37,4567633
2023-04-04,TCS.NS,IT,2721.69,2735107
2023-04-05,TCS.NS,IT,2679.69,4515570
2023-04-06,TCS.NS,IT,2699.84,2499011
2023-04-07,TCS.NS,IT,2705.92,2536092
2023-04-10,TCS.NS,IT,2714.46,3347748
2023-04-11,TCS.NS,IT,2646.6,4838378
2023-04-12,TCS.NS,IT,2629.07,4066804
2023-04-13,TCS.NS,IT,2705.08,3029040
2023-04-17,TCS.NS,IT,2769.15,5428205
2023-04-18,TCS.NS,IT,2786.58,4464031
2023-04-19,TCS.NS,IT,2809.07,5756092
2023-04-20,TCS.NS,IT,2819.09,2923350
2023-04-21,TCS.NS,IT,2835.55,6596176
2023-04-24,TCS.NS,IT,2807.1,6945969
2023-04-25,TCS.NS,IT,2775.61,5493469
2023-04-26,TCS.NS,IT,2756.45,4736242
2023-04-27,TCS.NS,IT,2773.38,4750462
2023-04-28,TCS.NS,IT,2787.88,4482687
2023-05-02,TCS.NS,IT,2803.4,2469174
2023-05-03,TCS.NS,IT,2835.6,3238012
2023-05-04,TCS.NS,IT,2802.55,3850017
2023-05-05,TCS.NS,IT,2808.43,2783908
2023-05-08,TCS.NS,IT,2817.12,6597511
2023-05-09,TCS.NS,IT,2836.58,4756978
2023-05-10,TCS.NS,IT,2811.6,7450724
2023-05-11,TCS.NS,IT,2847.03,5264775
2023-05-12,TCS.NS,IT,2798.66,2448902
2023-05-15,TCS.NS,IT,2760.68,6308709
2023-05-16,TCS.NS,IT,2783.31,3410165
2023-05-17,TCS.NS,IT,2753.4,6437085
2023-05-18,TCS.NS,IT,2788.87,6768771
2023-05-19,TCS.NS,IT,2788.28,6408218
2023-05-22,TCS.NS,IT,2781.08,5813472
2023-05-23,TCS.NS,IT,2739.73,4646778
2023-05-24,TCS.NS,IT,2751.87,3978386
2023-05-25,TCS.NS,IT,2757.32,7723549
2023-05-26,TCS.NS,IT,2777.76,4392167
2023-05-29,TCS.NS,IT,2768.9,3489091
2023-05-30,TCS.NS,IT,2794.37,4660670
2023-05-31,TCS.NS,IT,2858.46,5969007
2023-06-01,TCS.NS,IT,2887.23,5892576
2023-06-02,TCS.NS,IT,2897.71,2730144
2023-06-05,TCS.NS,IT,2927.74,5827552
2023-06-06,TCS.NS,IT,2925.2,5082268
2023-06-07,TCS.NS,IT,2916.39,3538048
2023-06-08,TCS.NS,IT,2950.05,2991984
2023-06-09,TCS.NS,IT,2980.7,6586485
2023-06-12,TCS.NS,IT,2952.5,6818107
2023-06-13,TCS.NS,IT,2993.38,6916497
2023-06-14,TCS.NS,IT,2959.18,2526202
2023-06-15,TCS.NS,IT,3048.88,3710340
2023-06-16,TCS.NS,IT,3098.57,4073185
2023-06-19,TCS.NS,IT,3049.27,6755499
2023-06-20,TCS.NS,IT,3048.64,5297024
2023-06-21,TCS.NS,IT,3081.66,3691913
2023-06-22,TCS.NS,IT,3055.2,4225707
2023-06-23,TCS.NS,IT,3037.31,5125959
2023-06-26,TCS.NS,IT,3073.54,5187120
2023-06-27,TCS.NS,IT,3036.3,7189854
2023-06-28,TCS.NS,IT,3041.68,6647710
2023-06-29,TCS.NS,IT,2998.75,6177806
2023-06-30,TCS.NS,IT,3025.86,3055728
2023-07-03,TCS.NS,IT,3048.62,3122020
2023-07-04,TCS.NS,IT,3117.28,2822795
2023-07-05,TCS.NS,IT,3137.68,4630173
2023-07-06,TCS.NS,IT,3196.26,3387662
2023-07-07,TCS.NS,IT,3172.57,4918377
2023-07-10,TCS.NS,IT,3157.34,5173263
2023-07-11,TCS.NS,IT,3156.73,4352477
2023-07-12,TCS.NS,IT,3239.07,5484673
2023-07-13,TCS.NS,IT,3253.25,3218758
2023-07-14,TCS.NS,IT,3305.66,2405234
2023-07-17,TCS.NS,IT,3336.34,3151647
2023-07-18,TCS.NS,IT,3281.32,5410029
2023-07-19,TCS.NS,IT,3361.43,7684761
2023-07-20,TCS.NS,IT,3349.62,6774754
2023-07-21,TCS.NS,IT,3312.24,3766045
2023-07-24,TCS.NS,IT,3349.29,5654863
2023-07-25,TCS.NS,IT,3360.11,2487219
2023-07-26,TCS.NS,IT,3361.41,6951963
2023-07-27,TCS.NS,IT,3371.71,4863129
2023-07-28,TCS.NS,IT,3299.03,5339013
2023-07-31,TCS.NS,IT,3438.69,2073816
2023-08-01,TCS.NS,IT,3466.39,4764452
2023-08-02,TCS.NS,IT,3503.16,7731599
2023-08-03,TCS.NS,IT,3482.63,4498752
2023-08-04,TCS.NS,IT,3520.48,3930804
2023-08-07,TCS.NS,IT,3492.42,3712244
2023-08-08,TCS.NS,IT,3548.07,3155233
2023-08-09,TCS.NS,IT,3544.8,4190910
2023-08-10,TCS.NS,IT,3538.01,2653405
2023-08-11,TCS.NS,IT,3564.04,4755882
2023-08-14,TCS.NS,IT,3630.51,5991518
2023-08-16,TCS.NS,IT,3562.6,3495705
2023-08-17,TCS.NS,IT,3593.96,4647089
2023-08-18,TCS.NS,IT,3574.12,3973400
2023-08-21,TCS.NS,IT,3577.04,4665568
2023-08-22,TCS.NS,IT,3515.83,5587950
2023-08-23,TCS.NS,IT,3485.91,4697898
2023-08-24,TCS.NS,IT,3475.06,5491102
2023-08-25,TCS.NS,IT,3432.44,4877414
2023-08-28,TCS.NS,IT,3409.93,5496588
2023-08-29,TCS.NS,IT,3428.32,4538936
2023-08-30,TCS.NS,IT,3407.74,4562855
2023-08-31,TCS.NS,IT,3374.47,5176288
2023-09-01,TCS.NS,IT,3397.68,3961643
2023-09-04,TCS.NS,IT,3356.79,4756227
2023-09-05,TCS.NS,IT,3331.32,2974298
2023-09-06,TCS.NS,IT,3305.01,2154517
2023-09-07,TCS.NS,IT,3312.17,4196130
2023-09-08,TCS.NS,IT,3248.18,3071607
2023-09-11,TCS.NS,IT,3219.83,7983057
2023-09-12,TCS.NS,IT,3192.31,3068488
2023-09-13,TCS.NS,IT,3172.77,5304139
2023-09-14,TCS.NS,IT,3171.67,3163972
2023-09-15,TCS.NS,IT,3059.97,4022748
2023-09-18,TCS.NS,IT,3040.57,2743255
2023-09-19,TCS.NS,IT,3030.82,2655429
2023-09-20,TCS.NS,IT,2979.92,4481363
2023-09-21,TCS.NS,IT,2960.28,3528521
2023-09-22,TCS.NS,IT,2974.59,5257646
2023-09-25,TCS.NS,IT,3037.71,6274596
2023-09-26,TCS.NS,IT,3007.41,2320439
2023-09-27,TCS.NS,IT,3042.23,5852971
2023-09-28,TCS.NS,IT,3046.4,2852030
2023-09-29,TCS.NS,IT,3025.51,3553446
2023-10-03,TCS.NS,IT,2965.9,2444484
2023-10-04,TCS.NS,IT,2950.76,2470181
2023-10-05,TCS.NS,IT,2991.9,2021159
2023-10-06,TCS.NS,IT,2976.8,3465718
2023-10-09,TCS.NS,IT,2962.18,4079276
2023-10-10,TCS.NS,IT,2990.61,3505988
2023-10-11,TCS.NS,IT,3051.4,2133503
2023-10-12,TCS.NS,IT,3070.2,2012855
2023-10-13,TCS.NS,IT,3074.54,4006948
2023-10-16,TCS.NS,IT,3086.55,5262726
2023-10-17,TCS.NS,IT,3084.2,4354523
2023-10-18,TCS.NS,IT,3084.23,7677213
2023-10-19,TCS.NS,IT,3059.39,3939871
2023-10-20,TCS.NS,IT,3099.74,4458848
2023-10-23,TCS.NS,IT,3025.73,3963531
2023-10-24,TCS.NS,IT,3034.04,3037256
2023-10-25,TCS.NS,IT,3012.45,3769738
2023-10-26,TCS.NS,IT,3027.4,5354656
2023-10-27,TCS.NS,IT,3005.74,5428367
2023-10-30,TCS.NS,IT,3071.89,4525087
2023-10-31,TCS.NS,IT,3044.84,6946816
2023-11-01,TCS.NS,IT,3093.8,4686142
2023-11-02,TCS.NS,IT,3139.32,4476553
2023-11-03,TCS.NS,IT,3288.43,6754842
2023-11-06,TCS.NS,IT,3279.24,3108775
2023-11-07,TCS.NS,IT,3275.97,6581748
2023-11-08,TCS.NS,IT,3233.21,2839444
2023-11-09,TCS.NS,IT,3184.23,3637809
2023-11-10,TCS.NS,IT,3187.37,2099594
2023-11-13,TCS.NS,IT,3105.88,4359790
2023-11-14,TCS.NS,IT,3069.41,6349982
2023-11-15,TCS.NS,IT,3102.92,2875586
2023-11-16,TCS.NS,IT,3040.62,3616490
2023-11-17,TCS.NS,IT,3030.39,3694746
2023-11-20,TCS.NS,IT,3092.76,3703241
2023-11-21,TCS.NS,IT,3105.52,2766934
2023-11-22,TCS.NS,IT,3126.19,4045544
2023-11-23,TCS.NS,IT,3140.02,6917071
2023-11-24,TCS.NS,IT,3134.66,3350727
2023-11-27,TCS.NS,IT,3113.63,4327828
2023-11-28,TCS.NS,IT,3056.27,4315712
2023-11-29,TCS.NS,IT,3098.58,3476452
2023-11-30,TCS.NS,IT,3179.83,4401220
2023-12-01,TCS.NS,IT,3208.46,3494518
2023-12-04,TCS.NS,IT,3256.84,4621226
2023-12-05,TCS.NS,IT,3309.02,3895463
2023-12-06,TCS.NS,IT,3376.71,2441158
2023-12-07,TCS.NS,IT,3360.39,2127229
2023-12-08,TCS.NS,IT,3319.4,1889299
2023-12-11,TCS.NS,IT,3341.5,3458848
2023-12-12,TCS.NS,IT,3402.15,5340014
2023-12-13,TCS.NS,IT,3429.68,3092461
2023-12-14,TCS.NS,IT,3422.75,3662230
2023-12-15,TCS.NS,IT,3365.05,3176080
2023-12-18,TCS.NS,IT,3263.16,2980969
2023-12-19,TCS.NS,IT,3290.97,8631342
2023-12-20,TCS.NS,IT,3301.96,3019725
2023-12-21,TCS.NS,IT,3278.85,2487327
2023-12-22,TCS.NS,IT,3216.04,2919048
2023-12-26,TCS.NS,IT,3271.42,4098637
2023-12-27,TCS.NS,IT,3232.89,3266684
2023-12-28,TCS.NS,IT,3339.97,4413039
2023-12-29,TCS.NS,IT,3270.4,3092211
2024-01-01,TCS.NS,IT,3250.9,3250142
2024-01-02,TCS.NS,IT,3219.07,3117138
2024-01-03,TCS.NS,IT,3215.69,3867078
2024-01-04,TCS.NS,IT,3281.18,5125516
2024-01-05,TCS.NS,IT,3304.24,5318572
2024-01-08,TCS.NS,IT,3291.59,6534694
2024-01-09,TCS.NS,IT,3235.51,2522137
2024-01-10,TCS.NS,IT,3196.56,2774691
2024-01-11,TCS.NS,IT,3146.38,2894952
2024-01-12,TCS.NS,IT,3129.45,3988118
2024-01-15,TCS.NS,IT,3060.11,2738722
2024-01-16,TCS.NS,IT,3023.78,3137158
2024-01-17,TCS.NS,IT,3029.13,5073593
2024-01-18,TCS.NS,IT,3027.03,5806728
2024-01-19,TCS.NS,IT,3016.58,5088823
2024-01-22,TCS.NS,IT,3009.18,4466796
2024-01-23,TCS.NS,IT,3027.14,3166338
2024-01-24,TCS.NS,IT,3041.34,4022616
2024-01-25,TCS.NS,IT,3076.44,5952046
2024-01-29,TCS.NS,IT,3058.57,5033089
2024-01-30,TCS.NS,IT,2998.34,5441833
2024-01-31,TCS.NS,IT,2948.82,5569013
2024-02-01,TCS.NS,IT,2929.32,3559785
2024-02-02,TCS.NS,IT,2905.24,4984327
2024-02-05,TCS.NS,IT,2891.98,3495832
2024-02-06,TCS.NS,IT,2844.4,4917489
2024-02-07,TCS.NS,IT,2828.35,6133965
2024-02-08,TCS.NS,IT,2837.92,6878006
2024-02-09,TCS.NS,IT,2792.83,4916689
2024-02-12,TCS.NS,IT,2788.61,4583020
2024-02-13,TCS.NS,IT,2809.63,6489595
2024-02-14,TCS.NS,IT,2781.72,2950251
2024-02-15,TCS.NS,IT,2755.93,6622890
2024-02-16,TCS.NS,IT,2760.3,4179691
2024-02-19,TCS.NS,IT,2710.92,4190391
2024-02-20,TCS.NS,IT,2661.55,3409860
2024-02-21,TCS.NS,IT,2715.04,2648163
2024-02-22,TCS.NS,IT,2685.85,6682833
2024-02-23,TCS.NS,IT,2682.18,4599246
2024-02-26,TCS.NS,IT,2709.85,3508813
2024-02-27,TCS.NS,IT,2781.16,4513130
2024-02-28,TCS.NS,IT,2787.14,3548965
2024-02-29,TCS.NS,IT,2760.84,2198577
2024-03-01,TCS.NS,IT,2793.66,3751509
2024-03-04,TCS.NS,IT,2777.42,2440132
2024-03-05,TCS.NS,IT,2703.83,4339388
2024-03-06,TCS.NS,IT,2702.63,6955649
2024-03-07,TCS.NS,IT,2693.44,3189995
2024-03-11,TCS.NS,IT,2660.34,5266222
2024-03-12,TCS.NS,IT,2625.41,3191596
2024-03-13,TCS.NS,IT,2661.87,3964348
2024-03-14,TCS.NS,IT,2605.97,2936456
2024-03-15,TCS.NS,IT,2609.34,4959240
2024-03-18,TCS.NS,IT,2609.51,6396529
2024-03-19,TCS.NS,IT,2617.18,4270989
2024-03-20,TCS.NS,IT,2597.9,4815924
2024-03-21,TCS.NS,IT,2577.4,4812778
2024-03-22,TCS.NS,IT,2540.44,3660080
2024-03-25,TCS.NS,IT,2558.94,6309609
2024-03-26,TCS.NS,IT,2579.79,3331096
2024-03-27,TCS.NS,IT,2596.81,2302864
2024-03-28,TCS.NS,IT,2584.13,2892155
2024-03-29,TCS.NS,IT,2596.71,4953023
2024-04-01,TCS.NS,IT,2617.61,3487067
2024-04-02,TCS.NS,IT,2621.11,4124613
2024-04-03,TCS.NS,IT,2653.62,3672961
2024-04-04,TCS.NS,IT,2694.65,4253750
2024-04-05,TCS.NS,IT,2731.28,5854220
2024-04-08,TCS.NS,IT,2756.82,6810236
2024-04-09,TCS.NS,IT,2780.43,2844031
2024-04-10,TCS.NS,IT,2739.98,5532828
2024-04-11,TCS.NS,IT,2721.94,4277379
2024-04-12,TCS.NS,IT,2711.06,2602234
2024-04-15,TCS.NS,IT,2719.5,4746817
2024-04-16,TCS.NS,IT,2651.27,7625184
2024-04-17,TCS.NS,IT,2615.74,3083803
2024-04-18,TCS.NS,IT,2607.53,3685624
2024-04-19,TCS.NS,IT,2643.89,2276002
2024-04-22,TCS.NS,IT,2621.43,3832895
2024-04-23,TCS.NS,IT,2613.42,4223041
2024-04-24,TCS.NS,IT,2576.43,7967138
2024-04-25,TCS.NS,IT,2567.32,2879116
2024-04-26,TCS.NS,IT,2594.26,5594936
2024-04-29,TCS.NS,IT,2586.85,4435873
2024-04-30,TCS.NS,IT,2570.29,8726966
2024-05-02,TCS.NS,IT,2568.43,4245319
2024-05-03,TCS.NS,IT,2534.43,3921550
2024-05-06,TCS.NS,IT,2549.22,5369868
2024-05-07,TCS.NS,IT,2511.83,4737926
2024-05-08,TCS.NS,IT,2494.73,5539906
2024-05-09,TCS.NS,IT,2490.91,4859463
2024-05-10,TCS.NS,IT,2457.82,2382322
2024-05-13,TCS.NS,IT,2452.48,4793374
2024-05-14,TCS.NS,IT,2472.02,4754502
2024-05-15,TCS.NS,IT,2544.69,3082076
2024-05-16,TCS.NS,IT,2586.16,4418684
2024-05-17,TCS.NS,IT,2616.94,2099994
2024-05-20,TCS.NS,IT,2628.87,4365992
2024-05-21,TCS.NS,IT,2645.05,5074131
2024-05-22,TCS.NS,IT,2692.02,5586290
2024-05-23,TCS.NS,IT,2643.31,5102613
2024-05-24,TCS.NS,IT,2683.69,2927962
2024-05-27,TCS.NS,IT,2689.81,2390747
2024-05-28,TCS.NS,IT,2680.29,5550610
2024-05-29,TCS.NS,IT,2759.14,4600706
2024-05-30,TCS.NS,IT,2742.6,4745042
2024-05-31,TCS.NS,IT,2781.37,7191750
2024-06-03,TCS.NS,IT,2773.54,2274954
2024-06-04,TCS.NS,IT,2721.89,7504955
2024-06-05,TCS.NS,IT,2771.24,3279630
2024-06-06,TCS.NS,IT,2828.46,5329275
2024-06-07,TCS.NS,IT,2843.79,3974437
2024-06-10,TCS.NS,IT,2852.27,3537804
2024-06-11,TCS.NS,IT,2840.76,2354593
2024-06-12,TCS.NS,IT,2875.45,3155488
2024-06-13,TCS.NS,IT,2806.86,4701804
2024-06-14,TCS.NS,IT,2769.02,4521084
2024-06-17,TCS.NS,IT,2793.81,5571684
2024-06-18,TCS.NS,IT,2752.6,3134351
2024-06-19,TCS.NS,IT,2748.53,5185493
2024-06-20,TCS.NS,IT,2752.04,4086317
2024-06-21,TCS.NS,IT,2733.43,4982697
2024-06-24,TCS.NS,IT,2702.82,4778372
2024-06-25,TCS.NS,IT,2706.64,3385374
2024-06-26,TCS.NS,IT,2651.51,4361252
2024-06-27,TCS.NS,IT,2689.46,4691754
2024-06-28,TCS.NS,IT,2791.06,5258041
2024-07-01,TCS.NS,IT,2793.67,6761815
2024-07-02,TCS.NS,IT,2818.45,3197770
2024-07-03,TCS.NS,IT,2809.58,2654495
2024-07-04,TCS.NS,IT,2830.04,6264001
2024-07-05,TCS.NS,IT,2877.35,2545345
2024-07-08,TCS.NS,IT,2896.53,5733028
2024-07-09,TCS.NS,IT,2883.9,2904542
2024-07-10,TCS.NS,IT,2875.81,3203086
2024-07-11,TCS.NS,IT,2902.65,3883798
2024-07-12,TCS.NS,IT,2912.97,2402494
2024-07-15,TCS.NS,IT,2876.35,2843346
2024-07-16,TCS.NS,IT,2892.01,2223018
2024-07-17,TCS.NS,IT,2959.65,5046607
2024-07-18,TCS.NS,IT,2975.6,3976618
2024-07-19,TCS.NS,IT,3040.4,4012995
2024-07-22,TCS.NS,IT,3079.95,3908318
2024-07-23,TCS.NS,IT,3080.67,3968158
2024-07-24,TCS.NS,IT,3021.62,3372923
2024-07-25,TCS.NS,IT,3007.29,5580150
2024-07-26,TCS.NS,IT,3104.95,2154122
2024-07-29,TCS.NS,IT,3050.17,2409857
2024-07-30,TCS.NS,IT,3074.36,6422894
2024-07-31,TCS.NS,IT,3099.3,4384021
2024-08-01,TCS.NS,IT,3107.48,1965715
2024-08-02,TCS.NS,IT,3176.64,4465066
2024-08-05,TCS.NS,IT,3168.29,2289085
2024-08-06,TCS.NS,IT,3171.15,6294193
2024-08-07,TCS.NS,IT,3172.9,5509716
2024-08-08,TCS.NS,IT,3149.93,8318884
2024-08-09,TCS.NS,IT,3087.37,3596090
2024-08-12,TCS.NS,IT,3015.4,2607896
2024-08-13,TCS.NS,IT,2929.85,3304529
2024-08-14,TCS.NS,IT,2911.38,3331095
2024-08-16,TCS.NS,IT,2831.01,4569616
2024-08-19,TCS.NS,IT,2804.46,2103167
2024-08-20,TCS.NS,IT,2876.79,3985320
2024-08-21,TCS.NS,IT,2847.3,2799482
2024-08-22,TCS.NS,IT,2859.2,3336592
2024-08-23,TCS.NS,IT,2778.61,6478798
2024-08-26,TCS.NS,IT,2747.07,5671376
2024-08-27,TCS.NS,IT,2775.03,5154691
2024-08-28,TCS.NS,IT,2781.37,4989055
2024-08-29,TCS.NS,IT,2831.12,3639808
2024-08-30,TCS.NS,IT,2887.34,3925586
2024-09-02,TCS.NS,IT,2858.6,2302713
2024-09-03,TCS.NS,IT,2867.64,2592537
2024-09-04,TCS.NS,IT,2784.58,4173857
2024-09-05,TCS.NS,IT,2775.7,2698123
2024-09-06,TCS.NS,IT,2787.13,5083008
2024-09-09,TCS.NS,IT,2807.52,3923934
2024-09-10,TCS.NS,IT,2866.78,3597876
2024-09-11,TCS.NS,IT,2858.9,3228733
2024-09-12,TCS.NS,IT,2934.46,4675137
2024-09-13,TCS.NS,IT,2985.25,5061821
2024-09-16,TCS.NS,IT,2958.35,2934105
2024-09-17,TCS.NS,IT,2961.03,3323293
2024-09-18,TCS.NS,IT,2907.79,3738229
2024-09-19,TCS.NS,IT,2929.57,4467515
2024-09-20,TCS.NS,IT,2935.25,4447704
2024-09-23,TCS.NS,IT,2856.88,3852459
2024-09-24,TCS.NS,IT,2854.78,5115927
2024-09-25,TCS.NS,IT,2850.84,3807494
2024-09-26,TCS.NS,IT,2840.47,2448944
2024-09-27,TCS.NS,IT,2771.18,6375798
2024-09-30,TCS.NS,IT,2684.84,5626427
2024-10-01,TCS.NS,IT,2694.71,2465785
2024-10-03,TCS.NS,IT,2716.65,4250214
2024-10-04,TCS.NS,IT,2653.93,6294584
2024-10-07,TCS.NS,IT,2668.8,3589481
2024-10-08,TCS.NS,IT,2696.38,5230788
2024-10-09,TCS.NS,IT,2667.41,5889569
2024-10-10,TCS.NS,IT,2705.29,4385733
2024-10-11,TCS.NS,IT,2719.6,8453285
2024-10-14,TCS.NS,IT,2793.8,5012525
2024-10-15,TCS.NS,IT,2836.7,4137994
2024-10-16,TCS.NS,IT,2897.74,3766029
2024-10-17,TCS.NS,IT,2876.65,3927306
2024-10-18,TCS.NS,IT,2882.45,3277004
2024-10-21,TCS.NS,IT,2913.59,2704099
2024-10-22,TCS.NS,IT,2911.67,2914752
2024-10-23,TCS.NS,IT,2890.68,3798535
2024-10-24,TCS.NS,IT,2890.54,5289095
2024-10-25,TCS.NS,IT,2903.54,4476196
2024-10-28,TCS.NS,IT,2928.42,4236138
2024-10-29,TCS.NS,IT,2868.93,8386424
2024-10-30,TCS.NS,IT,2833.82,7195741
2024-10-31,TCS.NS,IT,2864.05,2901136
2024-11-04,TCS.NS,IT,2884.96,5109164
2024-11-05,TCS.NS,IT,2851.41,2635159
2024-11-06,TCS.NS,IT,2861.58,4385089
2024-11-07,TCS.NS,IT,2811.09,2469236
2024-11-08,TCS.NS,IT,2823.45,3228605
2024-11-11,TCS.NS,IT,2802.2,4967171
2024-11-12,TCS.NS,IT,2776.11,3405627
2024-11-13,TCS.NS,IT,2766.64,2737047
2024-11-14,TCS.NS,IT,2734.0,3138833
2024-11-15,TCS.NS,IT,2768.39,2869596
2024-11-18,TCS.NS,IT,2800.27,4612814
2024-11-19,TCS.NS,IT,2815.75,6082700
2024-11-20,TCS.NS,IT,2684.32,3726747
2024-11-21,TCS.NS,IT,2708.11,5724855
2024-11-22,TCS.NS,IT,2685.73,3266919
2024-11-25,TCS.NS,IT,2708.91,3853907
2024-11-26,TCS.NS,IT,2705.69,7454824
2024-11-27,TCS.NS,IT,2692.1,3751826
2024-11-28,TCS.NS,IT,2681.98,5806480
2024-11-29,TCS.NS,IT,2718.68,3103309
2024-12-02,TCS.NS,IT,2720.3,3964736
2024-12-03,TCS.NS,IT,2695.87,2956844
2024-12-04,TCS.NS,IT,2638.64,4086767
2024-12-05,TCS.NS,IT,2684.18,4341853
2024-12-06,TCS.NS,IT,2650.73,5203422
2024-12-09,TCS.NS,IT,2668.02,3260181
2024-12-10,TCS.NS,IT,2687.96,3765788
2024-12-11,TCS.NS,IT,2723.33,6052836
2024-12-12,TCS.NS,IT,2716.4,2615230
2024-12-13,TCS.NS,IT,2725.87,1678962
2024-12-16,TCS.NS,IT,2689.99,3176497
2024-12-17,TCS.NS,IT,2743.29,4943328
2024-12-18,TCS.NS,IT,2760.61,4110319
2024-12-19,TCS.NS,IT,2772.67,2857142
2024-12-20,TCS.NS,IT,2757.55,4093835
2024-12-23,TCS.NS,IT,2712.05,3511886
2024-12-24,TCS.NS,IT,2748.07,2308368
2024-12-26,TCS.NS,IT,2810.09,3544399
2024-12-27,TCS.NS,IT,2809.05,5181687
2024-12-30,TCS.NS,IT,2768.08,3622726
2024-12-31,TCS.NS,IT,2768.4,2351243
2025-01-01,TCS.NS,IT,2761.17,7304762
2025-01-02,TCS.NS,IT,2803.32,2820355
2025-01-03,TCS.NS,IT,2817.06,4549380
2025-01-06,TCS.NS,IT,2840.26,5348322
2025-01-07,TCS.NS,IT,2862.02,4627859
2025-01-08,TCS.NS,IT,2909.44,3680886
2025-01-09,TCS.NS,IT,2907.8,2114382
2025-01-10,TCS.NS,IT,2877.73,6018392
2025-01-13,TCS.NS,IT,2830.54,2654313
2025-01-14,TCS.NS,IT,2749.63,5611003
2025-01-15,TCS.NS,IT,2729.67,5890265
2025-01-16,TCS.NS,IT,2741.08,2603949
2025-01-17,TCS.NS,IT,2720.19,2590205
2025-01-20,TCS.NS,IT,2693.47,3479526
2025-01-21,TCS.NS,IT,2707.22,5508865
2025-01-22,TCS.NS,IT,2815.38,3239121
2025-01-23,TCS.NS,IT,2857.63,4126160
2025-01-24,TCS.NS,IT,2831.27,3349337
2025-01-27,TCS.NS,IT,2847.01,5256567
2025-01-28,TCS.NS,IT,2846.83,3197187
2025-01-29,TCS.NS,IT,2823.15,3102525
2025-01-30,TCS.NS,IT,2851.68,2781888
2025-01-31,TCS.NS,IT,2859.65,2752009
2025-02-03,TCS.NS,IT,2859.91,5794444
2025-02-04,TCS.NS,IT,2870.21,3522797
2025-02-05,TCS.NS,IT,2889.59,2862350
2025-02-06,TCS.NS,IT,2926.96,2224702
2025-02-07,TCS.NS,IT,2962.7,3632152
2025-02-10,TCS.NS,IT,2955.35,2995750
2025-02-11,TCS.NS,IT,2946.53,2803247
2025-02-12,TCS.NS,IT,2956.77,3045138
2025-02-13,TCS.NS,IT,2968.69,4166650
2025-02-14,TCS.NS,IT,2915.62,2659553
2025-02-17,TCS.NS,IT,2943.38,3587040
2025-02-18,TCS.NS,IT,2929.72,5443641
2025-02-19,TCS.NS,IT,2940.44,3289692
2025-02-20,TCS.NS,IT,2923.55,2751251
2025-02-21,TCS.NS,IT,2928.85,5776684
2025-02-24,TCS.NS,IT,2862.49,3871535
2025-02-25,TCS.NS,IT,2905.96,3756043
2025-02-26,TCS.NS,IT,2871.45,4791615
2025-02-27,TCS.NS,IT,2817.29,3873812
2025-02-28,TCS.NS,IT,2817.98,4091660
2025-03-03,TCS.NS,IT,2795.44,2303996
2025-03-04,TCS.NS,IT,2843.76,2976271
2025-03-05,TCS.NS,IT,2892.4,7662547
2025-03-06,TCS.NS,IT,2934.76,2774293
2025-03-07,TCS.NS,IT,2961.44,4089905
2025-03-10,TCS.NS,IT,2907.82,7346093
2025-03-11,TCS.NS,IT,2948.99,5077743
2025-03-12,TCS.NS,IT,2941.35,4419971
2025-03-13,TCS.NS,IT,2900.19,3015969
2025-03-14,TCS.NS,IT,2864.46,3210192
2025-03-17,TCS.NS,IT,2870.16,3583285
2025-03-18,TCS.NS,IT,2935.16,4492832
2025-03-19,TCS.NS,IT,2892.4,6233188
2025-03-20,TCS.NS,IT,2916.89,4160494
2025-03-21,TCS.NS,IT,2979.88,3269667
2025-03-24,TCS.NS,IT,3005.55,3860005
2025-03-25,TCS.NS,IT,2894.46,4790907
2025-03-26,TCS.NS,IT,2986.03,4492399
2025-03-27,TCS.NS,IT,3012.24,3659875
2025-03-28,TCS.NS,IT,2952.07,2697680
2025-03-31,TCS.NS,IT,2945.82,5820866
2025-04-01,TCS.NS,IT,3018.2,3643140
2025-04-02,TCS.NS,IT,3033.91,4350831
2025-04-03,TCS.NS,IT,3001.98,3150800
2025-04-04,TCS.NS,IT,3003.39,3122707
2025-04-07,TCS.NS,IT,2991.83,4752019
2025-04-08,TCS.NS,IT,2974.17,2563164
2025-04-09,TCS.NS,IT,2975.02,2657176
2025-04-10,TCS.NS,IT,2954.37,6770249
2025-04-11,TCS.NS,IT,2920.96,5331590
2025-04-15,TCS.NS,IT,2884.15,4619854
2025-04-16,TCS.NS,IT,2897.52,2743167
2025-04-17,TCS.NS,IT,2838.79,4313333
2025-04-18,TCS.NS,IT,2805.38,3891142
2025-04-21,TCS.NS,IT,2745.58,3420166
2025-04-22,TCS.NS,IT,2766.26,3869472
2025-04-23,TCS.NS,IT,2815.5,2419770
2025-04-24,TCS.NS,IT,2797.52,1935207
2025-04-25,TCS.NS,IT,2813.39,4430107
2025-04-28,TCS.NS,IT,2846.03,4225114
2025-04-29,TCS.NS,IT,2832.35,4360759
2025-04-30,TCS.NS,IT,2842.48,5227051
2025-05-02,TCS.NS,IT,2825.49,4775670
2025-05-05,TCS.NS,IT,2779.73,6713775
2025-05-06,TCS.NS,IT,2769.15,6033292
2025-05-07,TCS.NS,IT,2773.54,4075331
2025-05-08,TCS.NS,IT,2770.51,4220127
2025-05-09,TCS.NS,IT,2822.19,4319280
2025-05-12,TCS.NS,IT,2812.26,2334166
2025-05-13,TCS.NS,IT,2853.51,5509588
2025-05-14,TCS.NS,IT,2845.66,4900608
2025-05-15,TCS.NS,IT,2803.65,2235244
2025-05-16,TCS.NS,IT,2772.84,6867731
2025-05-19,TCS.NS,IT,2768.19,3437154
2025-05-20,TCS.NS,IT,2689.91,3822895
2025-05-21,TCS.NS,IT,2771.77,3797348
2025-05-22,TCS.NS,IT,2831.32,3759680
2025-05-23,TCS.NS,IT,2770.22,9231570
2025-05-26,TCS.NS,IT,2794.58,3644037
2025-05-27,TCS.NS,IT,2817.06,3564182
2025-05-28,TCS.NS,IT,2826.77,4020093
2025-05-29,TCS.NS,IT,2844.09,2967010
2025-05-30,TCS.NS,IT,2842.69,4422189
2025-06-02,TCS.NS,IT,2879.17,2995412
2025-06-03,TCS.NS,IT,2869.24,4757709
2025-06-04,TCS.NS,IT,2900.52,2771683
2025-06-05,TCS.NS,IT,2932.66,3251036
2025-06-06,TCS.NS,IT,2900.53,2808817
2025-06-09,TCS.NS,IT,2896.37,3314377
2025-06-10,TCS.NS,IT,2917.3,2136511
2025-06-11,TCS.NS,IT,2838.79,1696656
2025-06-12,TCS.NS,IT,2775.79,3567140
2025-06-13,TCS.NS,IT,2756.02,2332384
2025-06-16,TCS.NS,IT,2740.57,7325277
2025-06-17,TCS.NS,IT,2695.33,3521337
2025-06-18,TCS.NS,IT,2733.53,5116620
2025-06-19,TCS.NS,IT,2839.27,4448984
2025-06-20,TCS.NS,IT,2806.43,2752615
2025-06-23,TCS.NS,IT,2856.23,3446172
2025-06-24,TCS.NS,IT,2804.51,5174407
2025-06-25,TCS.NS,IT,2813.14,5057736
2025-06-26,TCS.NS,IT,2776.73,5407140
2025-06-27,TCS.NS,IT,2763.19,3173168
2025-06-30,TCS.NS,IT,2726.32,4898531
2025-07-01,TCS.NS,IT,2707.47,3230967
2025-07-02,TCS.NS,IT,2710.16,5687657
2025-07-03,TCS.NS,IT,2731.16,5626511
2025-07-04,TCS.NS,IT,2736.56,2468409
2025-07-07,TCS.NS,IT,2709.87,4397669
2025-07-08,TCS.NS,IT,2741.85,2721286
2025-07-09,TCS.NS,IT,2718.53,5334749
2025-07-10,TCS.NS,IT,2716.79,2690167
2025-07-11,TCS.NS,IT,2688.06,4470014
2025-07-14,TCS.NS,IT,2703.0,5170892
2025-07-15,TCS.NS,IT,2771.61,4087897
2025-07-16,TCS.NS,IT,2786.79,5398172
2025-07-17,TCS.NS,IT,2789.4,4424310
2025-07-18,TCS.NS,IT,2718.87,6908885
2025-07-21,TCS.NS,IT,2748.28,2715326
2025-07-22,TCS.NS,IT,2782.11,3490710
2025-07-23,TCS.NS,IT,2784.97,2039311
2025-07-24,TCS.NS,IT,2773.56,3599090
2025-07-25,TCS.NS,IT,2838.61,2635412
2025-07-28,TCS.NS,IT,2849.04,2457366
2025-07-29,TCS.NS,IT,2879.8,2316566
2025-07-30,TCS.NS,IT,2875.67,3383494
2025-07-31,TCS.NS,IT,2849.48,4363818
2025-08-01,TCS.NS,IT,2851.66,4719967
2025-08-04,TCS.NS,IT,2940.8,5669875
2025-08-05,TCS.NS,IT,2913.83,5556468
2025-08-06,TCS.NS,IT,2856.39,2689771
2025-08-07,TCS.NS,IT,2862.28,3078927
2025-08-08,TCS.NS,IT,2917.54,4271534
2025-08-11,TCS.NS,IT,2921.5,4295088
2025-08-12,TCS.NS,IT,2905.35,6472234
2025-08-13,TCS.NS,IT,2890.05,3610009
2025-08-14,TCS.NS,IT,2894.31,5223450
2025-08-18,TCS.NS,IT,2916.31,3798042
2025-08-19,TCS.NS,IT,2871.2,4525370
2025-08-20,TCS.NS,IT,2892.25,4574088
2025-08-21,TCS.NS,IT,2871.29,3961727
2025-08-22,TCS.NS,IT,2897.8,2837396
2025-08-25,TCS.NS,IT,2770.45,4398770
2025-08-26,TCS.NS,IT,2751.41,5000857
2025-08-27,TCS.NS,IT,2714.93,4145154
2025-08-28,TCS.NS,IT,2698.37,1518151
2025-08-29,TCS.NS,IT,2734.23,3753463
2025-09-01,TCS.NS,IT,2713.1,5063080
2025-09-02,TCS.NS,IT,2701.77,2833630
2025-09-03,TCS.NS,IT,2701.93,5798496
2025-09-04,TCS.NS,IT,2699.58,3222113
2025-09-05,TCS.NS,IT,2740.86,3570045
2025-09-08,TCS.NS,IT,2753.08,4291550
2025-09-09,TCS.NS,IT,2820.06,2892254
2025-09-10,TCS.NS,IT,2834.63,5493928
2025-09-11,TCS.NS,IT,2865.86,6215200
2025-09-12,TCS.NS,IT,2883.57,2716799
2025-09-15,TCS.NS,IT,2919.09,3741771
2025-09-16,TCS.NS,IT,2986.54,7745763
2025-09-17,TCS.NS,IT,2984.63,5866645
2025-09-18,TCS.NS,IT,3007.38,2269960
2025-09-19,TCS.NS,IT,2929.03,6007151
2025-09-22,TCS.NS,IT,2972.87,1205786
2025-09-23,TCS.NS,IT,2965.52,4951107
2025-09-24,TCS.NS,IT,2956.85,2958298
2025-09-25,TCS.NS,IT,2922.41,4690170
2025-09-26,TCS.NS,IT,2933.8,4353114
2025-09-29,TCS.NS,IT,2839.5,4184295
2025-09-30,TCS.NS,IT,2772.86,4901189
2025-10-01,TCS.NS,IT,2809.41,3356498
2025-10-03,TCS.NS,IT,2858.37,3237746
2025-10-06,TCS.NS,IT,2894.74,5529974
2025-10-07,TCS.NS,IT,2873.0,4000771
2025-10-08,TCS.NS,IT,2966.62,3271136
2025-10-09,TCS.NS,IT,2953.39,3751525
2025-10-10,TCS.NS,IT,2991.97,3639424
2025-10-13,TCS.NS,IT,2954.07,3537571
2025-10-14,TCS.NS,IT,2865.22,4662633
2025-10-15,TCS.NS,IT,2893.4,2944381
2025-10-16,TCS.NS,IT,2910.22,6798845
2025-10-17,TCS.NS,IT,2939.18,4318179
2025-10-20,TCS.NS,IT,2924.22,2099789
2025-10-22,TCS.NS,IT,2941.49,4396286
2025-10-23,TCS.NS,IT,2986.12,2883123
2025-10-24,TCS.NS,IT,3018.38,3954515
2025-10-27,TCS.NS,IT,2966.82,3785294
2025-10-28,TCS.NS,IT,2877.42,5061753
2025-10-29,TCS.NS,IT,2811.38,5041603
2025-10-30,TCS.NS,IT,2845.4,4314444
2025-10-31,TCS.NS,IT,2838.0,7790065
2025-11-03,TCS.NS,IT,2912.79,3098163
2025-11-04,TCS.NS,IT,2950.66,6439634
2025-11-05,TCS.NS,IT,2943.85,6502453
2025-11-06,TCS.NS,IT,2925.16,4493167
2025-11-07,TCS.NS,IT,2931.78,4688247
2025-11-10,TCS.NS,IT,3037.47,5569144
2025-11-11,TCS.NS,IT,3027.02,3574995
2025-11-12,TCS.NS,IT,3012.33,3344585
2025-11-13,TCS.NS,IT,3054.43,3406120
2025-11-14,TCS.NS,IT,3116.83,4423089
2025-11-17,TCS.NS,IT,3163.62,3388231
2025-11-18,TCS.NS,IT,3100.87,3100977
2025-11-19,TCS.NS,IT,3081.55,2778612
2025-11-20,TCS.NS,IT,3069.86,2829639
2025-11-21,TCS.NS,IT,3061.02,3191825
2025-11-24,TCS.NS,IT,3062.87,3217388
2025-11-25,TCS.NS,IT,3085.3,4145554
2025-11-26,TCS.NS,IT,3049.8,3042884
2025-11-27,TCS.NS,IT,3043.12,4742563
2025-11-28,TCS.NS,IT,2990.52,7950324
2025-12-01,TCS.NS,IT,2937.45,6183149
2025-12-02,TCS.NS,IT,2920.0,2754207
2025-12-03,TCS.NS,IT,2958.37,3595871
2025-12-04,TCS.NS,IT,2903.72,2559357
2025-12-05,TCS.NS,IT,2934.62,4274915
2025-12-08,TCS.NS,IT,2896.76,4362478
2025-12-09,TCS.NS,IT,2906.29,4243450
2025-12-10,TCS.NS,IT,2904.55,2765456
2025-12-11,TCS.NS,IT,2921.32,3180884
2025-12-12,TCS.NS,IT,2901.06,5579033
2025-12-15,TCS.NS,IT,2884.64,4587765
2025-12-16,TCS.NS,IT,2929.04,2946624
2025-12-17,TCS.NS,IT,2964.06,2547494
2025-12-18,TCS.NS,IT,2957.08,3892402
2025-12-19,TCS.NS,IT,2915.96,3825132
2025-12-22,TCS.NS,IT,2933.52,2545446
2025-12-23,TCS.NS,IT,2943.93,3584415
2025-12-24,TCS.NS,IT,2956.19,3369888
2025-12-26,TCS.NS,IT,3032.02,3250861
2025-12-29,TCS.NS,IT,3052.54,3437343
2025-12-30,TCS.NS,IT,3080.53,4395139
2025-12-31,TCS.NS,IT,3110.22,4119923
2022-01-03,HDFCBANK.NS,Financials,1544.05,2727395
2022-01-04,HDFCBANK.NS,Financials,1539.6,3643952
2022-01-05,HDFCBANK.NS,Financials,1545.11,5917864
2022-01-06,HDFCBANK.NS,Financials,1519.7,5898341
2022-01-07,HDFCBANK.NS,Financials,1538.38,4287442
2022-01-10,HDFCBANK.NS,Financials,1534.04,3552988
2022-01-11,HDFCBANK.NS,Financials,1552.49,7327502
2022-01-12,HDFCBANK.NS,Financials,1566.01,4169904
2022-01-13,HDFCBANK.NS,Financials,1583.16,4990675
2022-01-14,HDFCBANK.NS,Financials,1563.27,2617453
2022-01-17,HDFCBANK.NS,Financials,1561.36,3915232
2022-01-18,HDFCBANK.NS,Financials,1560.32,5839595
2022-01-19,HDFCBANK.NS,Financials,1533.92,2472384
2022-01-20,HDFCBANK.NS,Financials,1504.37,3939088
2022-01-21,HDFCBANK.NS,Financials,1516.26,4607173
2022-01-24,HDFCBANK.NS,Financials,1508.13,6582821
2022-01-25,HDFCBANK.NS,Financials,1518.16,5618658
2022-01-27,HDFCBANK.NS,Financials,1478.19,7221716
2022-01-28,HDFCBANK.NS,Financials,1475.55,5342153
2022-01-31,HDFCBANK.NS,Financials,1480.06,5451317
2022-02-01,HDFCBANK.NS,Financials,1488.6,2858003
2022-02-02,HDFCBANK.NS,Financials,1494.59,2829343
2022-02-03,HDFCBANK.NS,Financials,1497.15,7190089
2022-02-04,HDFCBANK.NS,Financials,1499.63,3406796
2022-02-07,HDFCBANK.NS,Financials,1497.44,3303040
2022-02-08,HDFCBANK.NS,Financials,1511.54,1780396
2022-02-09,HDFCBANK.NS,Financials,1491.47,5786744
2022-02-10,HDFCBANK.NS,Financials,1453.13,2698863
2022-02-11,HDFCBANK.NS,Financials,1465.3,2996327
2022-02-14,HDFCBANK.NS,Financials,1456.38,5856191
2022-02-15,HDFCBANK.NS,Financials,1429.62,1843043
2022-02-16,HDFCBANK.NS,Financials,1438.05,6424032
2022-02-17,HDFCBANK.NS,Financials,1434.96,2986955
2022-02-18,HDFCBANK.NS,Financials,1434.01,3792676
2022-02-21,HDFCBANK.NS,Financials,1438.97,3043301
2022-02-22,HDFCBANK.NS,Financials,1438.4,2506823
2022-02-23,HDFCBANK.NS,Financials,1438.15,3061429
2022-02-24,HDFCBANK.NS,Financials,1402.34,2988998
2022-02-25,HDFCBANK.NS,Financials,1359.0,2595160
2022-02-28,HDFCBANK.NS,Financials,1360.34,6850771
2022-03-01,HDFCBANK.NS,Financials,1336.06,2843833
2022-03-02,HDFCBANK.NS,Financials,1318.77,2062713
2022-03-03,HDFCBANK.NS,Financials,1326.05,1938539
2022-03-04,HDFCBANK.NS,Financials,1277.79,4650463
2022-03-07,HDFCBANK.NS,Financials,1261.74,2176173
2022-03-09,HDFCBANK.NS,Financials,1270.93,3751387
2022-03-10,HDFCBANK.NS,Financials,1256.35,7955292
2022-03-11,HDFCBANK.NS,Financials,1268.13,4255274
2022-03-14,HDFCBANK.NS,Financials,1261.88,4472377
2022-03-15,HDFCBANK.NS,Financials,1269.4,3317160
2022-03-16,HDFCBANK.NS,Financials,1269.13,3974123
2022-03-17,HDFCBANK.NS,Financials,1264.26,3702329
2022-03-18,HDFCBANK.NS,Financials,1247.5,4448388
2022-03-21,HDFCBANK.NS,Financials,1253.37,7131276
2022-03-22,HDFCBANK.NS,Financials,1286.91,3438468
2022-03-23,HDFCBANK.NS,Financials,1306.28,3030485
2022-03-24,HDFCBANK.NS,Financials,1277.07,3888615
2022-03-25,HDFCBANK.NS,Financials,1298.06,5587545
2022-03-28,HDFCBANK.NS,Financials,1288.1,3546795
2022-03-29,HDFCBANK.NS,Financials,1326.16,4383203
2022-03-30,HDFCBANK.NS,Financials,1325.42,4775335
2022-03-31,HDFCBANK.NS,Financials,1309.61,8481623
2022-04-01,HDFCBANK.NS,Financials,1328.55,5514450
2022-04-04,HDFCBANK.NS,Financials,1322.68,2941845
2022-04-05,HDFCBANK.NS,Financials,1307.07,1854407
2022-04-06,HDFCBANK.NS,Financials,1321.28,4208566
2022-04-07,HDFCBANK.NS,Financials,1337.22,3119547
2022-04-08,HDFCBANK.NS,Financials,1319.69,3368488
2022-04-11,HDFCBANK.NS,Financials,1338.96,2817618
2022-04-12,HDFCBANK.NS,Financials,1312.42,3345604
2022-04-13,HDFCBANK.NS,Financials,1303.06,3322311
2022-04-15,HDFCBANK.NS,Financials,1357.64,3834332
2022-04-18,HDFCBANK.NS,Financials,1367.74,3155109
2022-04-19,HDFCBANK.NS,Financials,1357.8,3106502
2022-04-20,HDFCBANK.NS,Financials,1371.51,4806627
2022-04-21,HDFCBANK.NS,Financials,1384.37,3989223
2022-04-22,HDFCBANK.NS,Financials,1380.79,3999040
2022-04-25,HDFCBANK.NS,Financials,1394.31,3924361
2022-04-26,HDFCBANK.NS,Financials,1378.88,2918949
2022-04-27,HDFCBANK.NS,Financials,1364.09,6601995
2022-04-28,HDFCBANK.NS,Financials,1353.94,8131943
2022-04-29,HDFCBANK.NS,Financials,1354.33,6159324
2022-05-02,HDFCBANK.NS,Financials,1342.84,2153324
2022-05-03,HDFCBANK.NS,Financials,1325.6,3167425
2022-05-04,HDFCBANK.NS,Financials,1302.31,5115566
2022-05-05,HDFCBANK.NS,Financials,1311.27,3070839
2022-05-06,HDFCBANK.NS,Financials,1297.55,3124013
2022-05-09,HDFCBANK.NS,Financials,1312.84,2470756
2022-05-10,HDFCBANK.NS,Financials,1319.51,3517251
2022-05-11,HDFCBANK.NS,Financials,1326.24,2995002
2022-05-12,HDFCBANK.NS,Financials,1317.42,1729170
2022-05-13,HDFCBANK.NS,Financials,1321.9,5974470
2022-05-16,HDFCBANK.NS,Financials,1322.56,4619711
2022-05-17,HDFCBANK.NS,Financials,1320.68,2501825
2022-05-18,HDFCBANK.NS,Financials,1320.05,5410080
2022-05-19,HDFCBANK.NS,Financials,1337.76,4174110
2022-05-20,HDFCBANK.NS,Financials,1345.55,5990812
2022-05-23,HDFCBANK.NS,Financials,1332.68,5162817
2022-05-24,HDFCBANK.NS,Financials,1333.78,3043860
2022-05-25,HDFCBANK.NS,Financials,1321.28,5046034
2022-05-26,HDFCBANK.NS,Financials,1290.01,5121343
2022-05-27,HDFCBANK.NS,Financials,1255.9,5777254
2022-05-30,HDFCBANK.NS,Financials,1273.01,5660950
2022-05-31,HDFCBANK.NS,Financials,1275.19,8263870
2022-06-01,HDFCBANK.NS,Financials,1265.89,5572810
2022-06-02,HDFCBANK.NS,Financials,1261.09,3034076
2022-06-03,HDFCBANK.NS,Financials,1228.71,4248408
2022-06-06,HDFCBANK.NS,Financials,1233.7,2765774
2022-06-07,HDFCBANK.NS,Financials,1249.3,6096871
2022-06-08,HDFCBANK.NS,Financials,1259.56,2958821
2022-06-09,HDFCBANK.NS,Financials,1236.71,8718016
2022-06-10,HDFCBANK.NS,Financials,1245.25,3604351
2022-06-13,HDFCBANK.NS,Financials,1235.63,3931863
2022-06-14,HDFCBANK.NS,Financials,1228.46,3393456
2022-06-15,HDFCBANK.NS,Financials,1178.16,3106727
2022-06-16,HDFCBANK.NS,Financials,1180.34,3316361
2022-06-17,HDFCBANK.NS,Financials,1188.5,4330034
2022-06-20,HDFCBANK.NS,Financials,1186.37,4017524
2022-06-21,HDFCBANK.NS,Financials,1198.74,3438534
2022-06-22,HDFCBANK.NS,Financials,1179.79,4444916
2022-06-23,HDFCBANK.NS,Financials,1143.64,3301895
2022-06-24,HDFCBANK.NS,Financials,1132.39,3985824
2022-06-27,HDFCBANK.NS,Financials,1125.3,7407727
2022-06-28,HDFCBANK.NS,Financials,1147.51,3267129
2022-06-29,HDFCBANK.NS,Financials,1143.66,3590551
2022-06-30,HDFCBANK.NS,Financials,1141.13,2665253
2022-07-01,HDFCBANK.NS,Financials,1143.01,3546884
2022-07-04,HDFCBANK.NS,Financials,1177.26,4552117
2022-07-05,HDFCBANK.NS,Financials,1182.47,3318384
2022-07-06,HDFCBANK.NS,Financials,1188.96,2684573
2022-07-07,HDFCBANK.NS,Financials,1169.91,4531312
2022-07-08,HDFCBANK.NS,Financials,1170.96,4702234
2022-07-11,HDFCBANK.NS,Financials,1164.2,4949976
2022-07-12,HDFCBANK.NS,Financials,1185.34,2587783
2022-07-13,HDFCBANK.NS,Financials,1162.73,6450632
2022-07-14,HDFCBANK.NS,Financials,1141.76,3366026
2022-07-15,HDFCBANK.NS,Financials,1138.51,2806097
2022-07-18,HDFCBANK.NS,Financials,1133.26,5714910
2022-07-19,HDFCBANK.NS,Financials,1132.31,6371502
2022-07-20,HDFCBANK.NS,Financials,1137.21,3575563
2022-07-21,HDFCBANK.NS,Financials,1137.83,2983321
2022-07-22,HDFCBANK.NS,Financials,1141.86,4661309
2022-07-25,HDFCBANK.NS,Financials,1131.8,2504599
2022-07-26,HDFCBANK.NS,Financials,1140.88,9752674
2022-07-27,HDFCBANK.NS,Financials,1126.08,2782210
2022-07-28,HDFCBANK.NS,Financials,1125.1,4522864
2022-07-29,HDFCBANK.NS,Financials,1113.33,3774359
2022-08-01,HDFCBANK.NS,Financials,1143.92,2893817
2022-08-02,HDFCBANK.NS,Financials,1107.88,2877612
2022-08-03,HDFCBANK.NS,Financials,1107.34,5925084
2022-08-04,HDFCBANK.NS,Financials,1136.9,4540467
2022-08-05,HDFCBANK.NS,Financials,1121.55,3129428
2022-08-08,HDFCBANK.NS,Financials,1117.31,3282200
2022-08-09,HDFCBANK.NS,Financials,1136.56,3003300
2022-08-10,HDFCBANK.NS,Financials,1134.26,5434966
2022-08-11,HDFCBANK.NS,Financials,1121.6,5514056
2022-08-12,HDFCBANK.NS,Financials,1137.69,4802126
2022-08-16,HDFCBANK.NS,Financials,1126.89,4363622
2022-08-17,HDFCBANK.NS,Financials,1128.97,4971955
2022-08-18,HDFCBANK.NS,Financials,1129.94,2241963
2022-08-19,HDFCBANK.NS,Financials,1147.8,4396422
2022-08-22,HDFCBANK.NS,Financials,1148.53,5803413
2022-08-23,HDFCBANK.NS,Financials,1175.47,4329003
2022-08-24,HDFCBANK.NS,Financials,1163.96,4067494
2022-08-25,HDFCBANK.NS,Financials,1171.96,3195971
2022-08-26,HDFCBANK.NS,Financials,1159.73,3271331
2022-08-29,HDFCBANK.NS,Financials,1171.2,3324559
2022-08-30,HDFCBANK.NS,Financials,1153.31,4316930
2022-08-31,HDFCBANK.NS,Financials,1141.15,3369314
2022-09-01,HDFCBANK.NS,Financials,1141.4,2109180
2022-09-02,HDFCBANK.NS,Financials,1159.83,5278804
2022-09-05,HDFCBANK.NS,Financials,1176.94,4793519
2022-09-06,HDFCBANK.NS,Financials,1145.93,4521447
2022-09-07,HDFCBANK.NS,Financials,1161.83,2876553
2022-09-08,HDFCBANK.NS,Financials,1167.19,3360853
2022-09-09,HDFCBANK.NS,Financials,1156.85,4788109
2022-09-12,HDFCBANK.NS,Financials,1132.76,4029898
2022-09-13,HDFCBANK.NS,Financials,1124.75,3127426
2022-09-14,HDFCBANK.NS,Financials,1104.33,6292531
2022-09-15,HDFCBANK.NS,Financials,1060.77,2968332
2022-09-16,HDFCBANK.NS,Financials,1064.1,1404556
2022-09-19,HDFCBANK.NS,Financials,1093.35,4116690
2022-09-20,HDFCBANK.NS,Financials,1094.48,4178513
2022-09-21,HDFCBANK.NS,Financials,1084.47,4074633
2022-09-22,HDFCBANK.NS,Financials,1107.66,4595702
2022-09-23,HDFCBANK.NS,Financials,1120.4,3285590
2022-09-26,HDFCBANK.NS,Financials,1101.05,5718054
2022-09-27,HDFCBANK.NS,Financials,1107.93,2475213
2022-09-28,HDFCBANK.NS,Financials,1117.24,3962971
2022-09-29,HDFCBANK.NS,Financials,1125.91,3207390
2022-09-30,HDFCBANK.NS,Financials,1119.27,5679436
2022-10-03,HDFCBANK.NS,Financials,1094.89,3023492
2022-10-04,HDFCBANK.NS,Financials,1099.56,4093167
2022-10-05,HDFCBANK.NS,Financials,1090.35,4113552
2022-10-06,HDFCBANK.NS,Financials,1105.74,4276034
2022-10-07,HDFCBANK.NS,Financials,1095.11,3092647
2022-10-10,HDFCBANK.NS,Financials,1105.0,4537963
2022-10-11,HDFCBANK.NS,Financials,1124.95,4032971
2022-10-12,HDFCBANK.NS,Financials,1121.27,4502709
2022-10-13,HDFCBANK.NS,Financials,1120.48,6927741
2022-10-14,HDFCBANK.NS,Financials,1087.12,4158283
2022-10-17,HDFCBANK.NS,Financials,1078.73,2818520
2022-10-18,HDFCBANK.NS,Financials,1070.08,7931552
2022-10-19,HDFCBANK.NS,Financials,1060.33,5624742
2022-10-20,HDFCBANK.NS,Financials,1074.76,5019847
2022-10-21,HDFCBANK.NS,Financials,1066.44,3745529
2022-10-25,HDFCBANK.NS,Financials,1055.87,5172642
2022-10-26,HDFCBANK.NS,Financials,1042.87,1943333
2022-10-27,HDFCBANK.NS,Financials,1024.4,6859781
2022-10-28,HDFCBANK.NS,Financials,1033.16,5464126
2022-10-31,HDFCBANK.NS,Financials,1023.88,3752854
2022-11-01,HDFCBANK.NS,Financials,1006.85,5415783
2022-11-02,HDFCBANK.NS,Financials,1010.78,4958392
2022-11-03,HDFCBANK.NS,Financials,1016.54,2804454
2022-11-04,HDFCBANK.NS,Financials,1023.94,4250821
2022-11-07,HDFCBANK.NS,Financials,1002.82,4552823
2022-11-08,HDFCBANK.NS,Financials,1002.01,3810051
2022-11-09,HDFCBANK.NS,Financials,998.12,3697865
2022-11-10,HDFCBANK.NS,Financials,1000.5,5473549
2022-11-11,HDFCBANK.NS,Financials,978.48,4246469
2022-11-14,HDFCBANK.NS,Financials,984.58,7703913
2022-11-15,HDFCBANK.NS,Financials,987.57,3176782
2022-11-16,HDFCBANK.NS,Financials,980.61,4608024
2022-11-17,HDFCBANK.NS,Financials,991.95,2893097
2022-11-18,HDFCBANK.NS,Financials,1006.59,5061233
2022-11-21,HDFCBANK.NS,Financials,993.17,2703275
2022-11-22,HDFCBANK.NS,Financials,1005.04,4416560
2022-11-23,HDFCBANK.NS,Financials,1024.04,6035801
2022-11-24,HDFCBANK.NS,Financials,1027.89,4066087
2022-11-25,HDFCBANK.NS,Financials,1032.58,2822877
2022-11-28,HDFCBANK.NS,Financials,1024.01,5558161
2022-11-29,HDFCBANK.NS,Financials,1020.46,4529263
2022-11-30,HDFCBANK.NS,Financials,1018.95,3875449
2022-12-01,HDFCBANK.NS,Financials,1019.87,2845590
2022-12-02,HDFCBANK.NS,Financials,1033.58,2272456
2022-12-05,HDFCBANK.NS,Financials,1019.71,8780635
2022-12-06,HDFCBANK.NS,Financials,1046.89,3267006
2022-12-07,HDFCBANK.NS,Financials,1031.26,2820627
2022-12-08,HDFCBANK.NS,Financials,1039.23,4457647
2022-12-09,HDFCBANK.NS,Financials,1020.96,2795903
2022-12-12,HDFCBANK.NS,Financials,1018.47,4753308
2022-12-13,HDFCBANK.NS,Financials,1017.11,6406806
2022-12-14,HDFCBANK.NS,Financials,999.26,2757251
2022-12-15,HDFCBANK.NS,Financials,1008.49,3596378
2022-12-16,HDFCBANK.NS,Financials,1016.37,4642648
2022-12-19,HDFCBANK.NS,Financials,1005.88,2606855
2022-12-20,HDFCBANK.NS,Financials,997.98,2902815
2022-12-21,HDFCBANK.NS,Financials,1017.57,3832912
2022-12-22,HDFCBANK.NS,Financials,1011.22,7930777
2022-12-23,HDFCBANK.NS,Financials,1015.09,2962433
2022-12-26,HDFCBANK.NS,Financials,1034.84,3616511
2022-12-27,HDFCBANK.NS,Financials,1016.58,9509974
2022-12-28,HDFCBANK.NS,Financials,1018.03,5274015
2022-12-29,HDFCBANK.NS,Financials,1031.9,2206700
2022-12-30,HDFCBANK.NS,Financials,1054.01,3679406
2023-01-02,HDFCBANK.NS,Financials,1082.87,4899961
2023-01-03,HDFCBANK.NS,Financials,1067.62,6624845
2023-01-04,HDFCBANK.NS,Financials,1074.28,6501236
2023-01-05,HDFCBANK.NS,Financials,1065.54,4857458
2023-01-06,HDFCBANK.NS,Financials,1057.74,5131573
2023-01-09,HDFCBANK.NS,Financials,1045.97,2534071
2023-01-10,HDFCBANK.NS,Financials,1054.58,3133321
2023-01-11,HDFCBANK.NS,Financials,1046.06,2535623
2023-01-12,HDFCBANK.NS,Financials,1038.19,5726846
2023-01-13,HDFCBANK.NS,Financials,1066.75,4555371
2023-01-16,HDFCBANK.NS,Financials,1053.12,4144151
2023-01-17,HDFCBANK.NS,Financials,1069.72,6853282
2023-01-18,HDFCBANK.NS,Financials,1059.59,4820363
2023-01-19,HDFCBANK.NS,Financials,1054.86,5946654
2023-01-20,HDFCBANK.NS,Financials,1087.71,5202859
2023-01-23,HDFCBANK.NS,Financials,1089.23,5383500
2023-01-24,HDFCBANK.NS,Financials,1069.15,2771978
2023-01-25,HDFCBANK.NS,Financials,1051.73,5615169
2023-01-27,HDFCBANK.NS,Financials,1055.2,4711890
2023-01-30,HDFCBANK.NS,Financials,1062.43,3460367
2023-01-31,HDFCBANK.NS,Financials,1059.85,5073630
2023-02-01,HDFCBANK.NS,Financials,1062.81,6262220
2023-02-02,HDFCBANK.NS,Financials,1084.22,3857915
2023-02-03,HDFCBANK.NS,Financials,1121.54,3071424
2023-02-06,HDFCBANK.NS,Financials,1136.89,3121430
2023-02-07,HDFCBANK.NS,Financials,1133.26,2450165
2023-02-08,HDFCBANK.NS,Financials,1106.07,3763976
2023-02-09,HDFCBANK.NS,Financials,1095.26,4908971
2023-02-10,HDFCBANK.NS,Financials,1082.09,7324973
2023-02-13,HDFCBANK.NS,Financials,1072.72,3011584
2023-02-14,HDFCBANK.NS,Financials,1085.99,4527746
2023-02-15,HDFCBANK.NS,Financials,1102.88,4024564
2023-02-16,HDFCBANK.NS,Financials,1124.0,3980784
2023-02-17,HDFCBANK.NS,Financials,1121.76,2337446
2023-02-20,HDFCBANK.NS,Financials,1126.31,2803008
2023-02-21,HDFCBANK.NS,Financials,1113.5,7535414
2023-02-22,HDFCBANK.NS,Financials,1075.83,5684441
2023-02-23,HDFCBANK.NS,Financials,1068.2,4408306
2023-02-24,HDFCBANK.NS,Financials,1042.71,4693319
2023-02-27,HDFCBANK.NS,Financials,1075.45,5179422
2023-02-28,HDFCBANK.NS,Financials,1093.24,3413053
2023-03-01,HDFCBANK.NS,Financials,1088.38,3462538
2023-03-02,HDFCBANK.NS,Financials,1073.35,3218582
2023-03-03,HDFCBANK.NS,Financials,1079.73,4235922
2023-03-06,HDFCBANK.NS,Financials,1088.3,2669198
2023-03-07,HDFCBANK.NS,Financials,1072.83,3164789
2023-03-09,HDFCBANK.NS,Financials,1081.12,4766486
2023-03-10,HDFCBANK.NS,Financials,1116.6,3528816
2023-03-13,HDFCBANK.NS,Financials,1134.32,2163627
2023-03-14,HDFCBANK.NS,Financials,1128.34,3496501
2023-03-15,HDFCBANK.NS,Financials,1129.92,4832728
2023-03-16,HDFCBANK.NS,Financials,1143.97,4158239
2023-03-17,HDFCBANK.NS,Financials,1164.06,2210173
2023-03-20,HDFCBANK.NS,Financials,1166.99,5730449
2023-03-21,HDFCBANK.NS,Financials,1132.21,3662775
2023-03-22,HDFCBANK.NS,Financials,1140.61,4495864
2023-03-23,HDFCBANK.NS,Financials,1154.8,5755415
2023-03-24,HDFCBANK.NS,Financials,1161.66,3823488
2023-03-27,HDFCBANK.NS,Financials,1191.28,2046880
2023-03-28,HDFCBANK.NS,Financials,1195.48,7381101
2023-03-29,HDFCBANK.NS,Financials,1195.66,1843755
2023-03-30,HDFCBANK.NS,Financials,1182.58,3554076
2023-03-31,HDFCBANK.NS,Financials,1192.75,6283800
2023-04-03,HDFCBANK.NS,Financials,1193.24,3128152
2023-04-04,HDFCBANK.NS,Financials,1207.48,3193582
2023-04-05,HDFCBANK.NS,Financials,1212.05,3701123
2023-04-06,HDFCBANK.NS,Financials,1214.11,3748142
2023-04-07,HDFCBANK.NS,Financials,1213.73,2954692
2023-04-10,HDFCBANK.NS,Financials,1209.36,3196118
2023-04-11,HDFCBANK.NS,Financials,1253.79,5816187
2023-04-12,HDFCBANK.NS,Financials,1261.34,3315374
2023-04-13,HDFCBANK.NS,Financials,1263.33,4760520
2023-04-17,HDFCBANK.NS,Financials,1272.88,2900835
2023-04-18,HDFCBANK.NS,Financials,1247.77,6482105
2023-04-19,HDFCBANK.NS,Financials,1267.82,5543698
2023-04-20,HDFCBANK.NS,Financials,1274.06,3869498
2023-04-21,HDFCBANK.NS,Financials,1257.67,4997601
2023-04-24,HDFCBANK.NS,Financials,1310.61,6801525
2023-04-25,HDFCBANK.NS,Financials,1298.65,2811871
2023-04-26,HDFCBANK.NS,Financials,1283.35,2759152
2023-04-27,HDFCBANK.NS,Financials,1296.33,4551099
2023-04-28,HDFCBANK.NS,Financials,1287.93,2539614
2023-05-02,HDFCBANK.NS,Financials,1251.03,2319179
2023-05-03,HDFCBANK.NS,Financials,1255.03,2278146
2023-05-04,HDFCBANK.NS,Financials,1243.85,4205726
2023-05-05,HDFCBANK.NS,Financials,1224.13,1958289
2023-05-08,HDFCBANK.NS,Financials,1205.67,3467061
2023-05-09,HDFCBANK.NS,Financials,1198.75,1201870
2023-05-10,HDFCBANK.NS,Financials,1189.81,4654071
2023-05-11,HDFCBANK.NS,Financials,1207.56,4764528
2023-05-12,HDFCBANK.NS,Financials,1210.97,3706677
2023-05-15,HDFCBANK.NS,Financials,1208.84,6037947
2023-05-16,HDFCBANK.NS,Financials,1185.24,5274656
2023-05-17,HDFCBANK.NS,Financials,1177.96,3026791
2023-05-18,HDFCBANK.NS,Financials,1184.49,2936990
2023-05-19,HDFCBANK.NS,Financials,1166.49,5439907
2023-05-22,HDFCBANK.NS,Financials,1166.25,5074140
2023-05-23,HDFCBANK.NS,Financials,1147.04,3633951
2023-05-24,HDFCBANK.NS,Financials,1152.81,2156858
2023-05-25,HDFCBANK.NS,Financials,1154.58,5527484
2023-05-26,HDFCBANK.NS,Financials,1143.44,4087171
2023-05-29,HDFCBANK.NS,Financials,1149.9,3912622
2023-05-30,HDFCBANK.NS,Financials,1142.8,1478136
2023-05-31,HDFCBANK.NS,Financials,1152.09,4811327
2023-06-01,HDFCBANK.NS,Financials,1152.52,3908394
2023-06-02,HDFCBANK.NS,Financials,1169.75,3304989
2023-06-05,HDFCBANK.NS,Financials,1165.47,2979349
2023-06-06,HDFCBANK.NS,Financials,1168.02,4150738
2023-06-07,HDFCBANK.NS,Financials,1169.59,4703361
2023-06-08,HDFCBANK.NS,Financials,1169.64,3492935
2023-06-09,HDFCBANK.NS,Financials,1171.3,4856160
2023-06-12,HDFCBANK.NS,Financials,1188.51,2667616
2023-06-13,HDFCBANK.NS,Financials,1200.37,3177741
2023-06-14,HDFCBANK.NS,Financials,1205.58,5076823
2023-06-15,HDFCBANK.NS,Financials,1221.25,3465744
2023-06-16,HDFCBANK.NS,Financials,1228.42,7281748
2023-06-19,HDFCBANK.NS,Financials,1224.62,4399184
2023-06-20,HDFCBANK.NS,Financials,1239.11,2652979
2023-06-21,HDFCBANK.NS,Financials,1240.88,2305580
2023-06-22,HDFCBANK.NS,Financials,1246.49,5254206
2023-06-23,HDFCBANK.NS,Financials,1225.23,3228399
2023-06-26,HDFCBANK.NS,Financials,1244.78,5503347
2023-06-27,HDFCBANK.NS,Financials,1234.99,3304856
2023-06-28,HDFCBANK.NS,Financials,1216.24,4345679
2023-06-29,HDFCBANK.NS,Financials,1262.34,3550505
2023-06-30,HDFCBANK.NS,Financials,1248.14,4366258
2023-07-03,HDFCBANK.NS,Financials,1255.08,5153944
2023-07-04,HDFCBANK.NS,Financials,1264.58,4019613
2023-07-05,HDFCBANK.NS,Financials,1275.83,5032115
2023-07-06,HDFCBANK.NS,Financials,1264.15,2203335
2023-07-07,HDFCBANK.NS,Financials,1264.3,4617978
2023-07-10,HDFCBANK.NS,Financials,1246.1,4025076
2023-07-11,HDFCBANK.NS,Financials,1234.33,3642789
2023-07-12,HDFCBANK.NS,Financials,1231.52,1729105
2023-07-13,HDFCBANK.NS,Financials,1234.38,2226588
2023-07-14,HDFCBANK.NS,Financials,1236.81,4323489
2023-07-17,HDFCBANK.NS,Financials,1262.32,4518670
2023-07-18,HDFCBANK.NS,Financials,1258.36,4607855
2023-07-19,HDFCBANK.NS,Financials,1283.31,3982694
2023-07-20,HDFCBANK.NS,Financials,1277.62,2624761
2023-07-21,HDFCBANK.NS,Financials,1276.92,2786188
2023-07-24,HDFCBANK.NS,Financials,1293.0,1908448
2023-07-25,HDFCBANK.NS,Financials,1278.5,4170790
2023-07-26,HDFCBANK.NS,Financials,1300.69,7779384
2023-07-27,HDFCBANK.NS,Financials,1308.58,3866406
2023-07-28,HDFCBANK.NS,Financials,1336.23,3059979
2023-07-31,HDFCBANK.NS,Financials,1393.93,4028747
2023-08-01,HDFCBANK.NS,Financials,1384.33,3807615
2023-08-02,HDFCBANK.NS,Financials,1389.37,2174469
2023-08-03,HDFCBANK.NS,Financials,1386.3,4364250
2023-08-04,HDFCBANK.NS,Financials,1392.29,3843861
2023-08-07,HDFCBANK.NS,Financials,1395.52,3761388
2023-08-08,HDFCBANK.NS,Financials,1439.98,8007609
2023-08-09,HDFCBANK.NS,Financials,1417.71,3853738
2023-08-10,HDFCBANK.NS,Financials,1416.44,7556411
2023-08-11,HDFCBANK.NS,Financials,1418.65,2989162
2023-08-14,HDFCBANK.NS,Financials,1430.7,2353615
2023-08-16,HDFCBANK.NS,Financials,1403.62,3007309
2023-08-17,HDFCBANK.NS,Financials,1444.23,6020298
2023-08-18,HDFCBANK.NS,Financials,1421.84,3061757
2023-08-21,HDFCBANK.NS,Financials,1404.46,2423856
2023-08-22,HDFCBANK.NS,Financials,1416.3,4497788
2023-08-23,HDFCBANK.NS,Financials,1429.98,3491284
2023-08-24,HDFCBANK.NS,Financials,1424.82,4881976
2023-08-25,HDFCBANK.NS,Financials,1385.59,3156382
2023-08-28,HDFCBANK.NS,Financials,1375.06,2890210
2023-08-29,HDFCBANK.NS,Financials,1386.33,7136867
2023-08-30,HDFCBANK.NS,Financials,1397.27,2983388
2023-08-31,HDFCBANK.NS,Financials,1388.88,2980448
2023-09-01,HDFCBANK.NS,Financials,1386.75,4693017
2023-09-04,HDFCBANK.NS,Financials,1363.46,1505575
2023-09-05,HDFCBANK.NS,Financials,1367.7,5160151
2023-09-06,HDFCBANK.NS,Financials,1360.08,7466707
2023-09-07,HDFCBANK.NS,Financials,1365.55,5405011
2023-09-08,HDFCBANK.NS,Financials,1358.84,2773493
2023-09-11,HDFCBANK.NS,Financials,1329.6,3099799
2023-09-12,HDFCBANK.NS,Financials,1341.61,4083724
2023-09-13,HDFCBANK.NS,Financials,1315.77,4537131
2023-09-14,HDFCBANK.NS,Financials,1317.08,7024319
2023-09-15,HDFCBANK.NS,Financials,1318.45,6914390
2023-09-18,HDFCBANK.NS,Financials,1322.08,3703042
2023-09-19,HDFCBANK.NS,Financials,1331.81,3315258
2023-09-20,HDFCBANK.NS,Financials,1331.95,3037158
2023-09-21,HDFCBANK.NS,Financials,1339.99,5003089
2023-09-22,HDFCBANK.NS,Financials,1387.71,5826728
2023-09-25,HDFCBANK.NS,Financials,1413.89,4089349
2023-09-26,HDFCBANK.NS,Financials,1402.81,3991085
2023-09-27,HDFCBANK.NS,Financials,1408.42,8365049
2023-09-28,HDFCBANK.NS,Financials,1423.26,5065671
2023-09-29,HDFCBANK.NS,Financials,1404.71,1946385
2023-10-03,HDFCBANK.NS,Financials,1376.64,3945175
2023-10-04,HDFCBANK.NS,Financials,1374.43,4284498
2023-10-05,HDFCBANK.NS,Financials,1343.73,3633461
2023-10-06,HDFCBANK.NS,Financials,1354.46,6209644
2023-10-09,HDFCBANK.NS,Financials,1364.93,3557531
2023-10-10,HDFCBANK.NS,Financials,1361.98,2828805
2023-10-11,HDFCBANK.NS,Financials,1404.77,3114060
2023-10-12,HDFCBANK.NS,Financials,1419.15,5055941
2023-10-13,HDFCBANK.NS,Financials,1405.26,2485010
2023-10-16,HDFCBANK.NS,Financials,1405.19,3360038
2023-10-17,HDFCBANK.NS,Financials,1398.81,5370965
2023-10-18,HDFCBANK.NS,Financials,1374.51,2480267
2023-10-19,HDFCBANK.NS,Financials,1372.73,2777204
2023-10-20,HDFCBANK.NS,Financials,1401.43,2206055
2023-10-23,HDFCBANK.NS,Financials,1371.51,2918430
2023-10-24,HDFCBANK.NS,Financials,1383.0,3325535
2023-10-25,HDFCBANK.NS,Financials,1376.58,3674613
2023-10-26,HDFCBANK.NS,Financials,1379.11,2896880
2023-10-27,HDFCBANK.NS,Financials,1409.16,3492848
2023-10-30,HDFCBANK.NS,Financials,1472.11,5625869
2023-10-31,HDFCBANK.NS,Financials,1499.55,4487800
2023-11-01,HDFCBANK.NS,Financials,1522.05,8427783
2023-11-02,HDFCBANK.NS,Financials,1541.08,3154834
2023-11-03,HDFCBANK.NS,Financials,1585.75,3411907
2023-11-06,HDFCBANK.NS,Financials,1588.18,4214158
2023-11-07,HDFCBANK.NS,Financials,1575.46,3334838
2023-11-08,HDFCBANK.NS,Financials,1601.86,3955802
2023-11-09,HDFCBANK.NS,Financials,1592.81,2040716
2023-11-10,HDFCBANK.NS,Financials,1615.06,3506947
2023-11-13,HDFCBANK.NS,Financials,1606.29,5428664
2023-11-14,HDFCBANK.NS,Financials,1639.56,7773923
2023-11-15,HDFCBANK.NS,Financials,1673.31,6629740
2023-11-16,HDFCBANK.NS,Financials,1651.74,4172632
2023-11-17,HDFCBANK.NS,Financials,1655.5,4725177
2023-11-20,HDFCBANK.NS,Financials,1662.79,4482426
2023-11-21,HDFCBANK.NS,Financials,1671.39,3288677
2023-11-22,HDFCBANK.NS,Financials,1631.42,2854180
2023-11-23,HDFCBANK.NS,Financials,1635.34,4355274
2023-11-24,HDFCBANK.NS,Financials,1600.73,3841824
2023-11-27,HDFCBANK.NS,Financials,1640.55,5356123
2023-11-28,HDFCBANK.NS,Financials,1603.78,1735491
2023-11-29,HDFCBANK.NS,Financials,1596.82,3757494
2023-11-30,HDFCBANK.NS,Financials,1610.84,6096515
2023-12-01,HDFCBANK.NS,Financials,1607.15,4885283
2023-12-04,HDFCBANK.NS,Financials,1582.28,2830445
2023-12-05,HDFCBANK.NS,Financials,1606.63,2525216
2023-12-06,HDFCBANK.NS,Financials,1629.07,3928820
2023-12-07,HDFCBANK.NS,Financials,1604.96,5255650
2023-12-08,HDFCBANK.NS,Financials,1587.42,4783591
2023-12-11,HDFCBANK.NS,Financials,1610.08,4157450
2023-12-12,HDFCBANK.NS,Financials,1651.45,4998848
2023-12-13,HDFCBANK.NS,Financials,1704.45,4369289
2023-12-14,HDFCBANK.NS,Financials,1689.58,4924689
2023-12-15,HDFCBANK.NS,Financials,1691.7,5543267
2023-12-18,HDFCBANK.NS,Financials,1635.3,3417073
2023-12-19,HDFCBANK.NS,Financials,1645.89,2928394
2023-12-20,HDFCBANK.NS,Financials,1640.25,5153141
2023-12-21,HDFCBANK.NS,Financials,1628.52,3339177
2023-12-22,HDFCBANK.NS,Financials,1642.02,2020286
2023-12-26,HDFCBANK.NS,Financials,1628.67,6580267
2023-12-27,HDFCBANK.NS,Financials,1609.49,4364073
2023-12-28,HDFCBANK.NS,Financials,1652.38,4296444
2023-12-29,HDFCBANK.NS,Financials,1660.52,3742578
2024-01-01,HDFCBANK.NS,Financials,1619.32,5352218
2024-01-02,HDFCBANK.NS,Financials,1631.72,2548137
2024-01-03,HDFCBANK.NS,Financials,1608.4,3997748
2024-01-04,HDFCBANK.NS,Financials,1637.21,4407407
2024-01-05,HDFCBANK.NS,Financials,1634.24,4842063
2024-01-08,HDFCBANK.NS,Financials,1662.23,2195723
2024-01-09,HDFCBANK.NS,Financials,1627.42,4915221
2024-01-10,HDFCBANK.NS,Financials,1637.02,3448556
2024-01-11,HDFCBANK.NS,Financials,1641.77,3178620
2024-01-12,HDFCBANK.NS,Financials,1637.17,2311627
2024-01-15,HDFCBANK.NS,Financials,1619.36,8722388
2024-01-16,HDFCBANK.NS,Financials,1582.72,3817658
2024-01-17,HDFCBANK.NS,Financials,1592.05,4351288
2024-01-18,HDFCBANK.NS,Financials,1587.97,2763093
2024-01-19,HDFCBANK.NS,Financials,1566.23,2337786
2024-01-22,HDFCBANK.NS,Financials,1563.33,5310092
2024-01-23,HDFCBANK.NS,Financials,1569.01,2489291
2024-01-24,HDFCBANK.NS,Financials,1552.52,6301222
2024-01-25,HDFCBANK.NS,Financials,1575.11,7498291
2024-01-29,HDFCBANK.NS,Financials,1583.08,3043720
2024-01-30,HDFCBANK.NS,Financials,1562.01,3397581
2024-01-31,HDFCBANK.NS,Financials,1584.34,1639487
2024-02-01,HDFCBANK.NS,Financials,1564.39,2169361
2024-02-02,HDFCBANK.NS,Financials,1595.79,4981099
2024-02-05,HDFCBANK.NS,Financials,1601.13,6193930
2024-02-06,HDFCBANK.NS,Financials,1568.12,3036992
2024-02-07,HDFCBANK.NS,Financials,1566.96,3202138
2024-02-08,HDFCBANK.NS,Financials,1559.73,2295785
2024-02-09,HDFCBANK.NS,Financials,1535.6,2688336
2024-02-12,HDFCBANK.NS,Financials,1545.08,6356730
2024-02-13,HDFCBANK.NS,Financials,1571.26,4450435
2024-02-14,HDFCBANK.NS,Financials,1573.35,2130150
2024-02-15,HDFCBANK.NS,Financials,1557.94,4868380
2024-02-16,HDFCBANK.NS,Financials,1565.04,9155950
2024-02-19,HDFCBANK.NS,Financials,1561.34,3478435
2024-02-20,HDFCBANK.NS,Financials,1565.91,3162208
2024-02-21,HDFCBANK.NS,Financials,1558.9,4894209
2024-02-22,HDFCBANK.NS,Financials,1495.86,5678795
2024-02-23,HDFCBANK.NS,Financials,1522.62,5323061
2024-02-26,HDFCBANK.NS,Financials,1520.68,3573352
2024-02-27,HDFCBANK.NS,Financials,1526.01,3446325
2024-02-28,HDFCBANK.NS,Financials,1534.82,2183635
2024-02-29,HDFCBANK.NS,Financials,1518.62,2596254
2024-03-01,HDFCBANK.NS,Financials,1558.06,4530072
2024-03-04,HDFCBANK.NS,Financials,1579.45,3311474
2024-03-05,HDFCBANK.NS,Financials,1614.58,4352439
2024-03-06,HDFCBANK.NS,Financials,1620.7,3672864
2024-03-07,HDFCBANK.NS,Financials,1605.22,4080052
2024-03-11,HDFCBANK.NS,Financials,1605.3,4019976
2024-03-12,HDFCBANK.NS,Financials,1638.11,5184269
2024-03-13,HDFCBANK.NS,Financials,1657.94,5373787
2024-03-14,HDFCBANK.NS,Financials,1659.8,3968868
2024-03-15,HDFCBANK.NS,Financials,1694.73,3717287
2024-03-18,HDFCBANK.NS,Financials,1667.98,3942956
2024-03-19,HDFCBANK.NS,Financials,1683.09,3034607
2024-03-20,HDFCBANK.NS,Financials,1716.76,5839708
2024-03-21,HDFCBANK.NS,Financials,1696.27,3279741
2024-03-22,HDFCBANK.NS,Financials,1682.92,3775525
2024-03-25,HDFCBANK.NS,Financials,1689.38,4246792
2024-03-26,HDFCBANK.NS,Financials,1674.59,4450421
2024-03-27,HDFCBANK.NS,Financials,1693.96,4386836
2024-03-28,HDFCBANK.NS,Financials,1705.64,3806298
2024-03-29,HDFCBANK.NS,Financials,1698.15,7100581
2024-04-01,HDFCBANK.NS,Financials,1720.92,4099384
2024-04-02,HDFCBANK.NS,Financials,1723.88,3656631
2024-04-03,HDFCBANK.NS,Financials,1744.41,7490485
2024-04-04,HDFCBANK.NS,Financials,1753.11,3041300
2024-04-05,HDFCBANK.NS,Financials,1803.75,7483403
2024-04-08,HDFCBANK.NS,Financials,1805.2,1985955
2024-04-09,HDFCBANK.NS,Financials,1838.58,3469076
2024-04-10,HDFCBANK.NS,Financials,1843.04,2225736
2024-04-11,HDFCBANK.NS,Financials,1825.67,2478729
2024-04-12,HDFCBANK.NS,Financials,1810.1,4678548
2024-04-15,HDFCBANK.NS,Financials,1822.28,4412415
2024-04-16,HDFCBANK.NS,Financials,1814.94,3227077
2024-04-17,HDFCBANK.NS,Financials,1778.11,7073003
2024-04-18,HDFCBANK.NS,Financials,1758.38,5938852
2024-04-19,HDFCBANK.NS,Financials,1746.94,3921345
2024-04-22,HDFCBANK.NS,Financials,1729.16,2120145
2024-04-23,HDFCBANK.NS,Financials,1698.53,5585035
2024-04-24,HDFCBANK.NS,Financials,1666.07,3372146
2024-04-25,HDFCBANK.NS,Financials,1660.37,4422767
2024-04-26,HDFCBANK.NS,Financials,1682.45,5278732
2024-04-29,HDFCBANK.NS,Financials,1659.82,3469645
2024-04-30,HDFCBANK.NS,Financials,1646.47,6246752
2024-05-02,HDFCBANK.NS,Financials,1655.97,3496149
2024-05-03,HDFCBANK.NS,Financials,1623.18,4821438
2024-05-06,HDFCBANK.NS,Financials,1649.67,5200722
2024-05-07,HDFCBANK.NS,Financials,1629.6,5494779
2024-05-08,HDFCBANK.NS,Financials,1639.83,7351933
2024-05-09,HDFCBANK.NS,Financials,1641.33,2994346
2024-05-10,HDFCBANK.NS,Financials,1610.63,2685851
2024-05-13,HDFCBANK.NS,Financials,1599.2,3567985
2024-05-14,HDFCBANK.NS,Financials,1603.93,11585567
2024-05-15,HDFCBANK.NS,Financials,1626.28,6405715
2024-05-16,HDFCBANK.NS,Financials,1681.5,3293504
2024-05-17,HDFCBANK.NS,Financials,1728.77,3535280
2024-05-20,HDFCBANK.NS,Financials,1755.17,3971716
2024-05-21,HDFCBANK.NS,Financials,1724.71,4393111
2024-05-22,HDFCBANK.NS,Financials,1689.37,4997309
2024-05-23,HDFCBANK.NS,Financials,1695.86,5070811
2024-05-24,HDFCBANK.NS,Financials,1745.37,6069832
2024-05-27,HDFCBANK.NS,Financials,1759.27,8048550
2024-05-28,HDFCBANK.NS,Financials,1759.36,3810459
2024-05-29,HDFCBANK.NS,Financials,1771.79,3705018
2024-05-30,HDFCBANK.NS,Financials,1809.87,3514846
2024-05-31,HDFCBANK.NS,Financials,1813.4,3624065
2024-06-03,HDFCBANK.NS,Financials,1780.37,4543125
2024-06-04,HDFCBANK.NS,Financials,1784.83,4987555
2024-06-05,HDFCBANK.NS,Financials,1779.64,7305685
2024-06-06,HDFCBANK.NS,Financials,1751.86,3115360
2024-06-07,HDFCBANK.NS,Financials,1772.83,4526759
2024-06-10,HDFCBANK.NS,Financials,1754.87,2975039
2024-06-11,HDFCBANK.NS,Financials,1772.57,4600637
2024-06-12,HDFCBANK.NS,Financials,1770.63,10174627
2024-06-13,HDFCBANK.NS,Financials,1795.48,3806120
2024-06-14,HDFCBANK.NS,Financials,1788.51,9420211
2024-06-17,HDFCBANK.NS,Financials,1828.29,2978906
2024-06-18,HDFCBANK.NS,Financials,1786.71,3398686
2024-06-19,HDFCBANK.NS,Financials,1756.88,3541574
2024-06-20,HDFCBANK.NS,Financials,1751.34,4244777
2024-06-21,HDFCBANK.NS,Financials,1749.97,3783110
2024-06-24,HDFCBANK.NS,Financials,1754.39,5216767
2024-06-25,HDFCBANK.NS,Financials,1780.19,1526220
2024-06-26,HDFCBANK.NS,Financials,1786.61,2833580
2024-06-27,HDFCBANK.NS,Financials,1778.53,7748926
2024-06-28,HDFCBANK.NS,Financials,1798.17,2439578
2024-07-01,HDFCBANK.NS,Financials,1803.86,3524259
2024-07-02,HDFCBANK.NS,Financials,1810.78,4947409
2024-07-03,HDFCBANK.NS,Financials,1792.52,3929730
2024-07-04,HDFCBANK.NS,Financials,1809.0,2965472
2024-07-05,HDFCBANK.NS,Financials,1808.52,4665883
2024-07-08,HDFCBANK.NS,Financials,1861.51,5349662
2024-07-09,HDFCBANK.NS,Financials,1834.24,3239928
2024-07-10,HDFCBANK.NS,Financials,1832.09,4604706
2024-07-11,HDFCBANK.NS,Financials,1820.92,5396573
2024-07-12,HDFCBANK.NS,Financials,1826.85,5827869
2024-07-15,HDFCBANK.NS,Financials,1852.26,4544933
2024-07-16,HDFCBANK.NS,Financials,1876.32,7263078
2024-07-17,HDFCBANK.NS,Financials,1861.7,4059472
2024-07-18,HDFCBANK.NS,Financials,1855.29,2830432
2024-07-19,HDFCBANK.NS,Financials,1844.67,3698844
2024-07-22,HDFCBANK.NS,Financials,1859.53,6102579
2024-07-23,HDFCBANK.NS,Financials,1833.17,2920592
2024-07-24,HDFCBANK.NS,Financials,1826.04,1821788
2024-07-25,HDFCBANK.NS,Financials,1823.14,4689841
2024-07-26,HDFCBANK.NS,Financials,1818.42,3418251
2024-07-29,HDFCBANK.NS,Financials,1794.29,8769940
2024-07-30,HDFCBANK.NS,Financials,1816.59,4383106
2024-07-31,HDFCBANK.NS,Financials,1809.59,6156446
2024-08-01,HDFCBANK.NS,Financials,1800.33,3362925
2024-08-02,HDFCBANK.NS,Financials,1826.88,4915330
2024-08-05,HDFCBANK.NS,Financials,1855.88,4547245
2024-08-06,HDFCBANK.NS,Financials,1856.93,6470770
2024-08-07,HDFCBANK.NS,Financials,1840.62,4269351
2024-08-08,HDFCBANK.NS,Financials,1848.49,3324151
2024-08-09,HDFCBANK.NS,Financials,1838.26,5743147
2024-08-12,HDFCBANK.NS,Financials,1841.08,3109672
2024-08-13,HDFCBANK.NS,Financials,1850.93,2999421
2024-08-14,HDFCBANK.NS,Financials,1847.42,3931695
2024-08-16,HDFCBANK.NS,Financials,1875.64,3562080
2024-08-19,HDFCBANK.NS,Financials,1838.73,4016222
2024-08-20,HDFCBANK.NS,Financials,1877.4,3160437
2024-08-21,HDFCBANK.NS,Financials,1911.65,5909040
2024-08-22,HDFCBANK.NS,Financials,1902.28,5879181
2024-08-23,HDFCBANK.NS,Financials,1889.45,5339938
2024-08-26,HDFCBANK.NS,Financials,1843.51,5158464
2024-08-27,HDFCBANK.NS,Financials,1810.93,2091064
2024-08-28,HDFCBANK.NS,Financials,1833.71,4158666
2024-08-29,HDFCBANK.NS,Financials,1836.22,5390950
2024-08-30,HDFCBANK.NS,Financials,1831.37,6383596
2024-09-02,HDFCBANK.NS,Financials,1858.52,3717784
2024-09-03,HDFCBANK.NS,Financials,1900.89,6301060
2024-09-04,HDFCBANK.NS,Financials,1916.99,4446269
2024-09-05,HDFCBANK.NS,Financials,1887.06,1616794
2024-09-06,HDFCBANK.NS,Financials,1825.53,3856515
2024-09-09,HDFCBANK.NS,Financials,1828.16,2975577
2024-09-10,HDFCBANK.NS,Financials,1843.4,3222782
2024-09-11,HDFCBANK.NS,Financials,1873.0,5770171
2024-09-12,HDFCBANK.NS,Financials,1893.36,4430899
2024-09-13,HDFCBANK.NS,Financials,1927.78,3330244
2024-09-16,HDFCBANK.NS,Financials,1902.18,3150845
2024-09-17,HDFCBANK.NS,Financials,1875.23,4654368
2024-09-18,HDFCBANK.NS,Financials,1829.57,3743285
2024-09-19,HDFCBANK.NS,Financials,1840.59,5095181
2024-09-20,HDFCBANK.NS,Financials,1825.52,2990007
2024-09-23,HDFCBANK.NS,Financials,1799.88,3494845
2024-09-24,HDFCBANK.NS,Financials,1783.19,2698356
2024-09-25,HDFCBANK.NS,Financials,1777.56,3289588
2024-09-26,HDFCBANK.NS,Financials,1828.07,8556672
2024-09-27,HDFCBANK.NS,Financials,1817.23,3085552
2024-09-30,HDFCBANK.NS,Financials,1820.37,3383081
2024-10-01,HDFCBANK.NS,Financials,1819.55,2992364
2024-10-03,HDFCBANK.NS,Financials,1814.03,3744731
2024-10-04,HDFCBANK.NS,Financials,1816.49,3892900
2024-10-07,HDFCBANK.NS,Financials,1812.53,6115943
2024-10-08,HDFCBANK.NS,Financials,1815.46,3464261
2024-10-09,HDFCBANK.NS,Financials,1781.52,4155615
2024-10-10,HDFCBANK.NS,Financials,1815.26,2072091
2024-10-11,HDFCBANK.NS,Financials,1776.19,2950045
2024-10-14,HDFCBANK.NS,Financials,1827.76,5838616
2024-10-15,HDFCBANK.NS,Financials,1797.32,2959308
2024-10-16,HDFCBANK.NS,Financials,1779.29,5223420
2024-10-17,HDFCBANK.NS,Financials,1818.55,2887862
2024-10-18,HDFCBANK.NS,Financials,1795.05,3758284
2024-10-21,HDFCBANK.NS,Financials,1761.38,7276876
2024-10-22,HDFCBANK.NS,Financials,1705.77,5182360
2024-10-23,HDFCBANK.NS,Financials,1698.84,2016235
2024-10-24,HDFCBANK.NS,Financials,1681.52,12329152
2024-10-25,HDFCBANK.NS,Financials,1688.27,2775901
2024-10-28,HDFCBANK.NS,Financials,1646.83,7672847
2024-10-29,HDFCBANK.NS,Financials,1635.54,3415444
2024-10-30,HDFCBANK.NS,Financials,1639.64,2597128
2024-10-31,HDFCBANK.NS,Financials,1619.15,3409604
2024-11-04,HDFCBANK.NS,Financials,1591.92,3176653
2024-11-05,HDFCBANK.NS,Financials,1581.39,3295743
2024-11-06,HDFCBANK.NS,Financials,1579.42,4077157
2024-11-07,HDFCBANK.NS,Financials,1605.08,4719978
2024-11-08,HDFCBANK.NS,Financials,1598.44,6564220
2024-11-11,HDFCBANK.NS,Financials,1577.94,4303944
2024-11-12,HDFCBANK.NS,Financials,1577.75,4102562
2024-11-13,HDFCBANK.NS,Financials,1578.58,3100544
2024-11-14,HDFCBANK.NS,Financials,1590.6,3619712
2024-11-15,HDFCBANK.NS,Financials,1582.85,3346942
2024-11-18,HDFCBANK.NS,Financials,1578.46,2469134
2024-11-19,HDFCBANK.NS,Financials,1603.83,9750361
2024-11-20,HDFCBANK.NS,Financials,1610.47,4346316
2024-11-21,HDFCBANK.NS,Financials,1626.05,4365568
2024-11-22,HDFCBANK.NS,Financials,1623.15,6114590
2024-11-25,HDFCBANK.NS,Financials,1612.51,1617605
2024-11-26,HDFCBANK.NS,Financials,1604.67,8741177
2024-11-27,HDFCBANK.NS,Financials,1574.89,2956112
2024-11-28,HDFCBANK.NS,Financials,1578.45,2930927
2024-11-29,HDFCBANK.NS,Financials,1577.54,3301854
2024-12-02,HDFCBANK.NS,Financials,1584.96,5635017
2024-12-03,HDFCBANK.NS,Financials,1559.55,8457170
2024-12-04,HDFCBANK.NS,Financials,1579.45,7087485
2024-12-05,HDFCBANK.NS,Financials,1602.0,3373043
2024-12-06,HDFCBANK.NS,Financials,1585.44,2127813
2024-12-09,HDFCBANK.NS,Financials,1612.16,3453766
2024-12-10,HDFCBANK.NS,Financials,1611.02,3192015
2024-12-11,HDFCBANK.NS,Financials,1621.46,2245206
2024-12-12,HDFCBANK.NS,Financials,1616.2,4896340
2024-12-13,HDFCBANK.NS,Financials,1618.19,3998970
2024-12-16,HDFCBANK.NS,Financials,1608.32,4757320
2024-12-17,HDFCBANK.NS,Financials,1627.13,5158154
2024-12-18,HDFCBANK.NS,Financials,1620.1,5074065
2024-12-19,HDFCBANK.NS,Financials,1623.1,3903811
2024-12-20,HDFCBANK.NS,Financials,1644.1,7088497
2024-12-23,HDFCBANK.NS,Financials,1672.09,3363523
2024-12-24,HDFCBANK.NS,Financials,1644.96,3193145
2024-12-26,HDFCBANK.NS,Financials,1667.98,3681687
2024-12-27,HDFCBANK.NS,Financials,1664.99,4820060
2024-12-30,HDFCBANK.NS,Financials,1649.75,5069719
2024-12-31,HDFCBANK.NS,Financials,1617.08,3544470
2025-01-01,HDFCBANK.NS,Financials,1609.85,3570398
2025-01-02,HDFCBANK.NS,Financials,1612.15,6303803
2025-01-03,HDFCBANK.NS,Financials,1616.84,2526435
2025-01-06,HDFCBANK.NS,Financials,1644.03,10443335
2025-01-07,HDFCBANK.NS,Financials,1653.84,3593976
2025-01-08,HDFCBANK.NS,Financials,1689.36,3717073
2025-01-09,HDFCBANK.NS,Financials,1678.67,4544476
2025-01-10,HDFCBANK.NS,Financials,1684.39,4809953
2025-01-13,HDFCBANK.NS,Financials,1700.67,3174882
2025-01-14,HDFCBANK.NS,Financials,1682.08,4494804
2025-01-15,HDFCBANK.NS,Financials,1707.99,2879760
2025-01-16,HDFCBANK.NS,Financials,1695.31,3237766
2025-01-17,HDFCBANK.NS,Financials,1716.84,2276901
2025-01-20,HDFCBANK.NS,Financials,1742.35,4194399
2025-01-21,HDFCBANK.NS,Financials,1718.99,3753851
2025-01-22,HDFCBANK.NS,Financials,1769.18,1973251
2025-01-23,HDFCBANK.NS,Financials,1768.95,3146043
2025-01-24,HDFCBANK.NS,Financials,1793.65,3952811
2025-01-27,HDFCBANK.NS,Financials,1824.68,5393822
2025-01-28,HDFCBANK.NS,Financials,1809.85,2549341
2025-01-29,HDFCBANK.NS,Financials,1803.29,3593570
2025-01-30,HDFCBANK.NS,Financials,1824.54,2716730
2025-01-31,HDFCBANK.NS,Financials,1808.24,5146400
2025-02-03,HDFCBANK.NS,Financials,1794.28,3160055
2025-02-04,HDFCBANK.NS,Financials,1806.73,4787797
2025-02-05,HDFCBANK.NS,Financials,1802.88,3522131
2025-02-06,HDFCBANK.NS,Financials,1840.24,2199275
2025-02-07,HDFCBANK.NS,Financials,1888.47,3896206
2025-02-10,HDFCBANK.NS,Financials,1882.05,2637788
2025-02-11,HDFCBANK.NS,Financials,1892.34,5907836
2025-02-12,HDFCBANK.NS,Financials,1937.76,7544834
2025-02-13,HDFCBANK.NS,Financials,1901.95,4991245
2025-02-14,HDFCBANK.NS,Financials,1884.02,3190809
2025-02-17,HDFCBANK.NS,Financials,1841.51,4024048
2025-02-18,HDFCBANK.NS,Financials,1902.47,4419512
2025-02-19,HDFCBANK.NS,Financials,1923.47,5836356
2025-02-20,HDFCBANK.NS,Financials,1893.24,3738067
2025-02-21,HDFCBANK.NS,Financials,1884.52,4605945
2025-02-24,HDFCBANK.NS,Financials,1857.65,2218389
2025-02-25,HDFCBANK.NS,Financials,1918.32,4345358
2025-02-26,HDFCBANK.NS,Financials,1867.57,2954601
2025-02-27,HDFCBANK.NS,Financials,1872.43,4053081
2025-02-28,HDFCBANK.NS,Financials,1856.08,2776351
2025-03-03,HDFCBANK.NS,Financials,1841.24,4611260
2025-03-04,HDFCBANK.NS,Financials,1853.74,4991797
2025-03-05,HDFCBANK.NS,Financials,1825.46,3680100
2025-03-06,HDFCBANK.NS,Financials,1874.1,2948750
2025-03-07,HDFCBANK.NS,Financials,1894.11,4881031
2025-03-10,HDFCBANK.NS,Financials,1889.08,6886287
2025-03-11,HDFCBANK.NS,Financials,1883.4,7822941
2025-03-12,HDFCBANK.NS,Financials,1911.73,4586190
2025-03-13,HDFCBANK.NS,Financials,1892.59,4401150
2025-03-14,HDFCBANK.NS,Financials,1914.01,2519757
2025-03-17,HDFCBANK.NS,Financials,1936.56,6323969
2025-03-18,HDFCBANK.NS,Financials,1967.57,1770918
2025-03-19,HDFCBANK.NS,Financials,1976.97,6059092
2025-03-20,HDFCBANK.NS,Financials,2091.77,4030178
2025-03-21,HDFCBANK.NS,Financials,2106.54,1704560
2025-03-24,HDFCBANK.NS,Financials,2133.46,4492033
2025-03-25,HDFCBANK.NS,Financials,2046.9,3780019
2025-03-26,HDFCBANK.NS,Financials,2085.66,3412462
2025-03-27,HDFCBANK.NS,Financials,2108.48,3632918
2025-03-28,HDFCBANK.NS,Financials,2117.54,3966350
2025-03-31,HDFCBANK.NS,Financials,2099.96,3962248
2025-04-01,HDFCBANK.NS,Financials,2139.0,2382159
2025-04-02,HDFCBANK.NS,Financials,2099.12,4597460
2025-04-03,HDFCBANK.NS,Financials,2092.37,3495994
2025-04-04,HDFCBANK.NS,Financials,2071.89,6958010
2025-04-07,HDFCBANK.NS,Financials,2095.86,5395209
2025-04-08,HDFCBANK.NS,Financials,2113.72,5611918
2025-04-09,HDFCBANK.NS,Financials,2091.28,7660308
2025-04-10,HDFCBANK.NS,Financials,2114.93,5165959
2025-04-11,HDFCBANK.NS,Financials,2099.09,3793509
2025-04-15,HDFCBANK.NS,Financials,2079.23,1630698
2025-04-16,HDFCBANK.NS,Financials,2069.45,4344037
2025-04-17,HDFCBANK.NS,Financials,2037.3,7317404
2025-04-18,HDFCBANK.NS,Financials,2006.38,5460892
2025-04-21,HDFCBANK.NS,Financials,1994.74,3342947
2025-04-22,HDFCBANK.NS,Financials,1981.05,4077329
2025-04-23,HDFCBANK.NS,Financials,2024.13,3286905
2025-04-24,HDFCBANK.NS,Financials,1962.84,4443740
2025-04-25,HDFCBANK.NS,Financials,1976.21,3339593
2025-04-28,HDFCBANK.NS,Financials,1979.23,6607916
2025-04-29,HDFCBANK.NS,Financials,1968.69,4164533
2025-04-30,HDFCBANK.NS,Financials,1993.24,4369507
2025-05-02,HDFCBANK.NS,Financials,1945.62,2987996
2025-05-05,HDFCBANK.NS,Financials,1967.77,3449698
2025-05-06,HDFCBANK.NS,Financials,1949.27,2664573
2025-05-07,HDFCBANK.NS,Financials,1943.14,6556707
2025-05-08,HDFCBANK.NS,Financials,1989.6,3336221
2025-05-09,HDFCBANK.NS,Financials,2015.31,4222327
2025-05-12,HDFCBANK.NS,Financials,2010.13,2321817
2025-05-13,HDFCBANK.NS,Financials,2053.09,2594304
2025-05-14,HDFCBANK.NS,Financials,2051.34,3657821
2025-05-15,HDFCBANK.NS,Financials,2062.03,3580573
2025-05-16,HDFCBANK.NS,Financials,2065.96,4349876
2025-05-19,HDFCBANK.NS,Financials,2079.19,8071820
2025-05-20,HDFCBANK.NS,Financials,2093.86,1970809
2025-05-21,HDFCBANK.NS,Financials,2102.56,5623470
2025-05-22,HDFCBANK.NS,Financials,2090.15,4753394
2025-05-23,HDFCBANK.NS,Financials,2052.02,3216034
2025-05-26,HDFCBANK.NS,Financials,2060.12,3430528
2025-05-27,HDFCBANK.NS,Financials,2062.62,5909223
2025-05-28,HDFCBANK.NS,Financials,2118.94,3906681
2025-05-29,HDFCBANK.NS,Financials,2120.63,3567285
2025-05-30,HDFCBANK.NS,Financials,2113.18,2766163
2025-06-02,HDFCBANK.NS,Financials,2132.67,2979817
2025-06-03,HDFCBANK.NS,Financials,2118.42,2608510
2025-06-04,HDFCBANK.NS,Financials,2136.73,5441555
2025-06-05,HDFCBANK.NS,Financials,2170.99,3034429
2025-06-06,HDFCBANK.NS,Financials,2173.64,2628920
2025-06-09,HDFCBANK.NS,Financials,2156.64,4244516
2025-06-10,HDFCBANK.NS,Financials,2161.44,3000592
2025-06-11,HDFCBANK.NS,Financials,2170.62,6860957
2025-06-12,HDFCBANK.NS,Financials,2184.44,4050638
2025-06-13,HDFCBANK.NS,Financials,2160.71,4289888
2025-06-16,HDFCBANK.NS,Financials,2154.93,4294021
2025-06-17,HDFCBANK.NS,Financials,2126.36,4875936
2025-06-18,HDFCBANK.NS,Financials,2142.19,5119882
2025-06-19,HDFCBANK.NS,Financials,2183.44,4033950
2025-06-20,HDFCBANK.NS,Financials,2209.35,2798022
2025-06-23,HDFCBANK.NS,Financials,2235.16,3783731
2025-06-24,HDFCBANK.NS,Financials,2192.03,4076567
2025-06-25,HDFCBANK.NS,Financials,2253.99,2255198
2025-06-26,HDFCBANK.NS,Financials,2285.83,1911379
2025-06-27,HDFCBANK.NS,Financials,2327.16,2611815
2025-06-30,HDFCBANK.NS,Financials,2341.85,2017093
2025-07-01,HDFCBANK.NS,Financials,2334.89,3367688
2025-07-02,HDFCBANK.NS,Financials,2357.64,3046458
2025-07-03,HDFCBANK.NS,Financials,2359.14,4118625
2025-07-04,HDFCBANK.NS,Financials,2352.95,5117779
2025-07-07,HDFCBANK.NS,Financials,2393.9,4418329
2025-07-08,HDFCBANK.NS,Financials,2409.32,4648506
2025-07-09,HDFCBANK.NS,Financials,2392.33,5559844
2025-07-10,HDFCBANK.NS,Financials,2402.28,3562093
2025-07-11,HDFCBANK.NS,Financials,2418.23,1603367
2025-07-14,HDFCBANK.NS,Financials,2421.25,2168299
2025-07-15,HDFCBANK.NS,Financials,2394.43,4753717
2025-07-16,HDFCBANK.NS,Financials,2402.18,4276573
2025-07-17,HDFCBANK.NS,Financials,2449.77,5092598
2025-07-18,HDFCBANK.NS,Financials,2396.7,10798002
2025-07-21,HDFCBANK.NS,Financials,2361.83,4311469
2025-07-22,HDFCBANK.NS,Financials,2406.93,3861526
2025-07-23,HDFCBANK.NS,Financials,2398.77,4506982
2025-07-24,HDFCBANK.NS,Financials,2365.12,2632452
2025-07-25,HDFCBANK.NS,Financials,2367.37,5200224
2025-07-28,HDFCBANK.NS,Financials,2395.29,3760375
2025-07-29,HDFCBANK.NS,Financials,2392.93,7195501
2025-07-30,HDFCBANK.NS,Financials,2378.86,2280294
2025-07-31,HDFCBANK.NS,Financials,2348.35,3999138
2025-08-01,HDFCBANK.NS,Financials,2326.98,3205399
2025-08-04,HDFCBANK.NS,Financials,2330.02,2748968
2025-08-05,HDFCBANK.NS,Financials,2309.81,4965034
2025-08-06,HDFCBANK.NS,Financials,2268.68,3572801
2025-08-07,HDFCBANK.NS,Financials,2257.35,6360946
2025-08-08,HDFCBANK.NS,Financials,2308.31,3315744
2025-08-11,HDFCBANK.NS,Financials,2295.46,3480174
2025-08-12,HDFCBANK.NS,Financials,2287.44,8081797
2025-08-13,HDFCBANK.NS,Financials,2244.32,2488502
2025-08-14,HDFCBANK.NS,Financials,2215.06,3035020
2025-08-18,HDFCBANK.NS,Financials,2205.06,1353977
2025-08-19,HDFCBANK.NS,Financials,2231.91,3414693
2025-08-20,HDFCBANK.NS,Financials,2241.25,5084819
2025-08-21,HDFCBANK.NS,Financials,2216.18,4608562
2025-08-22,HDFCBANK.NS,Financials,2247.31,4199502
2025-08-25,HDFCBANK.NS,Financials,2200.78,2938180
2025-08-26,HDFCBANK.NS,Financials,2160.18,3735385
2025-08-27,HDFCBANK.NS,Financials,2147.98,3474130
2025-08-28,HDFCBANK.NS,Financials,2141.76,3985142
2025-08-29,HDFCBANK.NS,Financials,2109.92,4243806
2025-09-01,HDFCBANK.NS,Financials,2096.55,3531463
2025-09-02,HDFCBANK.NS,Financials,2099.37,4026216
2025-09-03,HDFCBANK.NS,Financials,2091.68,3858423
2025-09-04,HDFCBANK.NS,Financials,2090.22,3152667
2025-09-05,HDFCBANK.NS,Financials,2095.93,4105467
2025-09-08,HDFCBANK.NS,Financials,2096.3,2553597
2025-09-09,HDFCBANK.NS,Financials,2089.83,4254465
2025-09-10,HDFCBANK.NS,Financials,2141.32,2706675
2025-09-11,HDFCBANK.NS,Financials,2167.11,3957276
2025-09-12,HDFCBANK.NS,Financials,2176.64,4699177
2025-09-15,HDFCBANK.NS,Financials,2158.99,2887594
2025-09-16,HDFCBANK.NS,Financials,2160.18,5731541
2025-09-17,HDFCBANK.NS,Financials,2147.04,7466154
2025-09-18,HDFCBANK.NS,Financials,2163.26,3180294
2025-09-19,HDFCBANK.NS,Financials,2228.1,3795546
2025-09-22,HDFCBANK.NS,Financials,2248.2,6102288
2025-09-23,HDFCBANK.NS,Financials,2253.3,2127932
2025-09-24,HDFCBANK.NS,Financials,2276.98,4039719
2025-09-25,HDFCBANK.NS,Financials,2313.53,3592221
2025-09-26,HDFCBANK.NS,Financials,2314.65,5472041
2025-09-29,HDFCBANK.NS,Financials,2311.35,3664505
2025-09-30,HDFCBANK.NS,Financials,2306.86,4677099
2025-10-01,HDFCBANK.NS,Financials,2326.73,2993316
2025-10-03,HDFCBANK.NS,Financials,2353.89,5570843
2025-10-06,HDFCBANK.NS,Financials,2376.29,2696432
2025-10-07,HDFCBANK.NS,Financials,2379.64,5415555
2025-10-08,HDFCBANK.NS,Financials,2411.94,4100698
2025-10-09,HDFCBANK.NS,Financials,2392.83,1751436
2025-10-10,HDFCBANK.NS,Financials,2368.23,4081861
2025-10-13,HDFCBANK.NS,Financials,2375.31,4937825
2025-10-14,HDFCBANK.NS,Financials,2382.13,2596629
2025-10-15,HDFCBANK.NS,Financials,2435.18,2968448
2025-10-16,HDFCBANK.NS,Financials,2393.9,4118871
2025-10-17,HDFCBANK.NS,Financials,2408.44,3338249
2025-10-20,HDFCBANK.NS,Financials,2399.16,4480985
2025-10-22,HDFCBANK.NS,Financials,2400.15,3710817
2025-10-23,HDFCBANK.NS,Financials,2432.72,2515810
2025-10-24,HDFCBANK.NS,Financials,2480.71,9019798
2025-10-27,HDFCBANK.NS,Financials,2501.18,3545022
2025-10-28,HDFCBANK.NS,Financials,2497.12,4170278
2025-10-29,HDFCBANK.NS,Financials,2478.43,7424840
2025-10-30,HDFCBANK.NS,Financials,2508.85,5400558
2025-10-31,HDFCBANK.NS,Financials,2544.74,4836142
2025-11-03,HDFCBANK.NS,Financials,2628.78,5781821
2025-11-04,HDFCBANK.NS,Financials,2665.34,4842817
2025-11-05,HDFCBANK.NS,Financials,2646.97,4842755
2025-11-06,HDFCBANK.NS,Financials,2665.38,4869478
2025-11-07,HDFCBANK.NS,Financials,2691.34,3763796
2025-11-10,HDFCBANK.NS,Financials,2721.45,5816319
2025-11-11,HDFCBANK.NS,Financials,2743.66,5055835
2025-11-12,HDFCBANK.NS,Financials,2799.77,1785353
2025-11-13,HDFCBANK.NS,Financials,2799.77,5377791
2025-11-14,HDFCBANK.NS,Financials,2853.76,3024619
2025-11-17,HDFCBANK.NS,Financials,2896.82,4347110
2025-11-18,HDFCBANK.NS,Financials,2880.7,2223753
2025-11-19,HDFCBANK.NS,Financials,2839.22,3255464
2025-11-20,HDFCBANK.NS,Financials,2829.77,3514748
2025-11-21,HDFCBANK.NS,Financials,2839.72,4817818
2025-11-24,HDFCBANK.NS,Financials,2840.72,3250452
2025-11-25,HDFCBANK.NS,Financials,2895.94,1870927
2025-11-26,HDFCBANK.NS,Financials,2868.4,3363150
2025-11-27,HDFCBANK.NS,Financials,2853.13,3494857
2025-11-28,HDFCBANK.NS,Financials,2886.13,4983161
2025-12-01,HDFCBANK.NS,Financials,2865.47,4205165
2025-12-02,HDFCBANK.NS,Financials,2914.06,3053104
2025-12-03,HDFCBANK.NS,Financials,2904.63,4399342
2025-12-04,HDFCBANK.NS,Financials,2867.42,7585763
2025-12-05,HDFCBANK.NS,Financials,2939.29,6014122
2025-12-08,HDFCBANK.NS,Financials,2915.53,2046578
2025-12-09,HDFCBANK.NS,Financials,2928.57,9495133
2025-12-10,HDFCBANK.NS,Financials,2934.5,6042520
2025-12-11,HDFCBANK.NS,Financials,2951.05,6954413
2025-12-12,HDFCBANK.NS,Financials,2917.09,2345584
2025-12-15,HDFCBANK.NS,Financials,2938.16,3453876
2025-12-16,HDFCBANK.NS,Financials,2918.11,4906039
2025-12-17,HDFCBANK.NS,Financials,2843.08,2696456
2025-12-18,HDFCBANK.NS,Financials,2875.35,4802958
2025-12-19,HDFCBANK.NS,Financials,2896.53,7071910
2025-12-22,HDFCBANK.NS,Financials,2868.56,3553286
2025-12-23,HDFCBANK.NS,Financials,2844.2,7247578
2025-12-24,HDFCBANK.NS,Financials,2885.3,5105726
2025-12-26,HDFCBANK.NS,Financials,2975.16,2083297
2025-12-29,HDFCBANK.NS,Financials,2978.33,2945777
2025-12-30,HDFCBANK.NS,Financials,3015.19,5884843
2025-12-31,HDFCBANK.NS,Financials,3033.88,2782128
2022-01-03,INFY.NS,IT,1494.57,3772558
2022-01-04,INFY.NS,IT,1494.62,3337195
2022-01-05,INFY.NS,IT,1491.3,2436752
2022-01-06,INFY.NS,IT,1479.36,3888383
2022-01-07,INFY.NS,IT,1496.0,5787295
2022-01-10,INFY.NS,IT,1532.18,6224351
2022-01-11,INFY.NS,IT,1531.55,5805093
2022-01-12,INFY.NS,IT,1550.12,4755552
2022-01-13,INFY.NS,IT,1572.06,6982073
2022-01-14,INFY.NS,IT,1572.39,2844672
2022-01-17,INFY.NS,IT,1574.5,6045082
2022-01-18,INFY.NS,IT,1556.0,4405807
2022-01-19,INFY.NS,IT,1496.45,4298167
2022-01-20,INFY.NS,IT,1457.68,2426430
2022-01-21,INFY.NS,IT,1474.11,4499471
2022-01-24,INFY.NS,IT,1486.61,5979858
2022-01-25,INFY.NS,IT,1483.07,1895415
2022-01-27,INFY.NS,IT,1484.46,5274751
2022-01-28,INFY.NS,IT,1508.79,1794475
2022-01-31,INFY.NS,IT,1494.08,2431246
2022-02-01,INFY.NS,IT,1480.59,3863152
2022-02-02,INFY.NS,IT,1452.85,6947888
2022-02-03,INFY.NS,IT,1475.26,3817736
2022-02-04,INFY.NS,IT,1470.03,4706654
2022-02-07,INFY.NS,IT,1486.97,2903861
2022-02-08,INFY.NS,IT,1482.19,3730322
2022-02-09,INFY.NS,IT,1467.01,3916826
2022-02-10,INFY.NS,IT,1484.41,7061906
2022-02-11,INFY.NS,IT,1446.01,3073869
2022-02-14,INFY.NS,IT,1437.54,3170146
2022-02-15,INFY.NS,IT,1431.63,5820454
2022-02-16,INFY.NS,IT,1469.34,3662342
2022-02-17,INFY.NS,IT,1497.05,4154114
2022-02-18,INFY.NS,IT,1489.23,4649710
2022-02-21,INFY.NS,IT,1476.22,3195398
2022-02-22,INFY.NS,IT,1516.85,1946773
2022-02-23,INFY.NS,IT,1490.25,5817056
2022-02-24,INFY.NS,IT,1452.09,4158439
2022-02-25,INFY.NS,IT,1413.48,2553710
2022-02-28,INFY.NS,IT,1411.48,5242630
2022-03-01,INFY.NS,IT,1351.67,8066515
2022-03-02,INFY.NS,IT,1379.8,6061159
2022-03-03,INFY.NS,IT,1374.7,8271523
2022-03-04,INFY.NS,IT,1328.6,2598067
2022-03-07,INFY.NS,IT,1334.89,4357195
2022-03-09,INFY.NS,IT,1348.58,4520775
2022-03-10,INFY.NS,IT,1351.53,3832903
2022-03-11,INFY.NS,IT,1337.91,3560064
2022-03-14,INFY.NS,IT,1313.2,1417157
2022-03-15,INFY.NS,IT,1342.48,7220051
2022-03-16,INFY.NS,IT,1289.97,2267361
2022-03-17,INFY.NS,IT,1281.29,5478256
2022-03-18,INFY.NS,IT,1274.12,4008141
2022-03-21,INFY.NS,IT,1247.92,3950405
2022-03-22,INFY.NS,IT,1255.95,3715715
2022-03-23,INFY.NS,IT,1237.26,4280825
2022-03-24,INFY.NS,IT,1265.82,4996621
2022-03-25,INFY.NS,IT,1275.84,5571048
2022-03-28,INFY.NS,IT,1275.56,3820663
2022-03-29,INFY.NS,IT,1284.2,2618411
2022-03-30,INFY.NS,IT,1281.18,2587147
2022-03-31,INFY.NS,IT,1275.57,5743768
2022-04-01,INFY.NS,IT,1274.06,3631076
2022-04-04,INFY.NS,IT,1300.56,2789369
2022-04-05,INFY.NS,IT,1305.23,3079836
2022-04-06,INFY.NS,IT,1295.99,3863696
2022-04-07,INFY.NS,IT,1317.03,2548002
2022-04-08,INFY.NS,IT,1312.48,3949505
2022-04-11,INFY.NS,IT,1322.83,6190778
2022-04-12,INFY.NS,IT,1333.59,3830317
2022-04-13,INFY.NS,IT,1342.81,2150797
2022-04-15,INFY.NS,IT,1336.93,5409801
2022-04-18,INFY.NS,IT,1340.57,5888822
2022-04-19,INFY.NS,IT,1399.0,5998508
2022-04-20,INFY.NS,IT,1406.42,4076083
2022-04-21,INFY.NS,IT,1405.25,9029588
2022-04-22,INFY.NS,IT,1384.49,5165902
2022-04-25,INFY.NS,IT,1361.44,11369323
2022-04-26,INFY.NS,IT,1366.73,6407994
2022-04-27,INFY.NS,IT,1340.98,6073704
2022-04-28,INFY.NS,IT,1341.51,3210929
2022-04-29,INFY.NS,IT,1355.89,2865344
2022-05-02,INFY.NS,IT,1333.92,4157517
2022-05-03,INFY.NS,IT,1327.4,3732599
2022-05-04,INFY.NS,IT,1295.7,3307974
2022-05-05,INFY.NS,IT,1274.47,3814988
2022-05-06,INFY.NS,IT,1294.38,3725403
2022-05-09,INFY.NS,IT,1332.84,3191345
2022-05-10,INFY.NS,IT,1330.42,5025407
2022-05-11,INFY.NS,IT,1359.82,3069154
2022-05-12,INFY.NS,IT,1339.57,3932944
2022-05-13,INFY.NS,IT,1347.14,2610258
2022-05-16,INFY.NS,IT,1353.29,4135132
2022-05-17,INFY.NS,IT,1393.04,4284274
2022-05-18,INFY.NS,IT,1363.57,2852011
2022-05-19,INFY.NS,IT,1338.94,4092493
2022-05-20,INFY.NS,IT,1295.08,3858400
2022-05-23,INFY.NS,IT,1320.68,3398121
2022-05-24,INFY.NS,IT,1344.62,3409373
2022-05-25,INFY.NS,IT,1361.77,4670273
2022-05-26,INFY.NS,IT,1311.77,4032583
2022-05-27,INFY.NS,IT,1313.2,5582654
2022-05-30,INFY.NS,IT,1290.31,2778084
2022-05-31,INFY.NS,IT,1294.05,3739091
2022-06-01,INFY.NS,IT,1291.72,3220208
2022-06-02,INFY.NS,IT,1293.2,4078187
2022-06-03,INFY.NS,IT,1261.24,4387242
2022-06-06,INFY.NS,IT,1268.2,2640108
2022-06-07,INFY.NS,IT,1273.34,4913787
2022-06-08,INFY.NS,IT,1287.75,8511910
2022-06-09,INFY.NS,IT,1295.86,4238487
2022-06-10,INFY.NS,IT,1285.9,2946902
2022-06-13,INFY.NS,IT,1285.3,3604895
2022-06-14,INFY.NS,IT,1272.36,3564519
2022-06-15,INFY.NS,IT,1252.03,3161162
2022-06-16,INFY.NS,IT,1279.48,5142002
2022-06-17,INFY.NS,IT,1298.35,2109364
2022-06-20,INFY.NS,IT,1263.77,4392309
2022-06-21,INFY.NS,IT,1275.6,6272387
2022-06-22,INFY.NS,IT,1293.29,6132422
2022-06-23,INFY.NS,IT,1258.87,5714842
2022-06-24,INFY.NS,IT,1262.37,3169113
2022-06-27,INFY.NS,IT,1247.02,6650088
2022-06-28,INFY.NS,IT,1269.0,4539461
2022-06-29,INFY.NS,IT,1229.18,6570775
2022-06-30,INFY.NS,IT,1213.07,5830111
2022-07-01,INFY.NS,IT,1230.2,4457230
2022-07-04,INFY.NS,IT,1243.66,3665029
2022-07-05,INFY.NS,IT,1247.32,9133299
2022-07-06,INFY.NS,IT,1249.05,2141556
2022-07-07,INFY.NS,IT,1244.89,3757589
2022-07-08,INFY.NS,IT,1250.9,2441460
2022-07-11,INFY.NS,IT,1259.38,4159674
2022-07-12,INFY.NS,IT,1244.7,4523741
2022-07-13,INFY.NS,IT,1235.29,3188224
2022-07-14,INFY.NS,IT,1212.66,3273265
2022-07-15,INFY.NS,IT,1215.23,2515007
2022-07-18,INFY.NS,IT,1219.62,4677008
2022-07-19,INFY.NS,IT,1186.4,3391504
2022-07-20,INFY.NS,IT,1211.47,4628968
2022-07-21,INFY.NS,IT,1206.2,3324004
2022-07-22,INFY.NS,IT,1194.68,4353579
2022-07-25,INFY.NS,IT,1200.33,5172422
2022-07-26,INFY.NS,IT,1202.38,4720736
2022-07-27,INFY.NS,IT,1210.33,4298287
2022-07-28,INFY.NS,IT,1240.95,3850860
2022-07-29,INFY.NS,IT,1248.74,4718560
2022-08-01,INFY.NS,IT,1283.07,3233428
2022-08-02,INFY.NS,IT,1288.18,3728621
2022-08-03,INFY.NS,IT,1235.65,4507736
2022-08-04,INFY.NS,IT,1262.67,6838101
2022-08-05,INFY.NS,IT,1268.03,3222944
2022-08-08,INFY.NS,IT,1247.04,2929015
2022-08-09,INFY.NS,IT,1242.64,4411933
2022-08-10,INFY.NS,IT,1229.62,6092042
2022-08-11,INFY.NS,IT,1218.59,5304781
2022-08-12,INFY.NS,IT,1256.34,4023443
2022-08-16,INFY.NS,IT,1265.03,6131628
2022-08-17,INFY.NS,IT,1279.56,2118982
2022-08-18,INFY.NS,IT,1271.27,5688769
2022-08-19,INFY.NS,IT,1286.29,3576998
2022-08-22,INFY.NS,IT,1300.63,4977786
2022-08-23,INFY.NS,IT,1344.75,5681883
2022-08-24,INFY.NS,IT,1344.88,4272885
2022-08-25,INFY.NS,IT,1374.05,4092020
2022-08-26,INFY.NS,IT,1378.04,3481511
2022-08-29,INFY.NS,IT,1394.61,7217541
2022-08-30,INFY.NS,IT,1364.4,4504402
2022-08-31,INFY.NS,IT,1328.72,4315915
2022-09-01,INFY.NS,IT,1316.91,6771986
2022-09-02,INFY.NS,IT,1327.34,3348833
2022-09-05,INFY.NS,IT,1354.28,3658555
2022-09-06,INFY.NS,IT,1323.09,5543300
2022-09-07,INFY.NS,IT,1344.64,7429909
2022-09-08,INFY.NS,IT,1344.73,4055508
2022-09-09,INFY.NS,IT,1339.72,4571283
2022-09-12,INFY.NS,IT,1334.35,2289972
2022-09-13,INFY.NS,IT,1342.92,6254267
2022-09-14,INFY.NS,IT,1320.42,2732954
2022-09-15,INFY.NS,IT,1293.78,3305829
2022-09-16,INFY.NS,IT,1305.2,4264950
2022-09-19,INFY.NS,IT,1330.89,3181419
2022-09-20,INFY.NS,IT,1322.28,2025176
2022-09-21,INFY.NS,IT,1315.72,2590864
2022-09-22,INFY.NS,IT,1341.82,4132758
2022-09-23,INFY.NS,IT,1329.65,6740864
2022-09-26,INFY.NS,IT,1300.65,6553635
2022-09-27,INFY.NS,IT,1281.07,4563987
2022-09-28,INFY.NS,IT,1277.14,4217917
2022-09-29,INFY.NS,IT,1264.56,5278629
2022-09-30,INFY.NS,IT,1234.96,6350107
2022-10-03,INFY.NS,IT,1215.65,4159773
2022-10-04,INFY.NS,IT,1231.92,4210096
2022-10-05,INFY.NS,IT,1212.15,4287618
2022-10-06,INFY.NS,IT,1224.21,5685113
2022-10-07,INFY.NS,IT,1220.19,2473222
2022-10-10,INFY.NS,IT,1237.43,4015753
2022-10-11,INFY.NS,IT,1250.01,4593763
2022-10-12,INFY.NS,IT,1245.61,2058228
2022-10-13,INFY.NS,IT,1251.46,5504071
2022-10-14,INFY.NS,IT,1234.25,5819145
2022-10-17,INFY.NS,IT,1264.39,2020513
2022-10-18,INFY.NS,IT,1268.24,3454970
2022-10-19,INFY.NS,IT,1263.59,3495448
2022-10-20,INFY.NS,IT,1252.61,2925283
2022-10-21,INFY.NS,IT,1256.04,3069934
2022-10-25,INFY.NS,IT,1261.78,3325584
2022-10-26,INFY.NS,IT,1265.8,4942986
2022-10-27,INFY.NS,IT,1251.88,6178594
2022-10-28,INFY.NS,IT,1268.23,4843447
2022-10-31,INFY.NS,IT,1275.77,2899791
2022-11-01,INFY.NS,IT,1276.92,5266418
2022-11-02,INFY.NS,IT,1283.19,4932709
2022-11-03,INFY.NS,IT,1329.39,1430320
2022-11-04,INFY.NS,IT,1354.73,6162338
2022-11-07,INFY.NS,IT,1347.74,4183819
2022-11-08,INFY.NS,IT,1338.16,4238543
2022-11-09,INFY.NS,IT,1349.92,2169443
2022-11-10,INFY.NS,IT,1337.37,7024194
2022-11-11,INFY.NS,IT,1305.27,4492577
2022-11-14,INFY.NS,IT,1285.12,5237156
2022-11-15,INFY.NS,IT,1282.46,2512211
2022-11-16,INFY.NS,IT,1279.11,4776038
2022-11-17,INFY.NS,IT,1280.99,4809471
2022-11-18,INFY.NS,IT,1274.15,3781205
2022-11-21,INFY.NS,IT,1235.37,2539274
2022-11-22,INFY.NS,IT,1248.83,3907829
2022-11-23,INFY.NS,IT,1283.11,2858275
2022-11-24,INFY.NS,IT,1273.4,3127121
2022-11-25,INFY.NS,IT,1306.57,5992456
2022-11-28,INFY.NS,IT,1306.72,4115872
2022-11-29,INFY.NS,IT,1327.74,3881353
2022-11-30,INFY.NS,IT,1289.11,2646086
2022-12-01,INFY.NS,IT,1288.56,3929291
2022-12-02,INFY.NS,IT,1286.28,3788330
2022-12-05,INFY.NS,IT,1264.66,2831811
2022-12-06,INFY.NS,IT,1285.6,5837139
2022-12-07,INFY.NS,IT,1283.21,5740144
2022-12-08,INFY.NS,IT,1291.02,3044742
2022-12-09,INFY.NS,IT,1276.24,4586099
2022-12-12,INFY.NS,IT,1310.58,2087646
2022-12-13,INFY.NS,IT,1309.04,4463232
2022-12-14,INFY.NS,IT,1315.39,5248593
2022-12-15,INFY.NS,IT,1340.11,2695321
2022-12-16,INFY.NS,IT,1339.0,4013830
2022-12-19,INFY.NS,IT,1340.75,4175156
2022-12-20,INFY.NS,IT,1317.9,10975700
2022-12-21,INFY.NS,IT,1331.96,9852975
2022-12-22,INFY.NS,IT,1351.12,4468984
2022-12-23,INFY.NS,IT,1366.04,3165138
2022-12-26,INFY.NS,IT,1378.7,4349451
2022-12-27,INFY.NS,IT,1327.73,5922049
2022-12-28,INFY.NS,IT,1323.14,2222432
2022-12-29,INFY.NS,IT,1331.4,1920308
2022-12-30,INFY.NS,IT,1373.02,2673535
2023-01-02,INFY.NS,IT,1396.25,5213807
2023-01-03,INFY.NS,IT,1420.29,5321273
2023-01-04,INFY.NS,IT,1432.35,4661291
2023-01-05,INFY.NS,IT,1433.74,5889987
2023-01-06,INFY.NS,IT,1431.77,3746921
2023-01-09,INFY.NS,IT,1415.23,3631538
2023-01-10,INFY.NS,IT,1452.04,4568906
2023-01-11,INFY.NS,IT,1439.08,7267698
2023-01-12,INFY.NS,IT,1462.9,4610748
2023-01-13,INFY.NS,IT,1463.74,3861200
2023-01-16,INFY.NS,IT,1475.84,4597354
2023-01-17,INFY.NS,IT,1453.38,6569870
2023-01-18,INFY.NS,IT,1465.24,3520322
2023-01-19,INFY.NS,IT,1455.09,3413421
2023-01-20,INFY.NS,IT,1465.75,3382369
2023-01-23,INFY.NS,IT,1421.67,5311288
2023-01-24,INFY.NS,IT,1423.65,3039676
2023-01-25,INFY.NS,IT,1413.85,4996419
2023-01-27,INFY.NS,IT,1381.0,2385964
2023-01-30,INFY.NS,IT,1356.56,3645870
2023-01-31,INFY.NS,IT,1357.8,3912199
2023-02-01,INFY.NS,IT,1367.64,7465154
2023-02-02,INFY.NS,IT,1371.29,5607438
2023-02-03,INFY.NS,IT,1398.49,3525097
2023-02-06,INFY.NS,IT,1409.17,3330036
2023-02-07,INFY.NS,IT,1398.39,3153513
2023-02-08,INFY.NS,IT,1394.44,2695841
2023-02-09,INFY.NS,IT,1373.75,7028649
2023-02-10,INFY.NS,IT,1378.0,3064450
2023-02-13,INFY.NS,IT,1362.96,7292079
2023-02-14,INFY.NS,IT,1392.1,4133970
2023-02-15,INFY.NS,IT,1374.61,3879159
2023-02-16,INFY.NS,IT,1416.52,4131527
2023-02-17,INFY.NS,IT,1467.15,6098142
2023-02-20,INFY.NS,IT,1473.47,2960766
2023-02-21,INFY.NS,IT,1439.11,4770050
2023-02-22,INFY.NS,IT,1458.37,3938930
2023-02-23,INFY.NS,IT,1481.48,4598098
2023-02-24,INFY.NS,IT,1462.07,3717050
2023-02-27,INFY.NS,IT,1459.52,3518893
2023-02-28,INFY.NS,IT,1466.69,4798605
2023-03-01,INFY.NS,IT,1465.82,2462771
2023-03-02,INFY.NS,IT,1491.96,6503662
2023-03-03,INFY.NS,IT,1505.46,4146535
2023-03-06,INFY.NS,IT,1505.51,3294225
2023-03-07,INFY.NS,IT,1487.45,4542590
2023-03-09,INFY.NS,IT,1482.12,3131188
2023-03-10,INFY.NS,IT,1495.21,4104501
2023-03-13,INFY.NS,IT,1506.8,4113386
2023-03-14,INFY.NS,IT,1464.35,6201821
2023-03-15,INFY.NS,IT,1455.78,4402112
2023-03-16,INFY.NS,IT,1458.02,2698323
2023-03-17,INFY.NS,IT,1487.04,4893505
2023-03-20,INFY.NS,IT,1490.77,5138926
2023-03-21,INFY.NS,IT,1446.65,2270955
2023-03-22,INFY.NS,IT,1432.17,2634316
2023-03-23,INFY.NS,IT,1473.04,8068193
2023-03-24,INFY.NS,IT,1479.7,3555143
2023-03-27,INFY.NS,IT,1467.96,3584492
2023-03-28,INFY.NS,IT,1462.03,3944239
2023-03-29,INFY.NS,IT,1434.64,3190572
2023-03-30,INFY.NS,IT,1450.45,2147067
2023-03-31,INFY.NS,IT,1466.58,2695823
2023-04-03,INFY.NS,IT,1530.04,3192662
2023-04-04,INFY.NS,IT,1528.49,3348287
2023-04-05,INFY.NS,IT,1512.89,3050172
2023-04-06,INFY.NS,IT,1542.32,2368658
2023-04-07,INFY.NS,IT,1545.86,3289551
2023-04-10,INFY.NS,IT,1504.5,5899280
2023-04-11,INFY.NS,IT,1498.72,3156031
2023-04-12,INFY.NS,IT,1489.55,3745975
2023-04-13,INFY.NS,IT,1476.59,6618285
2023-04-17,INFY.NS,IT,1465.91,3138991
2023-04-18,INFY.NS,IT,1483.17,11640354
2023-04-19,INFY.NS,IT,1516.81,5455778
2023-04-20,INFY.NS,IT,1491.6,4102231
2023-04-21,INFY.NS,IT,1476.18,3660753
2023-04-24,INFY.NS,IT,1518.13,6386717
2023-04-25,INFY.NS,IT,1546.5,3132627
2023-04-26,INFY.NS,IT,1585.43,3431670
2023-04-27,INFY.NS,IT,1568.57,7007884
2023-04-28,INFY.NS,IT,1593.54,3501040
2023-05-02,INFY.NS,IT,1575.47,3391080
2023-05-03,INFY.NS,IT,1557.71,3166560
2023-05-04,INFY.NS,IT,1540.5,2030250
2023-05-05,INFY.NS,IT,1532.86,5695524
2023-05-08,INFY.NS,IT,1536.02,3933161
2023-05-09,INFY.NS,IT,1523.98,5805868
2023-05-10,INFY.NS,IT,1539.99,3763604
2023-05-11,INFY.NS,IT,1559.16,3444436
2023-05-12,INFY.NS,IT,1569.36,3165436
2023-05-15,INFY.NS,IT,1550.53,5072735
2023-05-16,INFY.NS,IT,1563.49,3013245
2023-05-17,INFY.NS,IT,1541.15,4567954
2023-05-18,INFY.NS,IT,1578.43,4046416
2023-05-19,INFY.NS,IT,1573.45,2772008
2023-05-22,INFY.NS,IT,1567.71,3413015
2023-05-23,INFY.NS,IT,1559.52,4006876
2023-05-24,INFY.NS,IT,1530.04,3581628
2023-05-25,INFY.NS,IT,1568.8,7751094
2023-05-26,INFY.NS,IT,1555.31,4335095
2023-05-29,INFY.NS,IT,1578.49,3727941
2023-05-30,INFY.NS,IT,1603.56,3516269
2023-05-31,INFY.NS,IT,1612.21,3684936
2023-06-01,INFY.NS,IT,1629.04,3227658
2023-06-02,INFY.NS,IT,1621.68,2993385
2023-06-05,INFY.NS,IT,1649.24,4923424
2023-06-06,INFY.NS,IT,1678.12,6844792
2023-06-07,INFY.NS,IT,1698.77,3410097
2023-06-08,INFY.NS,IT,1701.91,4640273
2023-06-09,INFY.NS,IT,1703.75,3164494
2023-06-12,INFY.NS,IT,1725.57,4140468
2023-06-13,INFY.NS,IT,1799.02,2525697
2023-06-14,INFY.NS,IT,1820.81,2961707
2023-06-15,INFY.NS,IT,1830.25,2924949
2023-06-16,INFY.NS,IT,1848.54,3794908
2023-06-19,INFY.NS,IT,1858.01,2651269
2023-06-20,INFY.NS,IT,1865.69,1822684
2023-06-21,INFY.NS,IT,1916.64,2471847
2023-06-22,INFY.NS,IT,1947.38,3756160
2023-06-23,INFY.NS,IT,2010.78,3025579
2023-06-26,INFY.NS,IT,2045.03,3260235
2023-06-27,INFY.NS,IT,1983.15,4380035
2023-06-28,INFY.NS,IT,1966.26,2995514
2023-06-29,INFY.NS,IT,1944.62,3882428
2023-06-30,INFY.NS,IT,1968.18,8434429
2023-07-03,INFY.NS,IT,2021.37,3494318
2023-07-04,INFY.NS,IT,2020.21,3715665
2023-07-05,INFY.NS,IT,2015.46,4561494
2023-07-06,INFY.NS,IT,1993.0,2999025
2023-07-07,INFY.NS,IT,2035.8,3245859
2023-07-10,INFY.NS,IT,2020.26,3861658
2023-07-11,INFY.NS,IT,2006.78,4273445
2023-07-12,INFY.NS,IT,2061.97,2882990
2023-07-13,INFY.NS,IT,2092.29,4854181
2023-07-14,INFY.NS,IT,2044.92,6860757
2023-07-17,INFY.NS,IT,2034.43,2044040
2023-07-18,INFY.NS,IT,2002.01,4579211
2023-07-19,INFY.NS,IT,2009.46,3867155
2023-07-20,INFY.NS,IT,1992.57,3598483
2023-07-21,INFY.NS,IT,1929.96,4475799
2023-07-24,INFY.NS,IT,1955.14,6470375
2023-07-25,INFY.NS,IT,1959.95,4368760
2023-07-26,INFY.NS,IT,1937.5,5585656
2023-07-27,INFY.NS,IT,1901.62,3938674
2023-07-28,INFY.NS,IT,1904.4,4537004
2023-07-31,INFY.NS,IT,1921.93,3300679
2023-08-01,INFY.NS,IT,1957.54,4046097
2023-08-02,INFY.NS,IT,1949.03,3630260
2023-08-03,INFY.NS,IT,1962.05,4144886
2023-08-04,INFY.NS,IT,1966.19,2237053
2023-08-07,INFY.NS,IT,1968.83,2702563
2023-08-08,INFY.NS,IT,1982.02,6051648
2023-08-09,INFY.NS,IT,2019.33,6503987
2023-08-10,INFY.NS,IT,2022.51,2178153
2023-08-11,INFY.NS,IT,2012.57,3274074
2023-08-14,INFY.NS,IT,2050.68,3073273
2023-08-16,INFY.NS,IT,2041.43,4363001
2023-08-17,INFY.NS,IT,2086.16,3877424
2023-08-18,INFY.NS,IT,2038.4,5066111
2023-08-21,INFY.NS,IT,2078.06,2488174
2023-08-22,INFY.NS,IT,2084.53,4513044
2023-08-23,INFY.NS,IT,2077.46,3552454
2023-08-24,INFY.NS,IT,2097.66,3084696
2023-08-25,INFY.NS,IT,2020.87,4660350
2023-08-28,INFY.NS,IT,2021.83,3661920
2023-08-29,INFY.NS,IT,2026.12,3854489
2023-08-30,INFY.NS,IT,2008.36,6373889
2023-08-31,INFY.NS,IT,1991.12,4093105
2023-09-01,INFY.NS,IT,2000.26,7887114
2023-09-04,INFY.NS,IT,1984.44,1766629
2023-09-05,INFY.NS,IT,2003.22,3979440
2023-09-06,INFY.NS,IT,1977.96,2705883
2023-09-07,INFY.NS,IT,2022.07,2885385
2023-09-08,INFY.NS,IT,2040.75,3174138
2023-09-11,INFY.NS,IT,2018.41,5514563
2023-09-12,INFY.NS,IT,1981.72,3463072
2023-09-13,INFY.NS,IT,1964.72,2677650
2023-09-14,INFY.NS,IT,1991.53,5029863
2023-09-15,INFY.NS,IT,1973.35,2639675
2023-09-18,INFY.NS,IT,1960.06,7168489
2023-09-19,INFY.NS,IT,1954.47,2541174
2023-09-20,INFY.NS,IT,1928.19,3610802
2023-09-21,INFY.NS,IT,1926.46,7830544
2023-09-22,INFY.NS,IT,1982.23,3563968
2023-09-25,INFY.NS,IT,2013.91,4630949
2023-09-26,INFY.NS,IT,1995.53,3842621
2023-09-27,INFY.NS,IT,1999.35,3990939
2023-09-28,INFY.NS,IT,2029.77,2998218
2023-09-29,INFY.NS,IT,2007.95,4679104
2023-10-03,INFY.NS,IT,2018.32,6353821
2023-10-04,INFY.NS,IT,1991.01,2023356
2023-10-05,INFY.NS,IT,2002.83,2889170
2023-10-06,INFY.NS,IT,2000.54,3290604
2023-10-09,INFY.NS,IT,2036.86,2926867
2023-10-10,INFY.NS,IT,2042.82,4999940
2023-10-11,INFY.NS,IT,2044.08,3229717
2023-10-12,INFY.NS,IT,2069.24,4107542
2023-10-13,INFY.NS,IT,2093.45,6728656
2023-10-16,INFY.NS,IT,2085.45,2130380
2023-10-17,INFY.NS,IT,2069.47,4461296
2023-10-18,INFY.NS,IT,1995.14,3824902
2023-10-19,INFY.NS,IT,2014.49,3828858
2023-10-20,INFY.NS,IT,2020.01,2908733
2023-10-23,INFY.NS,IT,1999.81,3494820
2023-10-24,INFY.NS,IT,1978.33,3981721
2023-10-25,INFY.NS,IT,2018.45,3743645
2023-10-26,INFY.NS,IT,2074.76,5096123
2023-10-27,INFY.NS,IT,2092.27,2722620
2023-10-30,INFY.NS,IT,2155.1,2448790
2023-10-31,INFY.NS,IT,2153.82,1978463
2023-11-01,INFY.NS,IT,2154.85,4195261
2023-11-02,INFY.NS,IT,2128.26,5203062
2023-11-03,INFY.NS,IT,2189.81,2648031
2023-11-06,INFY.NS,IT,2168.6,2566636
2023-11-07,INFY.NS,IT,2233.98,7732904
2023-11-08,INFY.NS,IT,2193.79,6243698
2023-11-09,INFY.NS,IT,2212.57,6368115
2023-11-10,INFY.NS,IT,2257.29,4511871
2023-11-13,INFY.NS,IT,2184.24,5110908
2023-11-14,INFY.NS,IT,2174.03,3611140
2023-11-15,INFY.NS,IT,2186.17,2425851
2023-11-16,INFY.NS,IT,2255.56,2469155
2023-11-17,INFY.NS,IT,2228.89,3997240
2023-11-20,INFY.NS,IT,2224.73,5519249
2023-11-21,INFY.NS,IT,2266.26,3765464
2023-11-22,INFY.NS,IT,2221.7,4941370
2023-11-23,INFY.NS,IT,2220.58,3869371
2023-11-24,INFY.NS,IT,2206.88,4441629
2023-11-27,INFY.NS,IT,2245.78,5229343
2023-11-28,INFY.NS,IT,2229.7,6361649
2023-11-29,INFY.NS,IT,2206.31,4412142
2023-11-30,INFY.NS,IT,2260.7,7871681
2023-12-01,INFY.NS,IT,2251.37,3679973
2023-12-04,INFY.NS,IT,2242.6,6345749
2023-12-05,INFY.NS,IT,2196.85,4895743
2023-12-06,INFY.NS,IT,2251.65,2103875
2023-12-07,INFY.NS,IT,2216.22,6548666
2023-12-08,INFY.NS,IT,2212.16,2895404
2023-12-11,INFY.NS,IT,2174.38,3659737
2023-12-12,INFY.NS,IT,2203.46,5419973
2023-12-13,INFY.NS,IT,2208.51,3076838
2023-12-14,INFY.NS,IT,2201.11,3894687
2023-12-15,INFY.NS,IT,2187.57,5025440
2023-12-18,INFY.NS,IT,2184.7,2994312
2023-12-19,INFY.NS,IT,2173.6,3676438
2023-12-20,INFY.NS,IT,2214.8,3528199
2023-12-21,INFY.NS,IT,2211.23,5595012
2023-12-22,INFY.NS,IT,2175.79,6912980
2023-12-26,INFY.NS,IT,2201.23,2716848
2023-12-27,INFY.NS,IT,2185.85,4102890
2023-12-28,INFY.NS,IT,2239.5,3323589
2023-12-29,INFY.NS,IT,2204.92,4036379
2024-01-01,INFY.NS,IT,2175.66,7410092
2024-01-02,INFY.NS,IT,2176.88,4560482
2024-01-03,INFY.NS,IT,2174.3,3278625
2024-01-04,INFY.NS,IT,2203.23,2473419
2024-01-05,INFY.NS,IT,2177.7,5664235
2024-01-08,INFY.NS,IT,2173.88,3399997
2024-01-09,INFY.NS,IT,2168.88,3043148
2024-01-10,INFY.NS,IT,2167.5,4441034
2024-01-11,INFY.NS,IT,2161.01,4889743
2024-01-12,INFY.NS,IT,2147.22,3509614
2024-01-15,INFY.NS,IT,2107.64,2867419
2024-01-16,INFY.NS,IT,2090.44,6446161
2024-01-17,INFY.NS,IT,2116.0,5071962
2024-01-18,INFY.NS,IT,2104.52,5640811
2024-01-19,INFY.NS,IT,2071.68,3523843
2024-01-22,INFY.NS,IT,2078.61,2986515
2024-01-23,INFY.NS,IT,2069.33,3313571
2024-01-24,INFY.NS,IT,2065.01,2342487
2024-01-25,INFY.NS,IT,2103.67,3551629
2024-01-29,INFY.NS,IT,2080.02,3152249
2024-01-30,INFY.NS,IT,2071.48,3885666
2024-01-31,INFY.NS,IT,2097.25,4061896
2024-02-01,INFY.NS,IT,2098.89,4121580
2024-02-02,INFY.NS,IT,2103.94,3253119
2024-02-05,INFY.NS,IT,2055.36,2634262
2024-02-06,INFY.NS,IT,2044.36,2410229
2024-02-07,INFY.NS,IT,2016.81,4275356
2024-02-08,INFY.NS,IT,2027.81,4186495
2024-02-09,INFY.NS,IT,1991.62,2452882
2024-02-12,INFY.NS,IT,1984.73,6578136
2024-02-13,INFY.NS,IT,2039.17,5347624
2024-02-14,INFY.NS,IT,2040.58,2792589
2024-02-15,INFY.NS,IT,1997.85,4381575
2024-02-16,INFY.NS,IT,2006.98,3806035
2024-02-19,INFY.NS,IT,2021.94,4378666
2024-02-20,INFY.NS,IT,1987.99,4240526
2024-02-21,INFY.NS,IT,2043.54,5050937
2024-02-22,INFY.NS,IT,2020.99,6700650
2024-02-23,INFY.NS,IT,2042.85,4433561
2024-02-26,INFY.NS,IT,2033.39,4811567
2024-02-27,INFY.NS,IT,2026.92,6667057
2024-02-28,INFY.NS,IT,2041.22,3307662
2024-02-29,INFY.NS,IT,2059.71,2880360
2024-03-01,INFY.NS,IT,2112.78,5051435
2024-03-04,INFY.NS,IT,2189.38,2602508
2024-03-05,INFY.NS,IT,2122.05,3009651
2024-03-06,INFY.NS,IT,2108.47,6761427
2024-03-07,INFY.NS,IT,2113.11,2188529
2024-03-11,INFY.NS,IT,2085.46,4439260
2024-03-12,INFY.NS,IT,2102.41,2410218
2024-03-13,INFY.NS,IT,2089.12,4609745
2024-03-14,INFY.NS,IT,2110.86,7582418
2024-03-15,INFY.NS,IT,2098.26,2801159
2024-03-18,INFY.NS,IT,2124.84,1912338
2024-03-19,INFY.NS,IT,2157.95,4523565
2024-03-20,INFY.NS,IT,2151.52,3205400
2024-03-21,INFY.NS,IT,2190.31,3743642
2024-03-22,INFY.NS,IT,2094.35,4536423
2024-03-25,INFY.NS,IT,2104.92,4862329
2024-03-26,INFY.NS,IT,2080.54,4879086
2024-03-27,INFY.NS,IT,2066.18,3954596
2024-03-28,INFY.NS,IT,2066.64,4650588
2024-03-29,INFY.NS,IT,2055.88,3738545
2024-04-01,INFY.NS,IT,2093.49,3558532
2024-04-02,INFY.NS,IT,2089.63,3970098
2024-04-03,INFY.NS,IT,2064.86,4886756
2024-04-04,INFY.NS,IT,2080.73,3183655
2024-04-05,INFY.NS,IT,2105.45,4304568
2024-04-08,INFY.NS,IT,2101.32,3400195
2024-04-09,INFY.NS,IT,2144.64,3086090
2024-04-10,INFY.NS,IT,2081.79,5768917
2024-04-11,INFY.NS,IT,2106.32,4546613
2024-04-12,INFY.NS,IT,2078.0,4561316
2024-04-15,INFY.NS,IT,2101.12,2867995
2024-04-16,INFY.NS,IT,2092.67,3662620
2024-04-17,INFY.NS,IT,2015.63,4927100
2024-04-18,INFY.NS,IT,1980.36,4548342
2024-04-19,INFY.NS,IT,2010.87,9797241
2024-04-22,INFY.NS,IT,2002.74,4312220
2024-04-23,INFY.NS,IT,1953.78,3163721
2024-04-24,INFY.NS,IT,1927.87,3428710
2024-04-25,INFY.NS,IT,1935.18,2958580
2024-04-26,INFY.NS,IT,1945.22,3184392
2024-04-29,INFY.NS,IT,1965.76,4134611
2024-04-30,INFY.NS,IT,1960.6,3394552
2024-05-02,INFY.NS,IT,1957.38,6373301
2024-05-03,INFY.NS,IT,1934.75,5434907
2024-05-06,INFY.NS,IT,1875.69,5402777
2024-05-07,INFY.NS,IT,1891.42,3655854
2024-05-08,INFY.NS,IT,1899.24,5497679
2024-05-09,INFY.NS,IT,1875.94,5712083
2024-05-10,INFY.NS,IT,1875.44,6979920
2024-05-13,INFY.NS,IT,1883.59,3303860
2024-05-14,INFY.NS,IT,1929.09,4009045
2024-05-15,INFY.NS,IT,1981.9,3070061
2024-05-16,INFY.NS,IT,2009.75,10056696
2024-05-17,INFY.NS,IT,2011.22,3720417
2024-05-20,INFY.NS,IT,2033.13,6240261
2024-05-21,INFY.NS,IT,2020.42,4217739
2024-05-22,INFY.NS,IT,1999.87,5431898
2024-05-23,INFY.NS,IT,1965.27,3972594
2024-05-24,INFY.NS,IT,2018.08,5515690
2024-05-27,INFY.NS,IT,2039.75,4398220
2024-05-28,INFY.NS,IT,2034.86,7252148
2024-05-29,INFY.NS,IT,2060.37,4444456
2024-05-30,INFY.NS,IT,2074.08,3100695
2024-05-31,INFY.NS,IT,2107.66,4786628
2024-06-03,INFY.NS,IT,2081.39,4005739
2024-06-04,INFY.NS,IT,2086.78,2826903
2024-06-05,INFY.NS,IT,2103.02,4559541
2024-06-06,INFY.NS,IT,2101.81,3217514
2024-06-07,INFY.NS,IT,2086.77,3676532
2024-06-10,INFY.NS,IT,2092.86,4050619
2024-06-11,INFY.NS,IT,2106.74,1963879
2024-06-12,INFY.NS,IT,2117.87,3433302
2024-06-13,INFY.NS,IT,2107.17,5516941
2024-06-14,INFY.NS,IT,2137.37,3732923
2024-06-17,INFY.NS,IT,2165.44,2052109
2024-06-18,INFY.NS,IT,2121.0,3880257
2024-06-19,INFY.NS,IT,2076.84,4728114
2024-06-20,INFY.NS,IT,2142.8,3597538
2024-06-21,INFY.NS,IT,2113.65,3638501
2024-06-24,INFY.NS,IT,2093.58,3415361
2024-06-25,INFY.NS,IT,2135.53,4961483
2024-06-26,INFY.NS,IT,2100.84,2994463
2024-06-27,INFY.NS,IT,2123.4,4834040
2024-06-28,INFY.NS,IT,2129.07,3635391
2024-07-01,INFY.NS,IT,2123.59,6190946
2024-07-02,INFY.NS,IT,2117.62,3369047
2024-07-03,INFY.NS,IT,2087.78,2706689
2024-07-04,INFY.NS,IT,2128.68,4958395
2024-07-05,INFY.NS,IT,2139.7,4744354
2024-07-08,INFY.NS,IT,2170.43,4611938
2024-07-09,INFY.NS,IT,2228.61,5369624
2024-07-10,INFY.NS,IT,2220.07,2811865
2024-07-11,INFY.NS,IT,2183.22,3029977
2024-07-12,INFY.NS,IT,2178.94,6336835
2024-07-15,INFY.NS,IT,2129.64,4650234
2024-07-16,INFY.NS,IT,2182.44,3404199
2024-07-17,INFY.NS,IT,2220.42,2153783
2024-07-18,INFY.NS,IT,2246.72,2583135
2024-07-19,INFY.NS,IT,2222.81,2855889
2024-07-22,INFY.NS,IT,2236.82,3280714
2024-07-23,INFY.NS,IT,2240.21,4443368
2024-07-24,INFY.NS,IT,2213.62,2475521
2024-07-25,INFY.NS,IT,2181.09,3319297
2024-07-26,INFY.NS,IT,2175.74,2565809
2024-07-29,INFY.NS,IT,2202.21,3445300
2024-07-30,INFY.NS,IT,2222.91,9199225
2024-07-31,INFY.NS,IT,2243.11,6054063
2024-08-01,INFY.NS,IT,2260.43,4880418
2024-08-02,INFY.NS,IT,2243.41,3325771
2024-08-05,INFY.NS,IT,2244.14,2738923
2024-08-06,INFY.NS,IT,2218.74,3873474
2024-08-07,INFY.NS,IT,2249.85,2318172
2024-08-08,INFY.NS,IT,2234.82,5009484
2024-08-09,INFY.NS,IT,2229.86,3725171
2024-08-12,INFY.NS,IT,2197.39,3954490
2024-08-13,INFY.NS,IT,2185.85,2230037
2024-08-14,INFY.NS,IT,2201.13,4063008
2024-08-16,INFY.NS,IT,2157.29,3672314
2024-08-19,INFY.NS,IT,2104.38,2856680
2024-08-20,INFY.NS,IT,2145.72,4319110
2024-08-21,INFY.NS,IT,2127.31,3472975
2024-08-22,INFY.NS,IT,2125.01,4426595
2024-08-23,INFY.NS,IT,2120.68,4957489
2024-08-26,INFY.NS,IT,2120.48,2731357
2024-08-27,INFY.NS,IT,2125.81,4145170
2024-08-28,INFY.NS,IT,2108.17,4117895
2024-08-29,INFY.NS,IT,2146.78,6170461
2024-08-30,INFY.NS,IT,2129.33,5359320
2024-09-02,INFY.NS,IT,2083.06,3534506
2024-09-03,INFY.NS,IT,2044.82,3440049
2024-09-04,INFY.NS,IT,2023.69,4207481
2024-09-05,INFY.NS,IT,1993.23,2694514
2024-09-06,INFY.NS,IT,1976.01,2839762
2024-09-09,INFY.NS,IT,1982.24,3389653
2024-09-10,INFY.NS,IT,2034.8,1734836
2024-09-11,INFY.NS,IT,2029.34,2823869
2024-09-12,INFY.NS,IT,2044.71,3554447
2024-09-13,INFY.NS,IT,2071.59,10475995
2024-09-16,INFY.NS,IT,2022.68,3186884
2024-09-17,INFY.NS,IT,2002.24,5030743
2024-09-18,INFY.NS,IT,2020.11,3725351
2024-09-19,INFY.NS,IT,2060.23,4657485
2024-09-20,INFY.NS,IT,2055.12,2733575
2024-09-23,INFY.NS,IT,2005.25,2324534
2024-09-24,INFY.NS,IT,2009.73,6466029
2024-09-25,INFY.NS,IT,2000.67,2506691
2024-09-26,INFY.NS,IT,2045.6,6711070
2024-09-27,INFY.NS,IT,2039.51,3506568
2024-09-30,INFY.NS,IT,2045.17,2989234
2024-10-01,INFY.NS,IT,2037.7,3332586
2024-10-03,INFY.NS,IT,2061.52,6995385
2024-10-04,INFY.NS,IT,2067.53,3126809
2024-10-07,INFY.NS,IT,2058.68,3492982
2024-10-08,INFY.NS,IT,2078.68,5617154
2024-10-09,INFY.NS,IT,2103.89,4712893
2024-10-10,INFY.NS,IT,2142.72,8261505
2024-10-11,INFY.NS,IT,2134.5,6003523
2024-10-14,INFY.NS,IT,2173.89,3129253
2024-10-15,INFY.NS,IT,2192.89,6298983
2024-10-16,INFY.NS,IT,2147.75,2037487
2024-10-17,INFY.NS,IT,2152.66,5228219
2024-10-18,INFY.NS,IT,2142.05,3175150
2024-10-21,INFY.NS,IT,2157.65,4918262
2024-10-22,INFY.NS,IT,2132.06,7938496
2024-10-23,INFY.NS,IT,2153.11,2225204
2024-10-24,INFY.NS,IT,2132.54,5515210
2024-10-25,INFY.NS,IT,2160.43,5357703
2024-10-28,INFY.NS,IT,2137.24,5030787
2024-10-29,INFY.NS,IT,2075.66,2833248
2024-10-30,INFY.NS,IT,2036.47,3869647
2024-10-31,INFY.NS,IT,2092.73,2850289
2024-11-04,INFY.NS,IT,2136.33,4641275
2024-11-05,INFY.NS,IT,2121.64,2529393
2024-11-06,INFY.NS,IT,2100.86,3426170
2024-11-07,INFY.NS,IT,2097.52,4977977
2024-11-08,INFY.NS,IT,2107.14,3089556
2024-11-11,INFY.NS,IT,2075.5,3475698
2024-11-12,INFY.NS,IT,2054.76,2907252
2024-11-13,INFY.NS,IT,2027.61,4368126
2024-11-14,INFY.NS,IT,2050.66,3804983
2024-11-15,INFY.NS,IT,2006.02,3089672
2024-11-18,INFY.NS,IT,2033.73,3201913
2024-11-19,INFY.NS,IT,2053.12,4219944
2024-11-20,INFY.NS,IT,2000.03,2756915
2024-11-21,INFY.NS,IT,2046.59,3931369
2024-11-22,INFY.NS,IT,2047.88,4039436
2024-11-25,INFY.NS,IT,1990.24,4217040
2024-11-26,INFY.NS,IT,1974.95,3316435
2024-11-27,INFY.NS,IT,1950.44,4934588
2024-11-28,INFY.NS,IT,1955.58,5590404
2024-11-29,INFY.NS,IT,1940.38,5008080
2024-12-02,INFY.NS,IT,1908.38,4297045
2024-12-03,INFY.NS,IT,1856.0,2423570
2024-12-04,INFY.NS,IT,1820.95,7177442
2024-12-05,INFY.NS,IT,1818.48,4075537
2024-12-06,INFY.NS,IT,1819.5,4453231
2024-12-09,INFY.NS,IT,1807.69,3119686
2024-12-10,INFY.NS,IT,1806.57,3703632
2024-12-11,INFY.NS,IT,1838.74,6033177
2024-12-12,INFY.NS,IT,1805.86,5251032
2024-12-13,INFY.NS,IT,1810.31,3580639
2024-12-16,INFY.NS,IT,1777.98,6815326
2024-12-17,INFY.NS,IT,1823.76,2804557
2024-12-18,INFY.NS,IT,1849.24,2217084
2024-12-19,INFY.NS,IT,1846.73,2032534
2024-12-20,INFY.NS,IT,1855.71,5273641
2024-12-23,INFY.NS,IT,1824.2,3129480
2024-12-24,INFY.NS,IT,1840.27,3801365
2024-12-26,INFY.NS,IT,1894.08,5856311
2024-12-27,INFY.NS,IT,1921.27,4479668
2024-12-30,INFY.NS,IT,1929.08,2636223
2024-12-31,INFY.NS,IT,1885.33,7049502
2025-01-01,INFY.NS,IT,1904.29,3606151
2025-01-02,INFY.NS,IT,1940.1,3905786
2025-01-03,INFY.NS,IT,1962.16,3111175
2025-01-06,INFY.NS,IT,1971.74,2702058
2025-01-07,INFY.NS,IT,1992.15,4328042
2025-01-08,INFY.NS,IT,1995.18,2410907
2025-01-09,INFY.NS,IT,2015.7,3878354
2025-01-10,INFY.NS,IT,2009.46,6954430
2025-01-13,INFY.NS,IT,1988.44,5193617
2025-01-14,INFY.NS,IT,1954.08,4286767
2025-01-15,INFY.NS,IT,1997.54,2718506
2025-01-16,INFY.NS,IT,1972.63,3908848
2025-01-17,INFY.NS,IT,2014.18,3021847
2025-01-20,INFY.NS,IT,2047.05,6614516
2025-01-21,INFY.NS,IT,2045.02,3382484
2025-01-22,INFY.NS,IT,2078.24,3032533
2025-01-23,INFY.NS,IT,2055.81,3699849
2025-01-24,INFY.NS,IT,2106.8,3037051
2025-01-27,INFY.NS,IT,2081.19,4336069
2025-01-28,INFY.NS,IT,1995.75,7552924
2025-01-29,INFY.NS,IT,1996.57,4002817
2025-01-30,INFY.NS,IT,1989.89,2890753
2025-01-31,INFY.NS,IT,1986.12,3777949
2025-02-03,INFY.NS,IT,1946.04,2559155
2025-02-04,INFY.NS,IT,1932.4,10915799
2025-02-05,INFY.NS,IT,1932.54,7499230
2025-02-06,INFY.NS,IT,1958.81,6177699
2025-02-07,INFY.NS,IT,2025.93,5193897
2025-02-10,INFY.NS,IT,2030.3,3768092
2025-02-11,INFY.NS,IT,2042.97,3797315
2025-02-12,INFY.NS,IT,2053.82,3696383
2025-02-13,INFY.NS,IT,2071.99,9174153
2025-02-14,INFY.NS,IT,2025.09,3733092
2025-02-17,INFY.NS,IT,2011.75,3277427
2025-02-18,INFY.NS,IT,2022.86,3849330
2025-02-19,INFY.NS,IT,2004.75,4784735
2025-02-20,INFY.NS,IT,2008.74,1180171
2025-02-21,INFY.NS,IT,2010.54,4582077
2025-02-24,INFY.NS,IT,1975.2,1639859
2025-02-25,INFY.NS,IT,2011.51,6683994
2025-02-26,INFY.NS,IT,2033.64,2183747
2025-02-27,INFY.NS,IT,2006.31,3014326
2025-02-28,INFY.NS,IT,2034.01,2041168
2025-03-03,INFY.NS,IT,2049.81,7499046
2025-03-04,INFY.NS,IT,2084.38,3975658
2025-03-05,INFY.NS,IT,2117.04,8704094
2025-03-06,INFY.NS,IT,2145.87,8006527
2025-03-07,INFY.NS,IT,2179.87,6182585
2025-03-10,INFY.NS,IT,2146.98,2444620
2025-03-11,INFY.NS,IT,2113.38,4230867
2025-03-12,INFY.NS,IT,2124.79,6440867
2025-03-13,INFY.NS,IT,2111.82,4574876
2025-03-14,INFY.NS,IT,2096.97,3507994
2025-03-17,INFY.NS,IT,2059.0,4515550
2025-03-18,INFY.NS,IT,2100.6,4670119
2025-03-19,INFY.NS,IT,2060.45,2380852
2025-03-20,INFY.NS,IT,2039.02,3274252
2025-03-21,INFY.NS,IT,2039.6,5018285
2025-03-24,INFY.NS,IT,2030.56,5422330
2025-03-25,INFY.NS,IT,1983.54,4347818
2025-03-26,INFY.NS,IT,2089.17,3461600
2025-03-27,INFY.NS,IT,2090.01,3733331
2025-03-28,INFY.NS,IT,2072.48,3066314
2025-03-31,INFY.NS,IT,2056.26,3849978
2025-04-01,INFY.NS,IT,2090.86,5376380
2025-04-02,INFY.NS,IT,2100.81,9340461
2025-04-03,INFY.NS,IT,2110.17,2619552
2025-04-04,INFY.NS,IT,2079.38,6220535
2025-04-07,INFY.NS,IT,2090.91,4565240
2025-04-08,INFY.NS,IT,2103.03,2279729
2025-04-09,INFY.NS,IT,2120.7,3858568
2025-04-10,INFY.NS,IT,2131.5,3746391
2025-04-11,INFY.NS,IT,2118.92,3990526
2025-04-15,INFY.NS,IT,2091.08,5761584
2025-04-16,INFY.NS,IT,2076.62,7970090
2025-04-17,INFY.NS,IT,2016.99,6282485
2025-04-18,INFY.NS,IT,2021.98,4301536
2025-04-21,INFY.NS,IT,2018.72,4472095
2025-04-22,INFY.NS,IT,2028.8,8265776
2025-04-23,INFY.NS,IT,2049.41,2756441
2025-04-24,INFY.NS,IT,2045.16,6167032
2025-04-25,INFY.NS,IT,1992.53,2672307
2025-04-28,INFY.NS,IT,1979.91,2340988
2025-04-29,INFY.NS,IT,1965.82,4979844
2025-04-30,INFY.NS,IT,1950.19,2235172
2025-05-02,INFY.NS,IT,1944.0,3479899
2025-05-05,INFY.NS,IT,1898.97,6459047
2025-05-06,INFY.NS,IT,1899.34,2899762
2025-05-07,INFY.NS,IT,1916.68,7488455
2025-05-08,INFY.NS,IT,1908.22,1811846
2025-05-09,INFY.NS,IT,1961.91,5754506
2025-05-12,INFY.NS,IT,1965.97,2459716
2025-05-13,INFY.NS,IT,2000.61,3730254
2025-05-14,INFY.NS,IT,2004.34,4305959
2025-05-15,INFY.NS,IT,1968.45,3617142
2025-05-16,INFY.NS,IT,2005.05,3648983
2025-05-19,INFY.NS,IT,2023.4,2402978
2025-05-20,INFY.NS,IT,2001.58,6551747
2025-05-21,INFY.NS,IT,2027.5,2596219
2025-05-22,INFY.NS,IT,2061.28,2595405
2025-05-23,INFY.NS,IT,2080.63,3859189
2025-05-26,INFY.NS,IT,2131.4,3128643
2025-05-27,INFY.NS,IT,2110.04,5354799
2025-05-28,INFY.NS,IT,2155.47,3312623
2025-05-29,INFY.NS,IT,2158.41,3991142
2025-05-30,INFY.NS,IT,2120.49,4156037
2025-06-02,INFY.NS,IT,2152.94,5614313
2025-06-03,INFY.NS,IT,2192.25,3319445
2025-06-04,INFY.NS,IT,2217.57,2224125
2025-06-05,INFY.NS,IT,2240.56,3007531
2025-06-06,INFY.NS,IT,2233.75,5944977
2025-06-09,INFY.NS,IT,2233.85,4510061
2025-06-10,INFY.NS,IT,2243.98,3507296
2025-06-11,INFY.NS,IT,2269.25,4079121
2025-06-12,INFY.NS,IT,2311.28,3638306
2025-06-13,INFY.NS,IT,2272.07,5260264
2025-06-16,INFY.NS,IT,2275.6,4493386
2025-06-17,INFY.NS,IT,2256.0,3621469
2025-06-18,INFY.NS,IT,2300.37,5505075
2025-06-19,INFY.NS,IT,2268.39,6027734
2025-06-20,INFY.NS,IT,2324.31,2894229
2025-06-23,INFY.NS,IT,2322.46,2912812
2025-06-24,INFY.NS,IT,2285.51,9251980
2025-06-25,INFY.NS,IT,2328.66,4970982
2025-06-26,INFY.NS,IT,2277.07,7161764
2025-06-27,INFY.NS,IT,2290.21,5456558
2025-06-30,INFY.NS,IT,2300.94,4689327
2025-07-01,INFY.NS,IT,2346.33,1890134
2025-07-02,INFY.NS,IT,2378.71,2604087
2025-07-03,INFY.NS,IT,2389.1,5013340
2025-07-04,INFY.NS,IT,2358.76,2908866
2025-07-07,INFY.NS,IT,2413.91,3790881
2025-07-08,INFY.NS,IT,2428.54,5491000
2025-07-09,INFY.NS,IT,2426.88,4186913
2025-07-10,INFY.NS,IT,2390.9,4590833
2025-07-11,INFY.NS,IT,2433.68,6490071
2025-07-14,INFY.NS,IT,2428.36,6718948
2025-07-15,INFY.NS,IT,2473.95,3914858
2025-07-16,INFY.NS,IT,2480.58,6236210
2025-07-17,INFY.NS,IT,2490.75,2852506
2025-07-18,INFY.NS,IT,2420.73,4322637
2025-07-21,INFY.NS,IT,2403.41,4867572
2025-07-22,INFY.NS,IT,2430.76,3848174
2025-07-23,INFY.NS,IT,2453.37,3694228
2025-07-24,INFY.NS,IT,2404.57,2698495
2025-07-25,INFY.NS,IT,2383.32,3943388
2025-07-28,INFY.NS,IT,2381.17,2273960
2025-07-29,INFY.NS,IT,2409.15,3810941
2025-07-30,INFY.NS,IT,2357.78,4077959
2025-07-31,INFY.NS,IT,2375.86,5182668
2025-08-01,INFY.NS,IT,2422.42,2645303
2025-08-04,INFY.NS,IT,2432.51,4497162
2025-08-05,INFY.NS,IT,2479.08,4873851
2025-08-06,INFY.NS,IT,2472.81,3962079
2025-08-07,INFY.NS,IT,2464.85,4669667
2025-08-08,INFY.NS,IT,2531.52,4388323
2025-08-11,INFY.NS,IT,2537.58,1606807
2025-08-12,INFY.NS,IT,2535.73,2891412
2025-08-13,INFY.NS,IT,2505.23,8452427
2025-08-14,INFY.NS,IT,2473.81,5023363
2025-08-18,INFY.NS,IT,2455.63,3234672
2025-08-19,INFY.NS,IT,2488.29,4539464
2025-08-20,INFY.NS,IT,2545.93,5120909
2025-08-21,INFY.NS,IT,2528.58,6847491
2025-08-22,INFY.NS,IT,2577.83,3484161
2025-08-25,INFY.NS,IT,2502.3,3241000
2025-08-26,INFY.NS,IT,2507.8,3354412
2025-08-27,INFY.NS,IT,2478.47,3269060
2025-08-28,INFY.NS,IT,2460.52,3230821
2025-08-29,INFY.NS,IT,2464.23,4263437
2025-09-01,INFY.NS,IT,2409.51,3445683
2025-09-02,INFY.NS,IT,2426.32,3906963
2025-09-03,INFY.NS,IT,2450.87,7689186
2025-09-04,INFY.NS,IT,2551.65,2855442
2025-09-05,INFY.NS,IT,2533.35,4492371
2025-09-08,INFY.NS,IT,2520.76,2683247
2025-09-09,INFY.NS,IT,2577.28,5523124
2025-09-10,INFY.NS,IT,2635.99,5906974
2025-09-11,INFY.NS,IT,2686.59,2947049
2025-09-12,INFY.NS,IT,2665.55,3129694
2025-09-15,INFY.NS,IT,2646.81,5042185
2025-09-16,INFY.NS,IT,2746.77,3627047
2025-09-17,INFY.NS,IT,2750.16,6556743
2025-09-18,INFY.NS,IT,2777.9,2621766
2025-09-19,INFY.NS,IT,2798.19,5820909
2025-09-22,INFY.NS,IT,2784.99,8737494
2025-09-23,INFY.NS,IT,2746.91,4580093
2025-09-24,INFY.NS,IT,2674.96,3194969
2025-09-25,INFY.NS,IT,2671.02,3041964
2025-09-26,INFY.NS,IT,2640.05,3772665
2025-09-29,INFY.NS,IT,2618.86,5058708
2025-09-30,INFY.NS,IT,2636.6,2367264
2025-10-01,INFY.NS,IT,2691.83,3582517
2025-10-03,INFY.NS,IT,2716.41,4181017
2025-10-06,INFY.NS,IT,2719.96,6878810
2025-10-07,INFY.NS,IT,2674.86,7660561
2025-10-08,INFY.NS,IT,2717.3,3813045
2025-10-09,INFY.NS,IT,2712.98,2708952
2025-10-10,INFY.NS,IT,2664.77,4193517
2025-10-13,INFY.NS,IT,2648.14,4246414
2025-10-14,INFY.NS,IT,2677.95,6047431
2025-10-15,INFY.NS,IT,2682.0,3418487
2025-10-16,INFY.NS,IT,2665.21,2824518
2025-10-17,INFY.NS,IT,2678.81,3976545
2025-10-20,INFY.NS,IT,2604.41,3544691
2025-10-22,INFY.NS,IT,2631.77,3511933
2025-10-23,INFY.NS,IT,2643.4,2946404
2025-10-24,INFY.NS,IT,2680.55,2573015
2025-10-27,INFY.NS,IT,2662.72,4943706
2025-10-28,INFY.NS,IT,2625.04,4379317
2025-10-29,INFY.NS,IT,2557.5,3013948
2025-10-30,INFY.NS,IT,2568.96,5319966
2025-10-31,INFY.NS,IT,2597.19,2095052
2025-11-03,INFY.NS,IT,2612.11,3461463
2025-11-04,INFY.NS,IT,2590.39,4305369
2025-11-05,INFY.NS,IT,2585.37,5883996
2025-11-06,INFY.NS,IT,2575.51,3287286
2025-11-07,INFY.NS,IT,2627.03,5917430
2025-11-10,INFY.NS,IT,2678.87,3178421
2025-11-11,INFY.NS,IT,2693.35,5322806
2025-11-12,INFY.NS,IT,2681.94,7193993
2025-11-13,INFY.NS,IT,2684.75,2813726
2025-11-14,INFY.NS,IT,2711.92,4210119
2025-11-17,INFY.NS,IT,2781.93,4824496
2025-11-18,INFY.NS,IT,2799.81,2583124
2025-11-19,INFY.NS,IT,2847.74,4645321
2025-11-20,INFY.NS,IT,2853.67,3274757
2025-11-21,INFY.NS,IT,2837.27,2972694
2025-11-24,INFY.NS,IT,2785.33,3442951
2025-11-25,INFY.NS,IT,2825.51,3356364
2025-11-26,INFY.NS,IT,2767.35,5284248
2025-11-27,INFY.NS,IT,2670.05,3991517
2025-11-28,INFY.NS,IT,2667.42,8964244
2025-12-01,INFY.NS,IT,2654.22,3309703
2025-12-02,INFY.NS,IT,2598.17,4713112
2025-12-03,INFY.NS,IT,2589.7,3787690
2025-12-04,INFY.NS,IT,2618.93,2554424
2025-12-05,INFY.NS,IT,2659.04,6966711
2025-12-08,INFY.NS,IT,2662.46,4163426
2025-12-09,INFY.NS,IT,2711.26,3037860
2025-12-10,INFY.NS,IT,2695.58,4592562
2025-12-11,INFY.NS,IT,2668.37,5732681
2025-12-12,INFY.NS,IT,2676.07,2966514
2025-12-15,INFY.NS,IT,2653.08,4063772
2025-12-16,INFY.NS,IT,2614.94,5746596
2025-12-17,INFY.NS,IT,2606.37,4230271
2025-12-18,INFY.NS,IT,2626.2,4847435
2025-12-19,INFY.NS,IT,2621.54,3640311
2025-12-22,INFY.NS,IT,2653.99,2302465
2025-12-23,INFY.NS,IT,2589.97,3655978
2025-12-24,INFY.NS,IT,2559.75,3281393
2025-12-26,INFY.NS,IT,2574.47,3843318
2025-12-29,INFY.NS,IT,2596.91,3293999
2025-12-30,INFY.NS,IT,2630.96,4237998
2025-12-31,INFY.NS,IT,2616.48,3536505
2022-01-03,ICICIBANK.NS,Financials,951.36,3973126
2022-01-04,ICICIBANK.NS,Financials,955.57,5704076
2022-01-05,ICICIBANK.NS,Financials,942.23,3331514
2022-01-06,ICICIBANK.NS,Financials,955.03,2602963
2022-01-07,ICICIBANK.NS,Financials,953.2,4327023
2022-01-10,ICICIBANK.NS,Financials,940.56,2313619
2022-01-11,ICICIBANK.NS,Financials,954.55,3013763
2022-01-12,ICICIBANK.NS,Financials,951.1,4070391
2022-01-13,ICICIBANK.NS,Financials,948.67,1725705
2022-01-14,ICICIBANK.NS,Financials,933.91,3650972
2022-01-17,ICICIBANK.NS,Financials,934.48,6942492
2022-01-18,ICICIBANK.NS,Financials,931.05,2271981
2022-01-19,ICICIBANK.NS,Financials,916.27,3143373
2022-01-20,ICICIBANK.NS,Financials,905.2,4905958
2022-01-21,ICICIBANK.NS,Financials,906.13,5311582
2022-01-24,ICICIBANK.NS,Financials,917.69,4074590
2022-01-25,ICICIBANK.NS,Financials,908.33,3740751
2022-01-27,ICICIBANK.NS,Financials,877.14,7122060
2022-01-28,ICICIBANK.NS,Financials,890.21,4301430
2022-01-31,ICICIBANK.NS,Financials,885.04,2757432
2022-02-01,ICICIBANK.NS,Financials,881.23,4164274
2022-02-02,ICICIBANK.NS,Financials,873.44,3808643
2022-02-03,ICICIBANK.NS,Financials,862.25,3424523
2022-02-04,ICICIBANK.NS,Financials,856.62,2216806
2022-02-07,ICICIBANK.NS,Financials,853.26,3982895
2022-02-08,ICICIBANK.NS,Financials,859.31,4895759
2022-02-09,ICICIBANK.NS,Financials,856.61,5192181
2022-02-10,ICICIBANK.NS,Financials,833.66,4008362
2022-02-11,ICICIBANK.NS,Financials,817.2,4042782
2022-02-14,ICICIBANK.NS,Financials,828.3,3282184
2022-02-15,ICICIBANK.NS,Financials,819.72,5602873
2022-02-16,ICICIBANK.NS,Financials,829.98,2633482
2022-02-17,ICICIBANK.NS,Financials,826.01,3327193
2022-02-18,ICICIBANK.NS,Financials,832.04,3011494
2022-02-21,ICICIBANK.NS,Financials,831.04,3839691
2022-02-22,ICICIBANK.NS,Financials,818.65,6321531
2022-02-23,ICICIBANK.NS,Financials,802.04,2634752
2022-02-24,ICICIBANK.NS,Financials,781.62,4402751
2022-02-25,ICICIBANK.NS,Financials,787.09,4437219
2022-02-28,ICICIBANK.NS,Financials,775.31,2849281
2022-03-01,ICICIBANK.NS,Financials,765.06,3732521
2022-03-02,ICICIBANK.NS,Financials,768.92,2917201
2022-03-03,ICICIBANK.NS,Financials,770.3,4136025
2022-03-04,ICICIBANK.NS,Financials,757.19,3830919
2022-03-07,ICICIBANK.NS,Financials,737.08,6761018
2022-03-09,ICICIBANK.NS,Financials,726.32,3054550
2022-03-10,ICICIBANK.NS,Financials,710.67,3759557
2022-03-11,ICICIBANK.NS,Financials,691.68,3503361
2022-03-14,ICICIBANK.NS,Financials,694.92,6419505
2022-03-15,ICICIBANK.NS,Financials,700.44,3360777
2022-03-16,ICICIBANK.NS,Financials,689.59,2922912
2022-03-17,ICICIBANK.NS,Financials,701.6,3043183
2022-03-18,ICICIBANK.NS,Financials,701.32,3025624
2022-03-21,ICICIBANK.NS,Financials,705.83,3257817
2022-03-22,ICICIBANK.NS,Financials,715.78,2959354
2022-03-23,ICICIBANK.NS,Financials,713.61,4014477
2022-03-24,ICICIBANK.NS,Financials,699.37,2534442
2022-03-25,ICICIBANK.NS,Financials,702.4,4885629
2022-03-28,ICICIBANK.NS,Financials,707.09,4050756
2022-03-29,ICICIBANK.NS,Financials,706.39,7043529
2022-03-30,ICICIBANK.NS,Financials,713.17,4701561
2022-03-31,ICICIBANK.NS,Financials,712.92,4538299
2022-04-01,ICICIBANK.NS,Financials,712.66,8067429
2022-04-04,ICICIBANK.NS,Financials,712.19,4648492
2022-04-05,ICICIBANK.NS,Financials,702.43,3703660
2022-04-06,ICICIBANK.NS,Financials,705.73,2945460
2022-04-07,ICICIBANK.NS,Financials,699.86,6639266
2022-04-08,ICICIBANK.NS,Financials,692.57,2805436
2022-04-11,ICICIBANK.NS,Financials,678.22,2679548
2022-04-12,ICICIBANK.NS,Financials,693.48,2683747
2022-04-13,ICICIBANK.NS,Financials,689.11,3068317
2022-04-15,ICICIBANK.NS,Financials,686.49,4053939
2022-04-18,ICICIBANK.NS,Financials,691.96,3642814
2022-04-19,ICICIBANK.NS,Financials,692.55,4798823
2022-04-20,ICICIBANK.NS,Financials,699.39,2726386
2022-04-21,ICICIBANK.NS,Financials,705.76,2942812
2022-04-22,ICICIBANK.NS,Financials,712.39,4213228
2022-04-25,ICICIBANK.NS,Financials,701.04,2849169
2022-04-26,ICICIBANK.NS,Financials,701.14,2478692
2022-04-27,ICICIBANK.NS,Financials,686.65,2337409
2022-04-28,ICICIBANK.NS,Financials,684.44,3925550
2022-04-29,ICICIBANK.NS,Financials,694.4,3897752
2022-05-02,ICICIBANK.NS,Financials,684.28,3833981
2022-05-03,ICICIBANK.NS,Financials,701.85,6113035
2022-05-04,ICICIBANK.NS,Financials,693.17,4438255
2022-05-05,ICICIBANK.NS,Financials,678.53,3993265
2022-05-06,ICICIBANK.NS,Financials,686.29,6399981
2022-05-09,ICICIBANK.NS,Financials,713.96,5616695
2022-05-10,ICICIBANK.NS,Financials,699.72,3092616
2022-05-11,ICICIBANK.NS,Financials,708.92,5347244
2022-05-12,ICICIBANK.NS,Financials,699.14,7426262
2022-05-13,ICICIBANK.NS,Financials,696.06,7435894
2022-05-16,ICICIBANK.NS,Financials,680.44,5620080
2022-05-17,ICICIBANK.NS,Financials,689.3,4573522
2022-05-18,ICICIBANK.NS,Financials,682.88,4419694
2022-05-19,ICICIBANK.NS,Financials,691.71,6649277
2022-05-20,ICICIBANK.NS,Financials,679.91,2500025
2022-05-23,ICICIBANK.NS,Financials,672.6,6222410
2022-05-24,ICICIBANK.NS,Financials,654.69,4179256
2022-05-25,ICICIBANK.NS,Financials,678.73,2890836
2022-05-26,ICICIBANK.NS,Financials,685.22,2640029
2022-05-27,ICICIBANK.NS,Financials,698.33,2197945
2022-05-30,ICICIBANK.NS,Financials,711.13,4864973
2022-05-31,ICICIBANK.NS,Financials,709.5,7825197
2022-06-01,ICICIBANK.NS,Financials,705.33,3352727
2022-06-02,ICICIBANK.NS,Financials,708.52,2961209
2022-06-03,ICICIBANK.NS,Financials,707.06,6094902
2022-06-06,ICICIBANK.NS,Financials,696.44,4154593
2022-06-07,ICICIBANK.NS,Financials,690.8,6193602
2022-06-08,ICICIBANK.NS,Financials,679.74,2837557
2022-06-09,ICICIBANK.NS,Financials,676.26,5017307
2022-06-10,ICICIBANK.NS,Financials,670.72,7536832
2022-06-13,ICICIBANK.NS,Financials,664.39,2764933
2022-06-14,ICICIBANK.NS,Financials,660.15,3568777
2022-06-15,ICICIBANK.NS,Financials,644.93,3518141
2022-06-16,ICICIBANK.NS,Financials,637.54,5190472
2022-06-17,ICICIBANK.NS,Financials,635.81,6207240
2022-06-20,ICICIBANK.NS,Financials,642.49,3145180
2022-06-21,ICICIBANK.NS,Financials,649.12,9571674
2022-06-22,ICICIBANK.NS,Financials,646.26,4072501
2022-06-23,ICICIBANK.NS,Financials,633.08,3273346
2022-06-24,ICICIBANK.NS,Financials,635.19,6580916
2022-06-27,ICICIBANK.NS,Financials,627.15,4193402
2022-06-28,ICICIBANK.NS,Financials,624.56,3500171
2022-06-29,ICICIBANK.NS,Financials,621.63,3302451
2022-06-30,ICICIBANK.NS,Financials,614.37,8333320
2022-07-01,ICICIBANK.NS,Financials,616.57,2819693
2022-07-04,ICICIBANK.NS,Financials,617.69,5921143
2022-07-05,ICICIBANK.NS,Financials,607.67,3005422
2022-07-06,ICICIBANK.NS,Financials,602.89,3210840
2022-07-07,ICICIBANK.NS,Financials,598.79,3879901
2022-07-08,ICICIBANK.NS,Financials,595.38,4699180
2022-07-11,ICICIBANK.NS,Financials,586.27,2245285
2022-07-12,ICICIBANK.NS,Financials,579.58,3300049
2022-07-13,ICICIBANK.NS,Financials,581.01,5724017
2022-07-14,ICICIBANK.NS,Financials,579.88,5714942
2022-07-15,ICICIBANK.NS,Financials,578.46,3606992
2022-07-18,ICICIBANK.NS,Financials,570.59,2646227
2022-07-19,ICICIBANK.NS,Financials,568.58,4305637
2022-07-20,ICICIBANK.NS,Financials,576.11,5345345
2022-07-21,ICICIBANK.NS,Financials,586.63,4254737
2022-07-22,ICICIBANK.NS,Financials,581.72,6529778
2022-07-25,ICICIBANK.NS,Financials,577.52,3633052
2022-07-26,ICICIBANK.NS,Financials,581.24,2517330
2022-07-27,ICICIBANK.NS,Financials,577.91,3242394
2022-07-28,ICICIBANK.NS,Financials,580.34,3994932
2022-07-29,ICICIBANK.NS,Financials,570.54,3121407
2022-08-01,ICICIBANK.NS,Financials,571.49,3328860
2022-08-02,ICICIBANK.NS,Financials,574.99,5590617
2022-08-03,ICICIBANK.NS,Financials,575.45,3004680
2022-08-04,ICICIBANK.NS,Financials,577.59,2504027
2022-08-05,ICICIBANK.NS,Financials,589.91,5301434
2022-08-08,ICICIBANK.NS,Financials,593.8,5004695
2022-08-09,ICICIBANK.NS,Financials,593.21,2777288
2022-08-10,ICICIBANK.NS,Financials,581.85,5114558
2022-08-11,ICICIBANK.NS,Financials,565.07,2687950
2022-08-12,ICICIBANK.NS,Financials,563.79,3099541
2022-08-16,ICICIBANK.NS,Financials,561.11,2712697
2022-08-17,ICICIBANK.NS,Financials,581.86,3400931
2022-08-18,ICICIBANK.NS,Financials,585.56,4864236
2022-08-19,ICICIBANK.NS,Financials,592.14,4388294
2022-08-22,ICICIBANK.NS,Financials,583.33,3003221
2022-08-23,ICICIBANK.NS,Financials,592.64,4266514
2022-08-24,ICICIBANK.NS,Financials,592.77,4564110
2022-08-25,ICICIBANK.NS,Financials,584.96,5578373
2022-08-26,ICICIBANK.NS,Financials,593.18,4527793
2022-08-29,ICICIBANK.NS,Financials,589.59,5169024
2022-08-30,ICICIBANK.NS,Financials,594.65,4084384
2022-08-31,ICICIBANK.NS,Financials,594.21,3002024
2022-09-01,ICICIBANK.NS,Financials,590.65,4225448
2022-09-02,ICICIBANK.NS,Financials,590.06,6110157
2022-09-05,ICICIBANK.NS,Financials,592.07,6222857
2022-09-06,ICICIBANK.NS,Financials,598.2,1617657
2022-09-07,ICICIBANK.NS,Financials,595.53,4975945
2022-09-08,ICICIBANK.NS,Financials,598.23,3358558
2022-09-09,ICICIBANK.NS,Financials,592.89,4593783
2022-09-12,ICICIBANK.NS,Financials,595.54,2475452
2022-09-13,ICICIBANK.NS,Financials,595.19,3434722
2022-09-14,ICICIBANK.NS,Financials,584.29,2277405
2022-09-15,ICICIBANK.NS,Financials,578.29,3431730
2022-09-16,ICICIBANK.NS,Financials,596.2,4938899
2022-09-19,ICICIBANK.NS,Financials,602.35,4665782
2022-09-20,ICICIBANK.NS,Financials,610.18,8461782
2022-09-21,ICICIBANK.NS,Financials,610.25,3334179
2022-09-22,ICICIBANK.NS,Financials,621.98,2936098
2022-09-23,ICICIBANK.NS,Financials,619.76,6485455
2022-09-26,ICICIBANK.NS,Financials,619.09,2189729
2022-09-27,ICICIBANK.NS,Financials,619.59,4272108
2022-09-28,ICICIBANK.NS,Financials,619.89,4761178
2022-09-29,ICICIBANK.NS,Financials,626.97,1778764
2022-09-30,ICICIBANK.NS,Financials,619.51,2726140
2022-10-03,ICICIBANK.NS,Financials,619.31,2476013
2022-10-04,ICICIBANK.NS,Financials,619.7,5344667
2022-10-05,ICICIBANK.NS,Financials,641.25,3188735
2022-10-06,ICICIBANK.NS,Financials,639.59,3645014
2022-10-07,ICICIBANK.NS,Financials,645.54,2269923
2022-10-10,ICICIBANK.NS,Financials,634.3,3007268
2022-10-11,ICICIBANK.NS,Financials,629.9,3028147
2022-10-12,ICICIBANK.NS,Financials,629.2,3699287
2022-10-13,ICICIBANK.NS,Financials,628.22,3587364
2022-10-14,ICICIBANK.NS,Financials,622.63,6679605
2022-10-17,ICICIBANK.NS,Financials,623.9,5086443
2022-10-18,ICICIBANK.NS,Financials,623.78,2144154
2022-10-19,ICICIBANK.NS,Financials,613.7,5700911
2022-10-20,ICICIBANK.NS,Financials,619.24,5433129
2022-10-21,ICICIBANK.NS,Financials,617.6,4089140
2022-10-25,ICICIBANK.NS,Financials,628.07,5637825
2022-10-26,ICICIBANK.NS,Financials,636.44,6082310
2022-10-27,ICICIBANK.NS,Financials,616.08,3368472
2022-10-28,ICICIBANK.NS,Financials,614.26,2605366
2022-10-31,ICICIBANK.NS,Financials,626.96,4865575
2022-11-01,ICICIBANK.NS,Financials,626.81,3001355
2022-11-02,ICICIBANK.NS,Financials,631.73,4379782
2022-11-03,ICICIBANK.NS,Financials,631.36,2776481
2022-11-04,ICICIBANK.NS,Financials,636.79,5614776
2022-11-07,ICICIBANK.NS,Financials,623.95,3060840
2022-11-08,ICICIBANK.NS,Financials,616.84,3708607
2022-11-09,ICICIBANK.NS,Financials,615.59,3626162
2022-11-10,ICICIBANK.NS,Financials,622.4,2432199
2022-11-11,ICICIBANK.NS,Financials,618.9,5825941
2022-11-14,ICICIBANK.NS,Financials,624.52,6260621
2022-11-15,ICICIBANK.NS,Financials,624.3,3797280
2022-11-16,ICICIBANK.NS,Financials,624.75,3060712
2022-11-17,ICICIBANK.NS,Financials,636.35,3678806
2022-11-18,ICICIBANK.NS,Financials,648.75,3344718
2022-11-21,ICICIBANK.NS,Financials,643.22,3961141
2022-11-22,ICICIBANK.NS,Financials,634.22,3580097
2022-11-23,ICICIBANK.NS,Financials,638.39,2906557
2022-11-24,ICICIBANK.NS,Financials,638.94,5932709
2022-11-25,ICICIBANK.NS,Financials,629.0,3704531
2022-11-28,ICICIBANK.NS,Financials,637.14,7850419
2022-11-29,ICICIBANK.NS,Financials,636.01,4141162
2022-11-30,ICICIBANK.NS,Financials,625.06,3465331
2022-12-01,ICICIBANK.NS,Financials,626.45,3617354
2022-12-02,ICICIBANK.NS,Financials,621.2,3511174
2022-12-05,ICICIBANK.NS,Financials,613.73,3847178
2022-12-06,ICICIBANK.NS,Financials,628.99,4318404
2022-12-07,ICICIBANK.NS,Financials,637.86,2696088
2022-12-08,ICICIBANK.NS,Financials,643.78,2792717
2022-12-09,ICICIBANK.NS,Financials,630.29,5246443
2022-12-12,ICICIBANK.NS,Financials,630.61,4777528
2022-12-13,ICICIBANK.NS,Financials,633.38,2300707
2022-12-14,ICICIBANK.NS,Financials,633.38,4794128
2022-12-15,ICICIBANK.NS,Financials,641.09,5358179
2022-12-16,ICICIBANK.NS,Financials,645.58,4361614
2022-12-19,ICICIBANK.NS,Financials,646.47,2237953
2022-12-20,ICICIBANK.NS,Financials,648.62,2500535
2022-12-21,ICICIBANK.NS,Financials,647.09,3927636
2022-12-22,ICICIBANK.NS,Financials,657.28,7716123
2022-12-23,ICICIBANK.NS,Financials,666.72,3307044
2022-12-26,ICICIBANK.NS,Financials,678.66,4935260
2022-12-27,ICICIBANK.NS,Financials,675.66,3187055
2022-12-28,ICICIBANK.NS,Financials,686.08,7238898
2022-12-29,ICICIBANK.NS,Financials,687.46,4051176
2022-12-30,ICICIBANK.NS,Financials,696.82,2611862
2023-01-02,ICICIBANK.NS,Financials,706.22,3001306
2023-01-03,ICICIBANK.NS,Financials,700.47,2917682
2023-01-04,ICICIBANK.NS,Financials,698.73,4158724
2023-01-05,ICICIBANK.NS,Financials,691.44,3129199
2023-01-06,ICICIBANK.NS,Financials,688.5,3357412
2023-01-09,ICICIBANK.NS,Financials,678.92,7890776
2023-01-10,ICICIBANK.NS,Financials,684.86,3251948
2023-01-11,ICICIBANK.NS,Financials,686.83,4247151
2023-01-12,ICICIBANK.NS,Financials,686.02,3628976
2023-01-13,ICICIBANK.NS,Financials,689.3,3924628
2023-01-16,ICICIBANK.NS,Financials,684.74,5042418
2023-01-17,ICICIBANK.NS,Financials,678.48,1849872
2023-01-18,ICICIBANK.NS,Financials,668.79,4208466
2023-01-19,ICICIBANK.NS,Financials,652.58,3500241
2023-01-20,ICICIBANK.NS,Financials,650.89,4245768
2023-01-23,ICICIBANK.NS,Financials,651.53,3718438
2023-01-24,ICICIBANK.NS,Financials,647.65,3730153
2023-01-25,ICICIBANK.NS,Financials,641.65,4427933
2023-01-27,ICICIBANK.NS,Financials,641.09,3293405
2023-01-30,ICICIBANK.NS,Financials,654.06,7948407
2023-01-31,ICICIBANK.NS,Financials,653.26,2851262
2023-02-01,ICICIBANK.NS,Financials,650.35,6607404
2023-02-02,ICICIBANK.NS,Financials,642.71,2585845
2023-02-03,ICICIBANK.NS,Financials,662.82,3640919
2023-02-06,ICICIBANK.NS,Financials,654.2,4451571
2023-02-07,ICICIBANK.NS,Financials,650.81,2880639
2023-02-08,ICICIBANK.NS,Financials,647.96,2811922
2023-02-09,ICICIBANK.NS,Financials,649.64,3618951
2023-02-10,ICICIBANK.NS,Financials,654.11,5463071
2023-02-13,ICICIBANK.NS,Financials,651.63,4108987
2023-02-14,ICICIBANK.NS,Financials,648.82,7749673
2023-02-15,ICICIBANK.NS,Financials,636.33,4865283
2023-02-16,ICICIBANK.NS,Financials,652.52,3402221
2023-02-17,ICICIBANK.NS,Financials,656.17,1555126
2023-02-20,ICICIBANK.NS,Financials,660.73,2320293
2023-02-21,ICICIBANK.NS,Financials,649.43,3638650
2023-02-22,ICICIBANK.NS,Financials,639.27,2308883
2023-02-23,ICICIBANK.NS,Financials,648.63,3732484
2023-02-24,ICICIBANK.NS,Financials,624.16,4317387
2023-02-27,ICICIBANK.NS,Financials,633.31,3604079
2023-02-28,ICICIBANK.NS,Financials,637.27,3631088
2023-03-01,ICICIBANK.NS,Financials,644.61,7922146
2023-03-02,ICICIBANK.NS,Financials,651.7,4085736
2023-03-03,ICICIBANK.NS,Financials,647.75,3804836
2023-03-06,ICICIBANK.NS,Financials,633.68,2819289
2023-03-07,ICICIBANK.NS,Financials,621.66,3988248
2023-03-09,ICICIBANK.NS,Financials,620.09,3377067
2023-03-10,ICICIBANK.NS,Financials,640.34,7501404
2023-03-13,ICICIBANK.NS,Financials,637.54,4873282
2023-03-14,ICICIBANK.NS,Financials,648.84,6564181
2023-03-15,ICICIBANK.NS,Financials,631.87,4295015
2023-03-16,ICICIBANK.NS,Financials,635.6,6175206
2023-03-17,ICICIBANK.NS,Financials,644.88,2812973
2023-03-20,ICICIBANK.NS,Financials,654.48,4357297
2023-03-21,ICICIBANK.NS,Financials,636.61,2945446
2023-03-22,ICICIBANK.NS,Financials,630.82,3423350
2023-03-23,ICICIBANK.NS,Financials,632.64,4051389
2023-03-24,ICICIBANK.NS,Financials,632.25,2856157
2023-03-27,ICICIBANK.NS,Financials,643.04,2393452
2023-03-28,ICICIBANK.NS,Financials,646.24,5633767
2023-03-29,ICICIBANK.NS,Financials,628.82,2217273
2023-03-30,ICICIBANK.NS,Financials,633.48,7213966
2023-03-31,ICICIBANK.NS,Financials,639.86,3001187
2023-04-03,ICICIBANK.NS,Financials,635.38,4868411
2023-04-04,ICICIBANK.NS,Financials,633.81,4969230
2023-04-05,ICICIBANK.NS,Financials,627.14,2711544
2023-04-06,ICICIBANK.NS,Financials,639.52,4690446
2023-04-07,ICICIBANK.NS,Financials,641.96,4240011
2023-04-10,ICICIBANK.NS,Financials,624.96,4980012
2023-04-11,ICICIBANK.NS,Financials,614.43,6097269
2023-04-12,ICICIBANK.NS,Financials,621.53,5308339
2023-04-13,ICICIBANK.NS,Financials,617.94,2946326
2023-04-17,ICICIBANK.NS,Financials,610.03,3807153
2023-04-18,ICICIBANK.NS,Financials,607.68,2992413
2023-04-19,ICICIBANK.NS,Financials,617.15,3263987
2023-04-20,ICICIBANK.NS,Financials,631.99,4736381
2023-04-21,ICICIBANK.NS,Financials,633.44,4934593
2023-04-24,ICICIBANK.NS,Financials,643.3,4894936
2023-04-25,ICICIBANK.NS,Financials,638.05,4415939
2023-04-26,ICICIBANK.NS,Financials,639.77,4658576
2023-04-27,ICICIBANK.NS,Financials,635.13,3405310
2023-04-28,ICICIBANK.NS,Financials,647.68,6406981
2023-05-02,ICICIBANK.NS,Financials,639.32,5044532
2023-05-03,ICICIBANK.NS,Financials,633.31,3963512
2023-05-04,ICICIBANK.NS,Financials,624.56,5922042
2023-05-05,ICICIBANK.NS,Financials,629.85,3334018
2023-05-08,ICICIBANK.NS,Financials,622.25,4163433
2023-05-09,ICICIBANK.NS,Financials,635.48,5461380
2023-05-10,ICICIBANK.NS,Financials,638.69,2606901
2023-05-11,ICICIBANK.NS,Financials,648.39,8692211
2023-05-12,ICICIBANK.NS,Financials,646.31,3249132
2023-05-15,ICICIBANK.NS,Financials,641.49,3407937
2023-05-16,ICICIBANK.NS,Financials,641.1,4020986
2023-05-17,ICICIBANK.NS,Financials,630.35,5173247
2023-05-18,ICICIBANK.NS,Financials,641.6,5349220
2023-05-19,ICICIBANK.NS,Financials,650.45,6747642
2023-05-22,ICICIBANK.NS,Financials,639.78,3904539
2023-05-23,ICICIBANK.NS,Financials,644.39,4481750
2023-05-24,ICICIBANK.NS,Financials,648.76,2330598
2023-05-25,ICICIBANK.NS,Financials,659.89,2744833
2023-05-26,ICICIBANK.NS,Financials,674.98,3867189
2023-05-29,ICICIBANK.NS,Financials,676.56,4525559
2023-05-30,ICICIBANK.NS,Financials,676.38,3928800
2023-05-31,ICICIBANK.NS,Financials,692.49,4796939
2023-06-01,ICICIBANK.NS,Financials,696.63,3914237
2023-06-02,ICICIBANK.NS,Financials,700.12,3678859
2023-06-05,ICICIBANK.NS,Financials,693.6,9249553
2023-06-06,ICICIBANK.NS,Financials,698.29,3641408
2023-06-07,ICICIBANK.NS,Financials,712.05,5690765
2023-06-08,ICICIBANK.NS,Financials,702.25,2528148
2023-06-09,ICICIBANK.NS,Financials,696.34,4168829
2023-06-12,ICICIBANK.NS,Financials,684.45,3153158
2023-06-13,ICICIBANK.NS,Financials,699.89,7984431
2023-06-14,ICICIBANK.NS,Financials,704.03,3284880
2023-06-15,ICICIBANK.NS,Financials,725.12,3949836
2023-06-16,ICICIBANK.NS,Financials,725.69,2992975
2023-06-19,ICICIBANK.NS,Financials,708.77,2930615
2023-06-20,ICICIBANK.NS,Financials,725.79,3887734
2023-06-21,ICICIBANK.NS,Financials,715.58,4533005
2023-06-22,ICICIBANK.NS,Financials,720.32,5781463
2023-06-23,ICICIBANK.NS,Financials,709.43,3260291
2023-06-26,ICICIBANK.NS,Financials,715.58,3241261
2023-06-27,ICICIBANK.NS,Financials,712.11,6260625
2023-06-28,ICICIBANK.NS,Financials,695.97,6975152
2023-06-29,ICICIBANK.NS,Financials,712.15,3876898
2023-06-30,ICICIBANK.NS,Financials,706.55,4699630
2023-07-03,ICICIBANK.NS,Financials,701.56,7162370
2023-07-04,ICICIBANK.NS,Financials,701.41,10090346
2023-07-05,ICICIBANK.NS,Financials,688.39,4623215
2023-07-06,ICICIBANK.NS,Financials,686.46,5197356
2023-07-07,ICICIBANK.NS,Financials,680.49,4182872
2023-07-10,ICICIBANK.NS,Financials,688.81,2378430
2023-07-11,ICICIBANK.NS,Financials,685.11,4507624
2023-07-12,ICICIBANK.NS,Financials,672.58,6452093
2023-07-13,ICICIBANK.NS,Financials,669.13,3067570
2023-07-14,ICICIBANK.NS,Financials,687.67,2086364
2023-07-17,ICICIBANK.NS,Financials,682.2,4910048
2023-07-18,ICICIBANK.NS,Financials,684.32,2159311
2023-07-19,ICICIBANK.NS,Financials,685.74,2303107
2023-07-20,ICICIBANK.NS,Financials,673.03,2253295
2023-07-21,ICICIBANK.NS,Financials,667.74,1980754
2023-07-24,ICICIBANK.NS,Financials,681.71,5780955
2023-07-25,ICICIBANK.NS,Financials,666.75,4190815
2023-07-26,ICICIBANK.NS,Financials,668.63,8201601
2023-07-27,ICICIBANK.NS,Financials,679.31,5163567
2023-07-28,ICICIBANK.NS,Financials,670.56,8215253
2023-07-31,ICICIBANK.NS,Financials,687.14,3187045
2023-08-01,ICICIBANK.NS,Financials,692.37,4532784
2023-08-02,ICICIBANK.NS,Financials,686.89,2556239
2023-08-03,ICICIBANK.NS,Financials,677.69,3623451
2023-08-04,ICICIBANK.NS,Financials,674.59,6596865
2023-08-07,ICICIBANK.NS,Financials,676.03,3936550
2023-08-08,ICICIBANK.NS,Financials,681.51,3677742
2023-08-09,ICICIBANK.NS,Financials,688.08,3961932
2023-08-10,ICICIBANK.NS,Financials,685.0,4198529
2023-08-11,ICICIBANK.NS,Financials,679.29,4200396
2023-08-14,ICICIBANK.NS,Financials,685.31,6366571
2023-08-16,ICICIBANK.NS,Financials,687.89,3102239
2023-08-17,ICICIBANK.NS,Financials,708.53,3714113
2023-08-18,ICICIBANK.NS,Financials,710.59,4132023
2023-08-21,ICICIBANK.NS,Financials,714.41,2910334
2023-08-22,ICICIBANK.NS,Financials,711.63,3414868
2023-08-23,ICICIBANK.NS,Financials,706.13,5221253
2023-08-24,ICICIBANK.NS,Financials,701.42,2992334
2023-08-25,ICICIBANK.NS,Financials,695.99,10541383
2023-08-28,ICICIBANK.NS,Financials,697.69,7080215
2023-08-29,ICICIBANK.NS,Financials,696.73,4247839
2023-08-30,ICICIBANK.NS,Financials,692.93,4883969
2023-08-31,ICICIBANK.NS,Financials,688.35,5228777
2023-09-01,ICICIBANK.NS,Financials,699.58,4857379
2023-09-04,ICICIBANK.NS,Financials,701.08,4128403
2023-09-05,ICICIBANK.NS,Financials,705.26,10460852
2023-09-06,ICICIBANK.NS,Financials,702.36,3105171
2023-09-07,ICICIBANK.NS,Financials,702.15,3486992
2023-09-08,ICICIBANK.NS,Financials,703.08,4095627
2023-09-11,ICICIBANK.NS,Financials,699.16,5004059
2023-09-12,ICICIBANK.NS,Financials,687.26,8073733
2023-09-13,ICICIBANK.NS,Financials,680.93,3990483
2023-09-14,ICICIBANK.NS,Financials,697.75,4888946
2023-09-15,ICICIBANK.NS,Financials,705.63,4569704
2023-09-18,ICICIBANK.NS,Financials,699.11,3878911
2023-09-19,ICICIBANK.NS,Financials,703.4,6166316
2023-09-20,ICICIBANK.NS,Financials,699.89,4638706
2023-09-21,ICICIBANK.NS,Financials,718.64,5643551
2023-09-22,ICICIBANK.NS,Financials,721.5,3603483
2023-09-25,ICICIBANK.NS,Financials,725.18,3304386
2023-09-26,ICICIBANK.NS,Financials,716.65,3540886
2023-09-27,ICICIBANK.NS,Financials,717.84,4433215
2023-09-28,ICICIBANK.NS,Financials,695.55,5904302
2023-09-29,ICICIBANK.NS,Financials,693.68,8317276
2023-10-03,ICICIBANK.NS,Financials,698.8,4244971
2023-10-04,ICICIBANK.NS,Financials,711.34,7664809
2023-10-05,ICICIBANK.NS,Financials,716.78,4971213
2023-10-06,ICICIBANK.NS,Financials,715.7,3159925
2023-10-09,ICICIBANK.NS,Financials,709.17,4162456
2023-10-10,ICICIBANK.NS,Financials,706.35,5226458
2023-10-11,ICICIBANK.NS,Financials,703.07,5369892
2023-10-12,ICICIBANK.NS,Financials,701.68,3375770
2023-10-13,ICICIBANK.NS,Financials,692.79,3524940
2023-10-16,ICICIBANK.NS,Financials,687.88,3550827
2023-10-17,ICICIBANK.NS,Financials,687.14,3725951
2023-10-18,ICICIBANK.NS,Financials,682.82,4443178
2023-10-19,ICICIBANK.NS,Financials,662.23,7731587
2023-10-20,ICICIBANK.NS,Financials,663.89,3445550
2023-10-23,ICICIBANK.NS,Financials,663.25,2249339
2023-10-24,ICICIBANK.NS,Financials,677.61,2199238
2023-10-25,ICICIBANK.NS,Financials,678.72,5314160
2023-10-26,ICICIBANK.NS,Financials,699.37,3299239
2023-10-27,ICICIBANK.NS,Financials,707.57,4387921
2023-10-30,ICICIBANK.NS,Financials,715.24,3116915
2023-10-31,ICICIBANK.NS,Financials,724.38,3790920
2023-11-01,ICICIBANK.NS,Financials,725.68,3563423
2023-11-02,ICICIBANK.NS,Financials,721.96,3139621
2023-11-03,ICICIBANK.NS,Financials,739.27,6154704
2023-11-06,ICICIBANK.NS,Financials,744.04,6315138
2023-11-07,ICICIBANK.NS,Financials,758.04,4994907
2023-11-08,ICICIBANK.NS,Financials,765.33,8164860
2023-11-09,ICICIBANK.NS,Financials,789.01,2519448
2023-11-10,ICICIBANK.NS,Financials,775.47,3708590
2023-11-13,ICICIBANK.NS,Financials,766.13,3533479
2023-11-14,ICICIBANK.NS,Financials,763.76,5118054
2023-11-15,ICICIBANK.NS,Financials,780.67,2568383
2023-11-16,ICICIBANK.NS,Financials,781.96,5043452
2023-11-17,ICICIBANK.NS,Financials,787.32,2409587
2023-11-20,ICICIBANK.NS,Financials,793.82,5187445
2023-11-21,ICICIBANK.NS,Financials,803.11,5981696
2023-11-22,ICICIBANK.NS,Financials,807.62,2686707
2023-11-23,ICICIBANK.NS,Financials,812.63,3511288
2023-11-24,ICICIBANK.NS,Financials,814.12,6056131
2023-11-27,ICICIBANK.NS,Financials,824.68,6498994
2023-11-28,ICICIBANK.NS,Financials,825.6,2422519
2023-11-29,ICICIBANK.NS,Financials,835.86,4555357
2023-11-30,ICICIBANK.NS,Financials,843.44,5019136
2023-12-01,ICICIBANK.NS,Financials,843.91,3979880
2023-12-04,ICICIBANK.NS,Financials,830.04,6600308
2023-12-05,ICICIBANK.NS,Financials,841.6,3297161
2023-12-06,ICICIBANK.NS,Financials,865.22,3453113
2023-12-07,ICICIBANK.NS,Financials,837.41,3170153
2023-12-08,ICICIBANK.NS,Financials,842.13,4351124
2023-12-11,ICICIBANK.NS,Financials,845.96,3634511
2023-12-12,ICICIBANK.NS,Financials,850.62,5418354
2023-12-13,ICICIBANK.NS,Financials,857.94,3535505
2023-12-14,ICICIBANK.NS,Financials,859.16,3767701
2023-12-15,ICICIBANK.NS,Financials,865.06,4362251
2023-12-18,ICICIBANK.NS,Financials,853.92,3041575
2023-12-19,ICICIBANK.NS,Financials,867.92,5805572
2023-12-20,ICICIBANK.NS,Financials,871.73,5171317
2023-12-21,ICICIBANK.NS,Financials,858.31,5112642
2023-12-22,ICICIBANK.NS,Financials,859.06,2846278
2023-12-26,ICICIBANK.NS,Financials,848.4,6988116
2023-12-27,ICICIBANK.NS,Financials,850.08,2128026
2023-12-28,ICICIBANK.NS,Financials,872.23,5272281
2023-12-29,ICICIBANK.NS,Financials,871.46,4273481
2024-01-01,ICICIBANK.NS,Financials,849.48,5140685
2024-01-02,ICICIBANK.NS,Financials,848.46,3774760
2024-01-03,ICICIBANK.NS,Financials,853.81,4192819
2024-01-04,ICICIBANK.NS,Financials,858.01,5200600
2024-01-05,ICICIBANK.NS,Financials,862.75,4069734
2024-01-08,ICICIBANK.NS,Financials,855.21,4390312
2024-01-09,ICICIBANK.NS,Financials,845.53,4440569
2024-01-10,ICICIBANK.NS,Financials,853.49,8776110
2024-01-11,ICICIBANK.NS,Financials,871.81,2327919
2024-01-12,ICICIBANK.NS,Financials,863.49,6410086
2024-01-15,ICICIBANK.NS,Financials,862.75,4771243
2024-01-16,ICICIBANK.NS,Financials,874.96,4568368
2024-01-17,ICICIBANK.NS,Financials,872.94,2609097
2024-01-18,ICICIBANK.NS,Financials,877.97,6095729
2024-01-19,ICICIBANK.NS,Financials,867.46,2738571
2024-01-22,ICICIBANK.NS,Financials,868.54,6818001
2024-01-23,ICICIBANK.NS,Financials,872.06,3366302
2024-01-24,ICICIBANK.NS,Financials,860.89,6817898
2024-01-25,ICICIBANK.NS,Financials,853.83,3176492
2024-01-29,ICICIBANK.NS,Financials,857.76,2936641
2024-01-30,ICICIBANK.NS,Financials,864.55,3933893
2024-01-31,ICICIBANK.NS,Financials,863.83,3137979
2024-02-01,ICICIBANK.NS,Financials,869.04,3745600
2024-02-02,ICICIBANK.NS,Financials,874.26,7341036
2024-02-05,ICICIBANK.NS,Financials,858.15,3351727
2024-02-06,ICICIBANK.NS,Financials,842.19,4323658
2024-02-07,ICICIBANK.NS,Financials,850.96,7101072
2024-02-08,ICICIBANK.NS,Financials,840.31,4421903
2024-02-09,ICICIBANK.NS,Financials,835.25,6032484
2024-02-12,ICICIBANK.NS,Financials,830.96,4942393
2024-02-13,ICICIBANK.NS,Financials,821.87,5770444
2024-02-14,ICICIBANK.NS,Financials,822.02,3973062
2024-02-15,ICICIBANK.NS,Financials,832.53,4986087
2024-02-16,ICICIBANK.NS,Financials,832.07,7658671
2024-02-19,ICICIBANK.NS,Financials,828.64,3622560
2024-02-20,ICICIBANK.NS,Financials,814.96,4708482
2024-02-21,ICICIBANK.NS,Financials,815.21,3207169
2024-02-22,ICICIBANK.NS,Financials,811.59,5846016
2024-02-23,ICICIBANK.NS,Financials,811.9,2266389
2024-02-26,ICICIBANK.NS,Financials,808.04,3665802
2024-02-27,ICICIBANK.NS,Financials,815.95,5782892
2024-02-28,ICICIBANK.NS,Financials,819.6,3854560
2024-02-29,ICICIBANK.NS,Financials,812.02,2172281
2024-03-01,ICICIBANK.NS,Financials,819.13,3104388
2024-03-04,ICICIBANK.NS,Financials,837.02,3199356
2024-03-05,ICICIBANK.NS,Financials,835.14,7050634
2024-03-06,ICICIBANK.NS,Financials,822.96,5359791
2024-03-07,ICICIBANK.NS,Financials,827.16,5554772
2024-03-11,ICICIBANK.NS,Financials,821.49,2640799
2024-03-12,ICICIBANK.NS,Financials,828.02,4068623
2024-03-13,ICICIBANK.NS,Financials,813.82,7003979
2024-03-14,ICICIBANK.NS,Financials,810.04,5558814
2024-03-15,ICICIBANK.NS,Financials,809.64,3400711
2024-03-18,ICICIBANK.NS,Financials,805.07,5348123
2024-03-19,ICICIBANK.NS,Financials,793.55,2591393
2024-03-20,ICICIBANK.NS,Financials,793.56,3009107
2024-03-21,ICICIBANK.NS,Financials,782.05,2101284
2024-03-22,ICICIBANK.NS,Financials,746.2,3905375
2024-03-25,ICICIBANK.NS,Financials,737.42,5069993
2024-03-26,ICICIBANK.NS,Financials,732.26,2898850
2024-03-27,ICICIBANK.NS,Financials,733.94,3933240
2024-03-28,ICICIBANK.NS,Financials,726.75,3027714
2024-03-29,ICICIBANK.NS,Financials,725.18,3302339
2024-04-01,ICICIBANK.NS,Financials,720.34,2816154
2024-04-02,ICICIBANK.NS,Financials,732.66,6271350
2024-04-03,ICICIBANK.NS,Financials,736.83,3188819
2024-04-04,ICICIBANK.NS,Financials,742.31,3722109
2024-04-05,ICICIBANK.NS,Financials,749.37,3379430
2024-04-08,ICICIBANK.NS,Financials,748.19,4535196
2024-04-09,ICICIBANK.NS,Financials,748.1,9710573
2024-04-10,ICICIBANK.NS,Financials,748.59,10769592
2024-04-11,ICICIBANK.NS,Financials,728.94,3762187
2024-04-12,ICICIBANK.NS,Financials,724.52,4701595
2024-04-15,ICICIBANK.NS,Financials,725.15,5689412
2024-04-16,ICICIBANK.NS,Financials,733.66,6306610
2024-04-17,ICICIBANK.NS,Financials,724.46,5077379
2024-04-18,ICICIBANK.NS,Financials,711.06,5986214
2024-04-19,ICICIBANK.NS,Financials,716.51,4696279
2024-04-22,ICICIBANK.NS,Financials,702.85,3261278
2024-04-23,ICICIBANK.NS,Financials,696.6,5973212
2024-04-24,ICICIBANK.NS,Financials,675.91,4267633
2024-04-25,ICICIBANK.NS,Financials,669.99,4571041
2024-04-26,ICICIBANK.NS,Financials,669.25,2530702
2024-04-29,ICICIBANK.NS,Financials,679.02,3106822
2024-04-30,ICICIBANK.NS,Financials,679.95,3554822
2024-05-02,ICICIBANK.NS,Financials,676.16,4891376
2024-05-03,ICICIBANK.NS,Financials,671.49,7625043
2024-05-06,ICICIBANK.NS,Financials,684.13,5342031
2024-05-07,ICICIBANK.NS,Financials,665.77,3815236
2024-05-08,ICICIBANK.NS,Financials,674.57,2877827
2024-05-09,ICICIBANK.NS,Financials,675.92,6293126
2024-05-10,ICICIBANK.NS,Financials,673.89,4546671
2024-05-13,ICICIBANK.NS,Financials,672.67,1326620
2024-05-14,ICICIBANK.NS,Financials,688.63,5856636
2024-05-15,ICICIBANK.NS,Financials,696.98,4634593
2024-05-16,ICICIBANK.NS,Financials,695.54,1916308
2024-05-17,ICICIBANK.NS,Financials,698.85,5055221
2024-05-20,ICICIBANK.NS,Financials,709.8,4188143
2024-05-21,ICICIBANK.NS,Financials,712.68,2565162
2024-05-22,ICICIBANK.NS,Financials,708.69,8299151
2024-05-23,ICICIBANK.NS,Financials,693.03,4740059
2024-05-24,ICICIBANK.NS,Financials,718.19,3430990
2024-05-27,ICICIBANK.NS,Financials,724.31,3089813
2024-05-28,ICICIBANK.NS,Financials,736.73,3800446
2024-05-29,ICICIBANK.NS,Financials,745.31,3844081
2024-05-30,ICICIBANK.NS,Financials,746.6,4971436
2024-05-31,ICICIBANK.NS,Financials,746.17,3736557
2024-06-03,ICICIBANK.NS,Financials,754.75,3515410
2024-06-04,ICICIBANK.NS,Financials,765.0,4294060
2024-06-05,ICICIBANK.NS,Financials,776.03,3486842
2024-06-06,ICICIBANK.NS,Financials,794.45,3900748
2024-06-07,ICICIBANK.NS,Financials,797.98,6588199
2024-06-10,ICICIBANK.NS,Financials,796.9,3429259
2024-06-11,ICICIBANK.NS,Financials,801.03,3820098
2024-06-12,ICICIBANK.NS,Financials,810.29,3056383
2024-06-13,ICICIBANK.NS,Financials,807.28,5878510
2024-06-14,ICICIBANK.NS,Financials,802.48,2210342
2024-06-17,ICICIBANK.NS,Financials,809.79,2985616
2024-06-18,ICICIBANK.NS,Financials,810.55,5125952
2024-06-19,ICICIBANK.NS,Financials,813.38,3788057
2024-06-20,ICICIBANK.NS,Financials,815.6,5438326
2024-06-21,ICICIBANK.NS,Financials,816.62,3731796
2024-06-24,ICICIBANK.NS,Financials,825.44,3155805
2024-06-25,ICICIBANK.NS,Financials,821.1,3825456
2024-06-26,ICICIBANK.NS,Financials,802.81,2540607
2024-06-27,ICICIBANK.NS,Financials,796.45,2990603
2024-06-28,ICICIBANK.NS,Financials,804.02,5495240
2024-07-01,ICICIBANK.NS,Financials,798.42,3647057
2024-07-02,ICICIBANK.NS,Financials,794.61,3950761
2024-07-03,ICICIBANK.NS,Financials,794.2,4170786
2024-07-04,ICICIBANK.NS,Financials,802.94,2306057
2024-07-05,ICICIBANK.NS,Financials,805.52,2313895
2024-07-08,ICICIBANK.NS,Financials,824.06,4563299
2024-07-09,ICICIBANK.NS,Financials,817.63,3458547
2024-07-10,ICICIBANK.NS,Financials,803.3,3696681
2024-07-11,ICICIBANK.NS,Financials,802.15,4952241
2024-07-12,ICICIBANK.NS,Financials,809.58,2878769
2024-07-15,ICICIBANK.NS,Financials,788.99,3274363
2024-07-16,ICICIBANK.NS,Financials,788.38,3529211
2024-07-17,ICICIBANK.NS,Financials,786.95,4491989
2024-07-18,ICICIBANK.NS,Financials,784.13,3520770
2024-07-19,ICICIBANK.NS,Financials,784.14,3199499
2024-07-22,ICICIBANK.NS,Financials,785.9,7222752
2024-07-23,ICICIBANK.NS,Financials,787.84,4048994
2024-07-24,ICICIBANK.NS,Financials,785.78,5021110
2024-07-25,ICICIBANK.NS,Financials,767.69,2119597
2024-07-26,ICICIBANK.NS,Financials,779.33,2543760
2024-07-29,ICICIBANK.NS,Financials,782.28,4901225
2024-07-30,ICICIBANK.NS,Financials,790.58,3669899
2024-07-31,ICICIBANK.NS,Financials,776.83,3487819
2024-08-01,ICICIBANK.NS,Financials,785.05,2862907
2024-08-02,ICICIBANK.NS,Financials,778.15,5615244
2024-08-05,ICICIBANK.NS,Financials,775.34,5020508
2024-08-06,ICICIBANK.NS,Financials,772.8,3902696
2024-08-07,ICICIBANK.NS,Financials,758.73,4351535
2024-08-08,ICICIBANK.NS,Financials,761.44,3588566
2024-08-09,ICICIBANK.NS,Financials,760.02,3142875
2024-08-12,ICICIBANK.NS,Financials,758.48,3329798
2024-08-13,ICICIBANK.NS,Financials,762.05,5217588
2024-08-14,ICICIBANK.NS,Financials,758.34,3477727
2024-08-16,ICICIBANK.NS,Financials,766.86,4073818
2024-08-19,ICICIBANK.NS,Financials,765.14,3435465
2024-08-20,ICICIBANK.NS,Financials,761.53,5547660
2024-08-21,ICICIBANK.NS,Financials,767.03,3180173
2024-08-22,ICICIBANK.NS,Financials,769.76,6813942
2024-08-23,ICICIBANK.NS,Financials,769.62,3266710
2024-08-26,ICICIBANK.NS,Financials,765.74,3268033
2024-08-27,ICICIBANK.NS,Financials,748.9,8050084
2024-08-28,ICICIBANK.NS,Financials,735.68,2748899
2024-08-29,ICICIBANK.NS,Financials,730.9,3940906
2024-08-30,ICICIBANK.NS,Financials,715.21,5689226
2024-09-02,ICICIBANK.NS,Financials,716.1,2326298
2024-09-03,ICICIBANK.NS,Financials,708.97,4370413
2024-09-04,ICICIBANK.NS,Financials,707.8,2329914
2024-09-05,ICICIBANK.NS,Financials,710.38,4044309
2024-09-06,ICICIBANK.NS,Financials,704.32,8142191
2024-09-09,ICICIBANK.NS,Financials,702.06,1753461
2024-09-10,ICICIBANK.NS,Financials,710.47,3888612
2024-09-11,ICICIBANK.NS,Financials,718.14,3405208
2024-09-12,ICICIBANK.NS,Financials,731.94,2806494
2024-09-13,ICICIBANK.NS,Financials,744.46,2337299
2024-09-16,ICICIBANK.NS,Financials,740.94,5865811
2024-09-17,ICICIBANK.NS,Financials,721.91,4278925
2024-09-18,ICICIBANK.NS,Financials,721.79,2083159
2024-09-19,ICICIBANK.NS,Financials,743.27,2871871
2024-09-20,ICICIBANK.NS,Financials,751.39,3294992
2024-09-23,ICICIBANK.NS,Financials,754.04,2303746
2024-09-24,ICICIBANK.NS,Financials,753.5,4117207
2024-09-25,ICICIBANK.NS,Financials,753.74,4365647
2024-09-26,ICICIBANK.NS,Financials,762.15,4343976
2024-09-27,ICICIBANK.NS,Financials,763.7,8099066
2024-09-30,ICICIBANK.NS,Financials,770.92,2872571
2024-10-01,ICICIBANK.NS,Financials,760.67,3383618
2024-10-03,ICICIBANK.NS,Financials,750.9,3320173
2024-10-04,ICICIBANK.NS,Financials,743.97,5384953
2024-10-07,ICICIBANK.NS,Financials,745.52,5182547
2024-10-08,ICICIBANK.NS,Financials,747.13,2687849
2024-10-09,ICICIBANK.NS,Financials,743.42,6621338
2024-10-10,ICICIBANK.NS,Financials,740.39,2905738
2024-10-11,ICICIBANK.NS,Financials,726.7,5383575
2024-10-14,ICICIBANK.NS,Financials,731.69,5271107
2024-10-15,ICICIBANK.NS,Financials,736.65,4589569
2024-10-16,ICICIBANK.NS,Financials,751.96,3558024
2024-10-17,ICICIBANK.NS,Financials,765.72,3581064
2024-10-18,ICICIBANK.NS,Financials,763.57,4725304
2024-10-21,ICICIBANK.NS,Financials,755.71,4800443
2024-10-22,ICICIBANK.NS,Financials,755.94,5118354
2024-10-23,ICICIBANK.NS,Financials,766.58,5119037
2024-10-24,ICICIBANK.NS,Financials,772.02,4501185
2024-10-25,ICICIBANK.NS,Financials,775.25,6548012
2024-10-28,ICICIBANK.NS,Financials,767.57,3236247
2024-10-29,ICICIBANK.NS,Financials,763.9,4052569
2024-10-30,ICICIBANK.NS,Financials,768.06,3284147
2024-10-31,ICICIBANK.NS,Financials,771.68,9391012
2024-11-04,ICICIBANK.NS,Financials,765.59,5217383
2024-11-05,ICICIBANK.NS,Financials,758.95,5692601
2024-11-06,ICICIBANK.NS,Financials,754.44,4667924
2024-11-07,ICICIBANK.NS,Financials,764.77,3914672
2024-11-08,ICICIBANK.NS,Financials,770.42,10168070
2024-11-11,ICICIBANK.NS,Financials,762.58,6109924
2024-11-12,ICICIBANK.NS,Financials,749.31,3568795
2024-11-13,ICICIBANK.NS,Financials,760.14,3630175
2024-11-14,ICICIBANK.NS,Financials,770.27,4315384
2024-11-15,ICICIBANK.NS,Financials,769.9,3304219
2024-11-18,ICICIBANK.NS,Financials,767.59,3535380
2024-11-19,ICICIBANK.NS,Financials,768.32,2345707
2024-11-20,ICICIBANK.NS,Financials,771.16,1726505
2024-11-21,ICICIBANK.NS,Financials,783.4,7975802
2024-11-22,ICICIBANK.NS,Financials,776.82,3344391
2024-11-25,ICICIBANK.NS,Financials,799.37,3589773
2024-11-26,ICICIBANK.NS,Financials,780.4,4090438
2024-11-27,ICICIBANK.NS,Financials,770.2,5094121
2024-11-28,ICICIBANK.NS,Financials,758.25,5238600
2024-11-29,ICICIBANK.NS,Financials,753.2,5724073
2024-12-02,ICICIBANK.NS,Financials,756.42,4882700
2024-12-03,ICICIBANK.NS,Financials,759.1,3635325
2024-12-04,ICICIBANK.NS,Financials,756.03,6215847
2024-12-05,ICICIBANK.NS,Financials,750.1,3750887
2024-12-06,ICICIBANK.NS,Financials,754.54,5729114
2024-12-09,ICICIBANK.NS,Financials,746.62,2329256
2024-12-10,ICICIBANK.NS,Financials,748.4,6296371
2024-12-11,ICICIBANK.NS,Financials,750.33,2922529
2024-12-12,ICICIBANK.NS,Financials,742.6,2403631
2024-12-13,ICICIBANK.NS,Financials,733.43,2534038
2024-12-16,ICICIBANK.NS,Financials,739.71,4286582
2024-12-17,ICICIBANK.NS,Financials,761.04,8886789
2024-12-18,ICICIBANK.NS,Financials,759.23,3727968
2024-12-19,ICICIBANK.NS,Financials,745.67,3838879
2024-12-20,ICICIBANK.NS,Financials,752.08,5224903
2024-12-23,ICICIBANK.NS,Financials,747.23,3264020
2024-12-24,ICICIBANK.NS,Financials,753.33,3789072
2024-12-26,ICICIBANK.NS,Financials,758.93,3534251
2024-12-27,ICICIBANK.NS,Financials,743.68,7948905
2024-12-30,ICICIBANK.NS,Financials,736.87,4099882
2024-12-31,ICICIBANK.NS,Financials,738.6,5188867
2025-01-01,ICICIBANK.NS,Financials,735.09,3111846
2025-01-02,ICICIBANK.NS,Financials,727.84,2680099
2025-01-03,ICICIBANK.NS,Financials,735.54,5037205
2025-01-06,ICICIBANK.NS,Financials,725.75,4362220
2025-01-07,ICICIBANK.NS,Financials,726.9,5726003
2025-01-08,ICICIBANK.NS,Financials,725.13,2927415
2025-01-09,ICICIBANK.NS,Financials,727.71,3865677
2025-01-10,ICICIBANK.NS,Financials,722.89,2543603
2025-01-13,ICICIBANK.NS,Financials,729.54,3358310
2025-01-14,ICICIBANK.NS,Financials,735.57,2407555
2025-01-15,ICICIBANK.NS,Financials,739.42,3614530
2025-01-16,ICICIBANK.NS,Financials,745.12,6310622
2025-01-17,ICICIBANK.NS,Financials,755.91,2956878
2025-01-20,ICICIBANK.NS,Financials,746.46,2943892
2025-01-21,ICICIBANK.NS,Financials,746.49,3766135
2025-01-22,ICICIBANK.NS,Financials,755.43,3743625
2025-01-23,ICICIBANK.NS,Financials,760.62,5227925
2025-01-24,ICICIBANK.NS,Financials,764.36,2534089
2025-01-27,ICICIBANK.NS,Financials,770.76,1662228
2025-01-28,ICICIBANK.NS,Financials,756.49,4082541
2025-01-29,ICICIBANK.NS,Financials,772.16,7215440
2025-01-30,ICICIBANK.NS,Financials,782.37,3730834
2025-01-31,ICICIBANK.NS,Financials,776.0,4586356
2025-02-03,ICICIBANK.NS,Financials,786.63,3883157
2025-02-04,ICICIBANK.NS,Financials,782.92,5183221
2025-02-05,ICICIBANK.NS,Financials,781.26,3601879
2025-02-06,ICICIBANK.NS,Financials,783.67,3891130
2025-02-07,ICICIBANK.NS,Financials,787.74,7084047
2025-02-10,ICICIBANK.NS,Financials,788.88,5959068
2025-02-11,ICICIBANK.NS,Financials,792.62,3134209
2025-02-12,ICICIBANK.NS,Financials,786.83,3162982
2025-02-13,ICICIBANK.NS,Financials,789.24,3240974
2025-02-14,ICICIBANK.NS,Financials,785.66,2694308
2025-02-17,ICICIBANK.NS,Financials,797.93,3290951
2025-02-18,ICICIBANK.NS,Financials,815.54,3826559
2025-02-19,ICICIBANK.NS,Financials,809.47,3045886
2025-02-20,ICICIBANK.NS,Financials,803.82,4775485
2025-02-21,ICICIBANK.NS,Financials,794.79,2222741
2025-02-24,ICICIBANK.NS,Financials,789.76,2641957
2025-02-25,ICICIBANK.NS,Financials,803.82,5028805
2025-02-26,ICICIBANK.NS,Financials,803.07,7766442
2025-02-27,ICICIBANK.NS,Financials,798.5,4362279
2025-02-28,ICICIBANK.NS,Financials,798.84,2981761
2025-03-03,ICICIBANK.NS,Financials,781.45,2704454
2025-03-04,ICICIBANK.NS,Financials,783.02,3501363
2025-03-05,ICICIBANK.NS,Financials,796.46,6220128
2025-03-06,ICICIBANK.NS,Financials,814.48,4780133
2025-03-07,ICICIBANK.NS,Financials,832.59,2589662
2025-03-10,ICICIBANK.NS,Financials,814.35,4532667
2025-03-11,ICICIBANK.NS,Financials,802.89,6597165
2025-03-12,ICICIBANK.NS,Financials,799.07,6036226
2025-03-13,ICICIBANK.NS,Financials,793.64,6360981
2025-03-14,ICICIBANK.NS,Financials,786.98,5283477
2025-03-17,ICICIBANK.NS,Financials,774.01,2549031
2025-03-18,ICICIBANK.NS,Financials,791.87,3009905
2025-03-19,ICICIBANK.NS,Financials,797.02,7339947
2025-03-20,ICICIBANK.NS,Financials,798.2,3544703
2025-03-21,ICICIBANK.NS,Financials,815.97,2055880
2025-03-24,ICICIBANK.NS,Financials,832.19,4936813
2025-03-25,ICICIBANK.NS,Financials,795.25,5790468
2025-03-26,ICICIBANK.NS,Financials,807.52,3881994
2025-03-27,ICICIBANK.NS,Financials,811.35,4839958
2025-03-28,ICICIBANK.NS,Financials,779.39,2988059
2025-03-31,ICICIBANK.NS,Financials,786.09,3393908
2025-04-01,ICICIBANK.NS,Financials,790.08,2119918
2025-04-02,ICICIBANK.NS,Financials,777.57,2742165
2025-04-03,ICICIBANK.NS,Financials,778.58,6601767
2025-04-04,ICICIBANK.NS,Financials,779.76,1251463
2025-04-07,ICICIBANK.NS,Financials,787.29,3486563
2025-04-08,ICICIBANK.NS,Financials,767.5,3312406
2025-04-09,ICICIBANK.NS,Financials,761.83,4916307
2025-04-10,ICICIBANK.NS,Financials,754.98,1892347
2025-04-11,ICICIBANK.NS,Financials,752.24,3056532
2025-04-15,ICICIBANK.NS,Financials,732.73,3249616
2025-04-16,ICICIBANK.NS,Financials,717.7,4601243
2025-04-17,ICICIBANK.NS,Financials,729.25,3979317
2025-04-18,ICICIBANK.NS,Financials,737.3,2236427
2025-04-21,ICICIBANK.NS,Financials,738.0,3546353
2025-04-22,ICICIBANK.NS,Financials,750.7,3041614
2025-04-23,ICICIBANK.NS,Financials,737.84,4696023
2025-04-24,ICICIBANK.NS,Financials,730.71,3663201
2025-04-25,ICICIBANK.NS,Financials,731.52,7363174
2025-04-28,ICICIBANK.NS,Financials,729.52,3164871
2025-04-29,ICICIBANK.NS,Financials,712.38,3273090
2025-04-30,ICICIBANK.NS,Financials,725.44,3314356
2025-05-02,ICICIBANK.NS,Financials,726.48,3731970
2025-05-05,ICICIBANK.NS,Financials,721.43,5360810
2025-05-06,ICICIBANK.NS,Financials,726.73,3420264
2025-05-07,ICICIBANK.NS,Financials,729.94,3476680
2025-05-08,ICICIBANK.NS,Financials,735.65,4524245
2025-05-09,ICICIBANK.NS,Financials,735.62,2867000
2025-05-12,ICICIBANK.NS,Financials,741.94,4979048
2025-05-13,ICICIBANK.NS,Financials,750.61,3498073
2025-05-14,ICICIBANK.NS,Financials,746.34,2911030
2025-05-15,ICICIBANK.NS,Financials,720.77,2097586
2025-05-16,ICICIBANK.NS,Financials,722.89,2714921
2025-05-19,ICICIBANK.NS,Financials,723.26,3714234
2025-05-20,ICICIBANK.NS,Financials,708.19,3865746
2025-05-21,ICICIBANK.NS,Financials,719.71,3614751
2025-05-22,ICICIBANK.NS,Financials,720.97,2378662
2025-05-23,ICICIBANK.NS,Financials,725.25,3707484
2025-05-26,ICICIBANK.NS,Financials,720.95,2318513
2025-05-27,ICICIBANK.NS,Financials,706.25,2560041
2025-05-28,ICICIBANK.NS,Financials,698.46,5837359
2025-05-29,ICICIBANK.NS,Financials,703.93,3808316
2025-05-30,ICICIBANK.NS,Financials,693.31,4628269
2025-06-02,ICICIBANK.NS,Financials,690.16,6518041
2025-06-03,ICICIBANK.NS,Financials,694.12,3869768
2025-06-04,ICICIBANK.NS,Financials,679.47,5526291
2025-06-05,ICICIBANK.NS,Financials,673.21,4521246
2025-06-06,ICICIBANK.NS,Financials,678.5,3069220
2025-06-09,ICICIBANK.NS,Financials,677.14,3753087
2025-06-10,ICICIBANK.NS,Financials,659.58,3034722
2025-06-11,ICICIBANK.NS,Financials,654.91,4889186
2025-06-12,ICICIBANK.NS,Financials,660.5,5595704
2025-06-13,ICICIBANK.NS,Financials,648.02,2445975
2025-06-16,ICICIBANK.NS,Financials,636.54,2901409
2025-06-17,ICICIBANK.NS,Financials,624.98,3482351
2025-06-18,ICICIBANK.NS,Financials,636.11,2966922
2025-06-19,ICICIBANK.NS,Financials,649.14,3635716
2025-06-20,ICICIBANK.NS,Financials,656.02,4481108
2025-06-23,ICICIBANK.NS,Financials,668.9,6190136
2025-06-24,ICICIBANK.NS,Financials,675.91,3306416
2025-06-25,ICICIBANK.NS,Financials,671.33,3252871
2025-06-26,ICICIBANK.NS,Financials,676.54,4495085
2025-06-27,ICICIBANK.NS,Financials,682.6,3875298
2025-06-30,ICICIBANK.NS,Financials,701.25,2286444
2025-07-01,ICICIBANK.NS,Financials,733.91,2917200
2025-07-02,ICICIBANK.NS,Financials,736.75,3489357
2025-07-03,ICICIBANK.NS,Financials,736.33,5176052
2025-07-04,ICICIBANK.NS,Financials,732.34,5813578
2025-07-07,ICICIBANK.NS,Financials,736.0,2718658
2025-07-08,ICICIBANK.NS,Financials,735.21,3009481
2025-07-09,ICICIBANK.NS,Financials,756.04,5329090
2025-07-10,ICICIBANK.NS,Financials,758.83,3351417
2025-07-11,ICICIBANK.NS,Financials,757.68,4463684
2025-07-14,ICICIBANK.NS,Financials,761.21,3683950
2025-07-15,ICICIBANK.NS,Financials,756.06,3982021
2025-07-16,ICICIBANK.NS,Financials,738.18,3405987
2025-07-17,ICICIBANK.NS,Financials,740.97,5819855
2025-07-18,ICICIBANK.NS,Financials,753.72,2287357
2025-07-21,ICICIBANK.NS,Financials,757.61,3426551
2025-07-22,ICICIBANK.NS,Financials,758.64,5633323
2025-07-23,ICICIBANK.NS,Financials,762.7,3653255
2025-07-24,ICICIBANK.NS,Financials,786.46,3779315
2025-07-25,ICICIBANK.NS,Financials,792.32,5493418
2025-07-28,ICICIBANK.NS,Financials,780.59,4616424
2025-07-29,ICICIBANK.NS,Financials,783.28,5275331
2025-07-30,ICICIBANK.NS,Financials,790.54,5964465
2025-07-31,ICICIBANK.NS,Financials,790.44,2366747
2025-08-01,ICICIBANK.NS,Financials,805.9,3341191
2025-08-04,ICICIBANK.NS,Financials,814.92,2938186
2025-08-05,ICICIBANK.NS,Financials,790.09,4388236
2025-08-06,ICICIBANK.NS,Financials,792.65,5634926
2025-08-07,ICICIBANK.NS,Financials,796.7,1631631
2025-08-08,ICICIBANK.NS,Financials,809.76,2248877
2025-08-11,ICICIBANK.NS,Financials,796.03,1893880
2025-08-12,ICICIBANK.NS,Financials,813.62,2889614
2025-08-13,ICICIBANK.NS,Financials,799.28,3946803
2025-08-14,ICICIBANK.NS,Financials,786.05,6843459
2025-08-18,ICICIBANK.NS,Financials,780.27,2454292
2025-08-19,ICICIBANK.NS,Financials,795.32,8958133
2025-08-20,ICICIBANK.NS,Financials,812.29,4653229
2025-08-21,ICICIBANK.NS,Financials,816.77,4713095
2025-08-22,ICICIBANK.NS,Financials,832.71,4970430
2025-08-25,ICICIBANK.NS,Financials,811.32,2358813
2025-08-26,ICICIBANK.NS,Financials,792.1,3144629
2025-08-27,ICICIBANK.NS,Financials,783.28,2703060
2025-08-28,ICICIBANK.NS,Financials,788.95,4842411
2025-08-29,ICICIBANK.NS,Financials,796.16,2811576
2025-09-01,ICICIBANK.NS,Financials,788.84,3579357
2025-09-02,ICICIBANK.NS,Financials,781.25,3054528
2025-09-03,ICICIBANK.NS,Financials,799.02,6357367
2025-09-04,ICICIBANK.NS,Financials,804.68,3115217
2025-09-05,ICICIBANK.NS,Financials,781.7,2622359
2025-09-08,ICICIBANK.NS,Financials,775.76,4561322
2025-09-09,ICICIBANK.NS,Financials,782.04,3770599
2025-09-10,ICICIBANK.NS,Financials,776.44,6299486
2025-09-11,ICICIBANK.NS,Financials,772.18,4291831
2025-09-12,ICICIBANK.NS,Financials,762.07,4241964
2025-09-15,ICICIBANK.NS,Financials,769.66,5242516
2025-09-16,ICICIBANK.NS,Financials,770.98,4528664
2025-09-17,ICICIBANK.NS,Financials,782.82,5086961
2025-09-18,ICICIBANK.NS,Financials,780.71,4939905
2025-09-19,ICICIBANK.NS,Financials,781.47,3437420
2025-09-22,ICICIBANK.NS,Financials,788.11,2532460
2025-09-23,ICICIBANK.NS,Financials,776.88,3624011
2025-09-24,ICICIBANK.NS,Financials,754.92,1910352
2025-09-25,ICICIBANK.NS,Financials,750.31,2979042
2025-09-26,ICICIBANK.NS,Financials,742.61,3358097
2025-09-29,ICICIBANK.NS,Financials,734.87,6073256
2025-09-30,ICICIBANK.NS,Financials,728.43,3657069
2025-10-01,ICICIBANK.NS,Financials,736.07,7125009
2025-10-03,ICICIBANK.NS,Financials,733.5,4548394
2025-10-06,ICICIBANK.NS,Financials,719.07,2180146
2025-10-07,ICICIBANK.NS,Financials,712.91,5762811
2025-10-08,ICICIBANK.NS,Financials,711.03,5557011
2025-10-09,ICICIBANK.NS,Financials,726.17,2144678
2025-10-10,ICICIBANK.NS,Financials,728.38,4973880
2025-10-13,ICICIBANK.NS,Financials,734.03,6396389
2025-10-14,ICICIBANK.NS,Financials,732.91,1822486
2025-10-15,ICICIBANK.NS,Financials,755.25,2646581
2025-10-16,ICICIBANK.NS,Financials,741.97,5382117
2025-10-17,ICICIBANK.NS,Financials,737.85,3628565
2025-10-20,ICICIBANK.NS,Financials,746.44,6488854
2025-10-22,ICICIBANK.NS,Financials,741.63,5389789
2025-10-23,ICICIBANK.NS,Financials,735.28,5182645
2025-10-24,ICICIBANK.NS,Financials,733.89,5835290
2025-10-27,ICICIBANK.NS,Financials,749.21,2911553
2025-10-28,ICICIBANK.NS,Financials,766.44,3479649
2025-10-29,ICICIBANK.NS,Financials,767.9,7664121
2025-10-30,ICICIBANK.NS,Financials,769.36,3430861
2025-10-31,ICICIBANK.NS,Financials,773.56,5688469
2025-11-03,ICICIBANK.NS,Financials,784.51,3619032
2025-11-04,ICICIBANK.NS,Financials,790.39,2966255
2025-11-05,ICICIBANK.NS,Financials,780.62,2745636
2025-11-06,ICICIBANK.NS,Financials,775.28,4707140
2025-11-07,ICICIBANK.NS,Financials,779.39,6122626
2025-11-10,ICICIBANK.NS,Financials,788.3,4603635
2025-11-11,ICICIBANK.NS,Financials,808.33,4240456
2025-11-12,ICICIBANK.NS,Financials,799.09,2595460
2025-11-13,ICICIBANK.NS,Financials,791.79,3881006
2025-11-14,ICICIBANK.NS,Financials,783.38,4132742
2025-11-17,ICICIBANK.NS,Financials,787.34,2851500
2025-11-18,ICICIBANK.NS,Financials,771.27,4516730
2025-11-19,ICICIBANK.NS,Financials,777.94,3048773
2025-11-20,ICICIBANK.NS,Financials,778.17,3382255
2025-11-21,ICICIBANK.NS,Financials,770.22,5087230
2025-11-24,ICICIBANK.NS,Financials,772.41,6791842
2025-11-25,ICICIBANK.NS,Financials,788.54,6587869
2025-11-26,ICICIBANK.NS,Financials,780.26,3694285
2025-11-27,ICICIBANK.NS,Financials,767.29,4704954
2025-11-28,ICICIBANK.NS,Financials,770.97,4849637
2025-12-01,ICICIBANK.NS,Financials,755.69,4839665
2025-12-02,ICICIBANK.NS,Financials,765.29,4062153
2025-12-03,ICICIBANK.NS,Financials,768.29,6116439
2025-12-04,ICICIBANK.NS,Financials,766.39,3135975
2025-12-05,ICICIBANK.NS,Financials,762.92,2607141
2025-12-08,ICICIBANK.NS,Financials,784.25,4400006
2025-12-09,ICICIBANK.NS,Financials,774.23,3486257
2025-12-10,ICICIBANK.NS,Financials,765.89,7605314
2025-12-11,ICICIBANK.NS,Financials,767.61,3303833
2025-12-12,ICICIBANK.NS,Financials,775.06,5583973
2025-12-15,ICICIBANK.NS,Financials,770.59,4589656
2025-12-16,ICICIBANK.NS,Financials,772.28,2383173
2025-12-17,ICICIBANK.NS,Financials,778.57,4787237
2025-12-18,ICICIBANK.NS,Financials,809.75,3096205
2025-12-19,ICICIBANK.NS,Financials,803.84,9018308
2025-12-22,ICICIBANK.NS,Financials,800.47,2950935
2025-12-23,ICICIBANK.NS,Financials,796.3,2816536
2025-12-24,ICICIBANK.NS,Financials,803.59,1812434
2025-12-26,ICICIBANK.NS,Financials,836.01,2975625
2025-12-29,ICICIBANK.NS,Financials,831.52,5016543
2025-12-30,ICICIBANK.NS,Financials,839.39,2711535
2025-12-31,ICICIBANK.NS,Financials,817.35,4658754
2022-01-03,HINDUNILVR.NS,FMCG,2500.98,2537339
2022-01-04,HINDUNILVR.NS,FMCG,2458.81,5724340
2022-01-05,HINDUNILVR.NS,FMCG,2427.26,2563822
2022-01-06,HINDUNILVR.NS,FMCG,2392.71,2138730
2022-01-07,HINDUNILVR.NS,FMCG,2439.25,3314270
2022-01-10,HINDUNILVR.NS,FMCG,2415.82,4063527
2022-01-11,HINDUNILVR.NS,FMCG,2451.62,4892024
2022-01-12,HINDUNILVR.NS,FMCG,2458.73,2926779
2022-01-13,HINDUNILVR.NS,FMCG,2437.36,3249835
2022-01-14,HINDUNILVR.NS,FMCG,2427.06,4825005
2022-01-17,HINDUNILVR.NS,FMCG,2444.47,5479796
2022-01-18,HINDUNILVR.NS,FMCG,2482.01,6170077
2022-01-19,HINDUNILVR.NS,FMCG,2436.93,4722441
2022-01-20,HINDUNILVR.NS,FMCG,2379.01,2235089
2022-01-21,HINDUNILVR.NS,FMCG,2449.54,2939312
2022-01-24,HINDUNILVR.NS,FMCG,2446.89,6192730
2022-01-25,HINDUNILVR.NS,FMCG,2458.69,7420636
2022-01-27,HINDUNILVR.NS,FMCG,2478.7,3872103
2022-01-28,HINDUNILVR.NS,FMCG,2461.04,3754678
2022-01-31,HINDUNILVR.NS,FMCG,2456.04,2812725
2022-02-01,HINDUNILVR.NS,FMCG,2444.68,6564007
2022-02-02,HINDUNILVR.NS,FMCG,2424.31,2756802
2022-02-03,HINDUNILVR.NS,FMCG,2404.08,7933480
2022-02-04,HINDUNILVR.NS,FMCG,2390.54,3880291
2022-02-07,HINDUNILVR.NS,FMCG,2388.52,2955056
2022-02-08,HINDUNILVR.NS,FMCG,2377.51,2139134
2022-02-09,HINDUNILVR.NS,FMCG,2337.31,3632167
2022-02-10,HINDUNILVR.NS,FMCG,2360.91,3820199
2022-02-11,HINDUNILVR.NS,FMCG,2335.36,3571241
2022-02-14,HINDUNILVR.NS,FMCG,2380.49,3999841
2022-02-15,HINDUNILVR.NS,FMCG,2381.88,6484747
2022-02-16,HINDUNILVR.NS,FMCG,2378.99,4958381
2022-02-17,HINDUNILVR.NS,FMCG,2378.45,4274497
2022-02-18,HINDUNILVR.NS,FMCG,2338.7,5954093
2022-02-21,HINDUNILVR.NS,FMCG,2365.76,2897334
2022-02-22,HINDUNILVR.NS,FMCG,2354.44,5125183
2022-02-23,HINDUNILVR.NS,FMCG,2300.7,5091194
2022-02-24,HINDUNILVR.NS,FMCG,2292.35,6748927
2022-02-25,HINDUNILVR.NS,FMCG,2294.73,2471367
2022-02-28,HINDUNILVR.NS,FMCG,2300.43,2948591
2022-03-01,HINDUNILVR.NS,FMCG,2223.72,3006975
2022-03-02,HINDUNILVR.NS,FMCG,2255.66,4720220
2022-03-03,HINDUNILVR.NS,FMCG,2232.4,4318401
2022-03-04,HINDUNILVR.NS,FMCG,2138.98,4870538
2022-03-07,HINDUNILVR.NS,FMCG,2124.31,1909966
2022-03-09,HINDUNILVR.NS,FMCG,2118.25,6684274
2022-03-10,HINDUNILVR.NS,FMCG,2087.94,4335090
2022-03-11,HINDUNILVR.NS,FMCG,2127.26,4844707
2022-03-14,HINDUNILVR.NS,FMCG,2136.34,4545334
2022-03-15,HINDUNILVR.NS,FMCG,2126.9,3205128
2022-03-16,HINDUNILVR.NS,FMCG,2107.77,4786490
2022-03-17,HINDUNILVR.NS,FMCG,2122.95,4100744
2022-03-18,HINDUNILVR.NS,FMCG,2115.71,4081729
2022-03-21,HINDUNILVR.NS,FMCG,2100.81,4745071
2022-03-22,HINDUNILVR.NS,FMCG,2155.98,3852057
2022-03-23,HINDUNILVR.NS,FMCG,2191.1,2479975
2022-03-24,HINDUNILVR.NS,FMCG,2184.32,3747031
2022-03-25,HINDUNILVR.NS,FMCG,2153.48,7051547
2022-03-28,HINDUNILVR.NS,FMCG,2179.19,3289684
2022-03-29,HINDUNILVR.NS,FMCG,2221.61,4126455
2022-03-30,HINDUNILVR.NS,FMCG,2285.37,5346873
2022-03-31,HINDUNILVR.NS,FMCG,2283.63,8383367
2022-04-01,HINDUNILVR.NS,FMCG,2319.17,3650919
2022-04-04,HINDUNILVR.NS,FMCG,2285.04,2598601
2022-04-05,HINDUNILVR.NS,FMCG,2282.55,5052437
2022-04-06,HINDUNILVR.NS,FMCG,2267.96,3004753
2022-04-07,HINDUNILVR.NS,FMCG,2248.12,4427567
2022-04-08,HINDUNILVR.NS,FMCG,2255.83,4936214
2022-04-11,HINDUNILVR.NS,FMCG,2248.12,3376062
2022-04-12,HINDUNILVR.NS,FMCG,2244.54,3630123
2022-04-13,HINDUNILVR.NS,FMCG,2248.54,5318632
2022-04-15,HINDUNILVR.NS,FMCG,2279.76,5852712
2022-04-18,HINDUNILVR.NS,FMCG,2276.75,4055055
2022-04-19,HINDUNILVR.NS,FMCG,2264.1,4235497
2022-04-20,HINDUNILVR.NS,FMCG,2309.48,2694228
2022-04-21,HINDUNILVR.NS,FMCG,2342.56,4161253
2022-04-22,HINDUNILVR.NS,FMCG,2338.89,3481322
2022-04-25,HINDUNILVR.NS,FMCG,2337.99,4104230
2022-04-26,HINDUNILVR.NS,FMCG,2366.88,6559173
2022-04-27,HINDUNILVR.NS,FMCG,2360.08,2692131
2022-04-28,HINDUNILVR.NS,FMCG,2365.15,6024665
2022-04-29,HINDUNILVR.NS,FMCG,2391.04,4274435
2022-05-02,HINDUNILVR.NS,FMCG,2354.56,3955312
2022-05-03,HINDUNILVR.NS,FMCG,2330.54,2945953
2022-05-04,HINDUNILVR.NS,FMCG,2270.06,4403168
2022-05-05,HINDUNILVR.NS,FMCG,2234.68,8537805
2022-05-06,HINDUNILVR.NS,FMCG,2228.05,1636959
2022-05-09,HINDUNILVR.NS,FMCG,2264.63,2013865
2022-05-10,HINDUNILVR.NS,FMCG,2292.94,3753221
2022-05-11,HINDUNILVR.NS,FMCG,2266.17,4476952
2022-05-12,HINDUNILVR.NS,FMCG,2238.85,5547371
2022-05-13,HINDUNILVR.NS,FMCG,2237.19,4677331
2022-05-16,HINDUNILVR.NS,FMCG,2229.48,2252173
2022-05-17,HINDUNILVR.NS,FMCG,2297.8,4953668
2022-05-18,HINDUNILVR.NS,FMCG,2282.2,3758792
2022-05-19,HINDUNILVR.NS,FMCG,2324.35,5443099
2022-05-20,HINDUNILVR.NS,FMCG,2295.54,3106542
2022-05-23,HINDUNILVR.NS,FMCG,2252.69,2335783
2022-05-24,HINDUNILVR.NS,FMCG,2263.9,3409702
2022-05-25,HINDUNILVR.NS,FMCG,2274.34,4741492
2022-05-26,HINDUNILVR.NS,FMCG,2227.5,4565478
2022-05-27,HINDUNILVR.NS,FMCG,2153.2,4016465
2022-05-30,HINDUNILVR.NS,FMCG,2143.33,3223418
2022-05-31,HINDUNILVR.NS,FMCG,2162.87,3812565
2022-06-01,HINDUNILVR.NS,FMCG,2137.57,6706681
2022-06-02,HINDUNILVR.NS,FMCG,2150.15,9754610
2022-06-03,HINDUNILVR.NS,FMCG,2132.41,4634102
2022-06-06,HINDUNILVR.NS,FMCG,2129.84,5716168
2022-06-07,HINDUNILVR.NS,FMCG,2161.47,3095372
2022-06-08,HINDUNILVR.NS,FMCG,2167.65,6411769
2022-06-09,HINDUNILVR.NS,FMCG,2178.84,3533430
2022-06-10,HINDUNILVR.NS,FMCG,2129.48,2562842
2022-06-13,HINDUNILVR.NS,FMCG,2128.9,5976218
2022-06-14,HINDUNILVR.NS,FMCG,2110.26,4120046
2022-06-15,HINDUNILVR.NS,FMCG,2081.48,6503310
2022-06-16,HINDUNILVR.NS,FMCG,2091.83,5331953
2022-06-17,HINDUNILVR.NS,FMCG,2103.56,2538850
2022-06-20,HINDUNILVR.NS,FMCG,2101.22,4259285
2022-06-21,HINDUNILVR.NS,FMCG,2106.55,2917158
2022-06-22,HINDUNILVR.NS,FMCG,2135.73,6214067
2022-06-23,HINDUNILVR.NS,FMCG,2060.5,4115090
2022-06-24,HINDUNILVR.NS,FMCG,2072.72,3171160
2022-06-27,HINDUNILVR.NS,FMCG,2045.1,1961921
2022-06-28,HINDUNILVR.NS,FMCG,2019.58,6005393
2022-06-29,HINDUNILVR.NS,FMCG,2001.25,3541540
2022-06-30,HINDUNILVR.NS,FMCG,2002.05,3643180
2022-07-01,HINDUNILVR.NS,FMCG,2018.67,4729518
2022-07-04,HINDUNILVR.NS,FMCG,2014.95,2929801
2022-07-05,HINDUNILVR.NS,FMCG,2026.86,2346993
2022-07-06,HINDUNILVR.NS,FMCG,2029.39,4271839
2022-07-07,HINDUNILVR.NS,FMCG,2036.17,2882405
2022-07-08,HINDUNILVR.NS,FMCG,2064.5,3886868
2022-07-11,HINDUNILVR.NS,FMCG,2030.11,2949411
2022-07-12,HINDUNILVR.NS,FMCG,2043.15,2481236
2022-07-13,HINDUNILVR.NS,FMCG,2074.1,2247919
2022-07-14,HINDUNILVR.NS,FMCG,2067.58,4136459
2022-07-15,HINDUNILVR.NS,FMCG,2093.99,5860680
2022-07-18,HINDUNILVR.NS,FMCG,2113.39,5622515
2022-07-19,HINDUNILVR.NS,FMCG,2069.62,4027672
2022-07-20,HINDUNILVR.NS,FMCG,2092.58,6574214
2022-07-21,HINDUNILVR.NS,FMCG,2091.62,3310213
2022-07-22,HINDUNILVR.NS,FMCG,2070.05,5317897
2022-07-25,HINDUNILVR.NS,FMCG,2110.09,3361047
2022-07-26,HINDUNILVR.NS,FMCG,2098.48,3096967
2022-07-27,HINDUNILVR.NS,FMCG,2029.03,5300798
2022-07-28,HINDUNILVR.NS,FMCG,2048.61,4645554
2022-07-29,HINDUNILVR.NS,FMCG,2031.06,4977039
2022-08-01,HINDUNILVR.NS,FMCG,2101.71,2371471
2022-08-02,HINDUNILVR.NS,FMCG,2084.37,5723841
2022-08-03,HINDUNILVR.NS,FMCG,2002.39,5060656
2022-08-04,HINDUNILVR.NS,FMCG,2011.47,3467734
2022-08-05,HINDUNILVR.NS,FMCG,1996.46,4896538
2022-08-08,HINDUNILVR.NS,FMCG,1975.06,5860031
2022-08-09,HINDUNILVR.NS,FMCG,1971.49,3086119
2022-08-10,HINDUNILVR.NS,FMCG,1954.39,3093204
2022-08-11,HINDUNILVR.NS,FMCG,1886.01,3609299
2022-08-12,HINDUNILVR.NS,FMCG,1937.81,1834906
2022-08-16,HINDUNILVR.NS,FMCG,1887.18,4481801
2022-08-17,HINDUNILVR.NS,FMCG,1913.46,5491934
2022-08-18,HINDUNILVR.NS,FMCG,1917.42,4874474
2022-08-19,HINDUNILVR.NS,FMCG,1911.36,4721973
2022-08-22,HINDUNILVR.NS,FMCG,1918.7,5712803
2022-08-23,HINDUNILVR.NS,FMCG,1959.17,3855140
2022-08-24,HINDUNILVR.NS,FMCG,1945.1,2303453
2022-08-25,HINDUNILVR.NS,FMCG,1889.51,4177825
2022-08-26,HINDUNILVR.NS,FMCG,1910.92,6296401
2022-08-29,HINDUNILVR.NS,FMCG,1918.94,4530902
2022-08-30,HINDUNILVR.NS,FMCG,1897.27,3505444
2022-08-31,HINDUNILVR.NS,FMCG,1905.37,5253756
2022-09-01,HINDUNILVR.NS,FMCG,1898.15,4570544
2022-09-02,HINDUNILVR.NS,FMCG,1945.17,3702333
2022-09-05,HINDUNILVR.NS,FMCG,1992.89,4162708
2022-09-06,HINDUNILVR.NS,FMCG,1951.66,3573003
2022-09-07,HINDUNILVR.NS,FMCG,1964.59,4951456
2022-09-08,HINDUNILVR.NS,FMCG,1951.52,2913996
2022-09-09,HINDUNILVR.NS,FMCG,1938.86,4481566
2022-09-12,HINDUNILVR.NS,FMCG,1905.13,5412616
2022-09-13,HINDUNILVR.NS,FMCG,1865.62,4339511
2022-09-14,HINDUNILVR.NS,FMCG,1855.15,4356780
2022-09-15,HINDUNILVR.NS,FMCG,1804.42,4091839
2022-09-16,HINDUNILVR.NS,FMCG,1830.4,4814339
2022-09-19,HINDUNILVR.NS,FMCG,1853.78,3520994
2022-09-20,HINDUNILVR.NS,FMCG,1832.19,3814471
2022-09-21,HINDUNILVR.NS,FMCG,1804.14,2912872
2022-09-22,HINDUNILVR.NS,FMCG,1857.59,3632861
2022-09-23,HINDUNILVR.NS,FMCG,1851.35,1979603
2022-09-26,HINDUNILVR.NS,FMCG,1858.73,4032860
2022-09-27,HINDUNILVR.NS,FMCG,1881.79,4953488
2022-09-28,HINDUNILVR.NS,FMCG,1897.96,3900250
2022-09-29,HINDUNILVR.NS,FMCG,1878.15,5511913
2022-09-30,HINDUNILVR.NS,FMCG,1884.21,6371725
2022-10-03,HINDUNILVR.NS,FMCG,1885.84,3970387
2022-10-04,HINDUNILVR.NS,FMCG,1884.48,2817123
2022-10-05,HINDUNILVR.NS,FMCG,1905.58,5850354
2022-10-06,HINDUNILVR.NS,FMCG,1908.26,5450545
2022-10-07,HINDUNILVR.NS,FMCG,1881.09,4672159
2022-10-10,HINDUNILVR.NS,FMCG,1912.36,3323199
2022-10-11,HINDUNILVR.NS,FMCG,1942.58,4557469
2022-10-12,HINDUNILVR.NS,FMCG,1910.2,3580442
2022-10-13,HINDUNILVR.NS,FMCG,1948.07,3088533
2022-10-14,HINDUNILVR.NS,FMCG,1906.46,4527611
2022-10-17,HINDUNILVR.NS,FMCG,1917.33,2840217
2022-10-18,HINDUNILVR.NS,FMCG,1925.18,5202012
2022-10-19,HINDUNILVR.NS,FMCG,1941.17,4406303
2022-10-20,HINDUNILVR.NS,FMCG,2001.35,3839997
2022-10-21,HINDUNILVR.NS,FMCG,1989.39,3935085
2022-10-25,HINDUNILVR.NS,FMCG,1990.0,2742528
2022-10-26,HINDUNILVR.NS,FMCG,1994.29,2800736
2022-10-27,HINDUNILVR.NS,FMCG,1993.36,7322725
2022-10-28,HINDUNILVR.NS,FMCG,2017.22,3787372
2022-10-31,HINDUNILVR.NS,FMCG,2029.89,2425646
2022-11-01,HINDUNILVR.NS,FMCG,1990.11,5506736
2022-11-02,HINDUNILVR.NS,FMCG,1977.53,2789805
2022-11-03,HINDUNILVR.NS,FMCG,2002.36,4885654
2022-11-04,HINDUNILVR.NS,FMCG,1958.79,6688932
2022-11-07,HINDUNILVR.NS,FMCG,1920.1,3700633
2022-11-08,HINDUNILVR.NS,FMCG,1886.72,5987666
2022-11-09,HINDUNILVR.NS,FMCG,1888.5,5162043
2022-11-10,HINDUNILVR.NS,FMCG,1893.46,6925004
2022-11-11,HINDUNILVR.NS,FMCG,1892.96,4894613
2022-11-14,HINDUNILVR.NS,FMCG,1874.82,3318324
2022-11-15,HINDUNILVR.NS,FMCG,1868.81,1925999
2022-11-16,HINDUNILVR.NS,FMCG,1854.22,3026083
2022-11-17,HINDUNILVR.NS,FMCG,1844.61,3349161
2022-11-18,HINDUNILVR.NS,FMCG,1813.85,5651507
2022-11-21,HINDUNILVR.NS,FMCG,1809.34,6107069
2022-11-22,HINDUNILVR.NS,FMCG,1816.0,2720674
2022-11-23,HINDUNILVR.NS,FMCG,1840.22,6125813
2022-11-24,HINDUNILVR.NS,FMCG,1844.18,3045908
2022-11-25,HINDUNILVR.NS,FMCG,1869.06,2982651
2022-11-28,HINDUNILVR.NS,FMCG,1871.82,2460170
2022-11-29,HINDUNILVR.NS,FMCG,1873.66,4493829
2022-11-30,HINDUNILVR.NS,FMCG,1836.98,3252744
2022-12-01,HINDUNILVR.NS,FMCG,1842.4,6322065
2022-12-02,HINDUNILVR.NS,FMCG,1798.95,2905618
2022-12-05,HINDUNILVR.NS,FMCG,1789.23,5159097
2022-12-06,HINDUNILVR.NS,FMCG,1815.18,2612151
2022-12-07,HINDUNILVR.NS,FMCG,1815.14,5729609
2022-12-08,HINDUNILVR.NS,FMCG,1842.85,4159860
2022-12-09,HINDUNILVR.NS,FMCG,1801.65,4423923
2022-12-12,HINDUNILVR.NS,FMCG,1831.93,3522050
2022-12-13,HINDUNILVR.NS,FMCG,1819.28,3452909
2022-12-14,HINDUNILVR.NS,FMCG,1830.17,4751023
2022-12-15,HINDUNILVR.NS,FMCG,1841.52,7519255
2022-12-16,HINDUNILVR.NS,FMCG,1828.57,2765185
2022-12-19,HINDUNILVR.NS,FMCG,1810.63,3544038
2022-12-20,HINDUNILVR.NS,FMCG,1768.04,3222248
2022-12-21,HINDUNILVR.NS,FMCG,1728.51,2352255
2022-12-22,HINDUNILVR.NS,FMCG,1760.73,2341914
2022-12-23,HINDUNILVR.NS,FMCG,1749.37,3089805
2022-12-26,HINDUNILVR.NS,FMCG,1726.23,3476107
2022-12-27,HINDUNILVR.NS,FMCG,1728.12,6554299
2022-12-28,HINDUNILVR.NS,FMCG,1722.73,5644877
2022-12-29,HINDUNILVR.NS,FMCG,1720.58,2996198
2022-12-30,HINDUNILVR.NS,FMCG,1749.71,5232992
2023-01-02,HINDUNILVR.NS,FMCG,1767.63,3018374
2023-01-03,HINDUNILVR.NS,FMCG,1772.64,3871923
2023-01-04,HINDUNILVR.NS,FMCG,1772.59,4471901
2023-01-05,HINDUNILVR.NS,FMCG,1796.16,8356090
2023-01-06,HINDUNILVR.NS,FMCG,1783.01,4386680
2023-01-09,HINDUNILVR.NS,FMCG,1781.46,2380207
2023-01-10,HINDUNILVR.NS,FMCG,1802.21,5180793
2023-01-11,HINDUNILVR.NS,FMCG,1810.72,5944737
2023-01-12,HINDUNILVR.NS,FMCG,1808.78,5449347
2023-01-13,HINDUNILVR.NS,FMCG,1817.84,2819361
2023-01-16,HINDUNILVR.NS,FMCG,1824.85,4170369
2023-01-17,HINDUNILVR.NS,FMCG,1830.88,3967821
2023-01-18,HINDUNILVR.NS,FMCG,1869.99,7417336
2023-01-19,HINDUNILVR.NS,FMCG,1880.2,4954761
2023-01-20,HINDUNILVR.NS,FMCG,1877.41,7281520
2023-01-23,HINDUNILVR.NS,FMCG,1863.74,3114960
2023-01-24,HINDUNILVR.NS,FMCG,1884.85,3701122
2023-01-25,HINDUNILVR.NS,FMCG,1839.99,3307991
2023-01-27,HINDUNILVR.NS,FMCG,1841.25,5623960
2023-01-30,HINDUNILVR.NS,FMCG,1810.99,5949722
2023-01-31,HINDUNILVR.NS,FMCG,1809.63,4578034
2023-02-01,HINDUNILVR.NS,FMCG,1812.62,4127449
2023-02-02,HINDUNILVR.NS,FMCG,1827.92,4621528
2023-02-03,HINDUNILVR.NS,FMCG,1849.44,2461076
2023-02-06,HINDUNILVR.NS,FMCG,1874.45,3457554
2023-02-07,HINDUNILVR.NS,FMCG,1842.36,3556205
2023-02-08,HINDUNILVR.NS,FMCG,1845.28,3973831
2023-02-09,HINDUNILVR.NS,FMCG,1835.41,3178110
2023-02-10,HINDUNILVR.NS,FMCG,1866.24,2966050
2023-02-13,HINDUNILVR.NS,FMCG,1827.71,2282317
2023-02-14,HINDUNILVR.NS,FMCG,1840.13,4644657
2023-02-15,HINDUNILVR.NS,FMCG,1830.8,2470416
2023-02-16,HINDUNILVR.NS,FMCG,1830.43,5664969
2023-02-17,HINDUNILVR.NS,FMCG,1826.92,4472139
2023-02-20,HINDUNILVR.NS,FMCG,1829.76,5445232
2023-02-21,HINDUNILVR.NS,FMCG,1757.49,2922301
2023-02-22,HINDUNILVR.NS,FMCG,1750.61,7666154
2023-02-23,HINDUNILVR.NS,FMCG,1756.94,8683156
2023-02-24,HINDUNILVR.NS,FMCG,1698.21,4034997
2023-02-27,HINDUNILVR.NS,FMCG,1707.38,4582235
2023-02-28,HINDUNILVR.NS,FMCG,1734.68,3974944
2023-03-01,HINDUNILVR.NS,FMCG,1744.19,5680578
2023-03-02,HINDUNILVR.NS,FMCG,1705.09,5269429
2023-03-03,HINDUNILVR.NS,FMCG,1709.28,2144934
2023-03-06,HINDUNILVR.NS,FMCG,1720.98,2989683
2023-03-07,HINDUNILVR.NS,FMCG,1702.66,4581161
2023-03-09,HINDUNILVR.NS,FMCG,1717.78,5234603
2023-03-10,HINDUNILVR.NS,FMCG,1757.42,4207069
2023-03-13,HINDUNILVR.NS,FMCG,1794.76,2204809
2023-03-14,HINDUNILVR.NS,FMCG,1746.9,4851521
2023-03-15,HINDUNILVR.NS,FMCG,1734.48,7562376
2023-03-16,HINDUNILVR.NS,FMCG,1762.01,1787548
2023-03-17,HINDUNILVR.NS,FMCG,1782.73,5546916
2023-03-20,HINDUNILVR.NS,FMCG,1772.43,7581586
2023-03-21,HINDUNILVR.NS,FMCG,1733.39,5555192
2023-03-22,HINDUNILVR.NS,FMCG,1773.39,3881574
2023-03-23,HINDUNILVR.NS,FMCG,1776.13,5465176
2023-03-24,HINDUNILVR.NS,FMCG,1790.57,3873560
2023-03-27,HINDUNILVR.NS,FMCG,1825.42,4826878
2023-03-28,HINDUNILVR.NS,FMCG,1853.9,4110945
2023-03-29,HINDUNILVR.NS,FMCG,1843.74,4151391
2023-03-30,HINDUNILVR.NS,FMCG,1866.07,3058222
2023-03-31,HINDUNILVR.NS,FMCG,1866.64,3395078
2023-04-03,HINDUNILVR.NS,FMCG,1876.78,7050775
2023-04-04,HINDUNILVR.NS,FMCG,1933.91,3214122
2023-04-05,HINDUNILVR.NS,FMCG,1917.08,2013688
2023-04-06,HINDUNILVR.NS,FMCG,1927.74,13665535
2023-04-07,HINDUNILVR.NS,FMCG,1961.1,3427032
2023-04-10,HINDUNILVR.NS,FMCG,1912.34,3634626
2023-04-11,HINDUNILVR.NS,FMCG,1921.14,3468647
2023-04-12,HINDUNILVR.NS,FMCG,1926.77,4015111
2023-04-13,HINDUNILVR.NS,FMCG,1938.39,3061156
2023-04-17,HINDUNILVR.NS,FMCG,1950.27,6724743
2023-04-18,HINDUNILVR.NS,FMCG,1961.71,3723394
2023-04-19,HINDUNILVR.NS,FMCG,1970.65,2769171
2023-04-20,HINDUNILVR.NS,FMCG,1962.49,1462912
2023-04-21,HINDUNILVR.NS,FMCG,1966.68,5857340
2023-04-24,HINDUNILVR.NS,FMCG,1984.05,3422072
2023-04-25,HINDUNILVR.NS,FMCG,1979.74,4553893
2023-04-26,HINDUNILVR.NS,FMCG,1988.28,2884458
2023-04-27,HINDUNILVR.NS,FMCG,2035.7,4126045
2023-04-28,HINDUNILVR.NS,FMCG,2020.49,3954845
2023-05-02,HINDUNILVR.NS,FMCG,1969.99,5511278
2023-05-03,HINDUNILVR.NS,FMCG,2001.37,4230967
2023-05-04,HINDUNILVR.NS,FMCG,1991.89,2695191
2023-05-05,HINDUNILVR.NS,FMCG,1970.8,9256610
2023-05-08,HINDUNILVR.NS,FMCG,1950.08,4648698
2023-05-09,HINDUNILVR.NS,FMCG,1977.53,2868476
2023-05-10,HINDUNILVR.NS,FMCG,1958.33,4266011
2023-05-11,HINDUNILVR.NS,FMCG,1957.76,4578486
2023-05-12,HINDUNILVR.NS,FMCG,1944.72,4729991
2023-05-15,HINDUNILVR.NS,FMCG,1928.44,4534163
2023-05-16,HINDUNILVR.NS,FMCG,1958.23,4350806
2023-05-17,HINDUNILVR.NS,FMCG,1927.24,5505138
2023-05-18,HINDUNILVR.NS,FMCG,1998.06,5151269
2023-05-19,HINDUNILVR.NS,FMCG,1981.02,5184899
2023-05-22,HINDUNILVR.NS,FMCG,1975.93,2144046
2023-05-23,HINDUNILVR.NS,FMCG,1968.68,2175989
2023-05-24,HINDUNILVR.NS,FMCG,1974.63,3024881
2023-05-25,HINDUNILVR.NS,FMCG,1949.68,3660266
2023-05-26,HINDUNILVR.NS,FMCG,1922.76,3060287
2023-05-29,HINDUNILVR.NS,FMCG,1920.34,2798147
2023-05-30,HINDUNILVR.NS,FMCG,1886.99,4340959
2023-05-31,HINDUNILVR.NS,FMCG,1862.37,2941764
2023-06-01,HINDUNILVR.NS,FMCG,1865.4,1721588
2023-06-02,HINDUNILVR.NS,FMCG,1891.32,2482110
2023-06-05,HINDUNILVR.NS,FMCG,1904.53,3225464
2023-06-06,HINDUNILVR.NS,FMCG,1907.22,3647700
2023-06-07,HINDUNILVR.NS,FMCG,1934.36,5468648
2023-06-08,HINDUNILVR.NS,FMCG,1949.26,4648660
2023-06-09,HINDUNILVR.NS,FMCG,1985.31,1979157
2023-06-12,HINDUNILVR.NS,FMCG,2000.06,6638536
2023-06-13,HINDUNILVR.NS,FMCG,2056.73,3723735
2023-06-14,HINDUNILVR.NS,FMCG,2039.87,4090619
2023-06-15,HINDUNILVR.NS,FMCG,2049.49,4165847
2023-06-16,HINDUNILVR.NS,FMCG,2070.29,2962551
2023-06-19,HINDUNILVR.NS,FMCG,2045.16,4863151
2023-06-20,HINDUNILVR.NS,FMCG,2018.38,2018964
2023-06-21,HINDUNILVR.NS,FMCG,2046.72,6382286
2023-06-22,HINDUNILVR.NS,FMCG,2046.59,4263646
2023-06-23,HINDUNILVR.NS,FMCG,2064.25,4534080
2023-06-26,HINDUNILVR.NS,FMCG,2112.19,4800911
2023-06-27,HINDUNILVR.NS,FMCG,2089.08,3421168
2023-06-28,HINDUNILVR.NS,FMCG,2032.39,6230108
2023-06-29,HINDUNILVR.NS,FMCG,2044.65,3097713
2023-06-30,HINDUNILVR.NS,FMCG,2062.54,2813094
2023-07-03,HINDUNILVR.NS,FMCG,2090.52,4206551
2023-07-04,HINDUNILVR.NS,FMCG,2146.17,2465183
2023-07-05,HINDUNILVR.NS,FMCG,2157.92,3274895
2023-07-06,HINDUNILVR.NS,FMCG,2154.15,4374358
2023-07-07,HINDUNILVR.NS,FMCG,2147.68,5164235
2023-07-10,HINDUNILVR.NS,FMCG,2121.29,3940836
2023-07-11,HINDUNILVR.NS,FMCG,2091.75,2909541
2023-07-12,HINDUNILVR.NS,FMCG,2098.38,3548299
2023-07-13,HINDUNILVR.NS,FMCG,2112.3,3160303
2023-07-14,HINDUNILVR.NS,FMCG,2110.7,3858628
2023-07-17,HINDUNILVR.NS,FMCG,2123.47,3213626
2023-07-18,HINDUNILVR.NS,FMCG,2078.73,2836103
2023-07-19,HINDUNILVR.NS,FMCG,2139.86,2715171
2023-07-20,HINDUNILVR.NS,FMCG,2117.49,2098183
2023-07-21,HINDUNILVR.NS,FMCG,2127.97,5829521
2023-07-24,HINDUNILVR.NS,FMCG,2170.04,5129540
2023-07-25,HINDUNILVR.NS,FMCG,2171.48,2597396
2023-07-26,HINDUNILVR.NS,FMCG,2148.67,5014112
2023-07-27,HINDUNILVR.NS,FMCG,2171.91,4052453
2023-07-28,HINDUNILVR.NS,FMCG,2140.68,2540340
2023-07-31,HINDUNILVR.NS,FMCG,2198.84,2764373
2023-08-01,HINDUNILVR.NS,FMCG,2218.71,3789834
2023-08-02,HINDUNILVR.NS,FMCG,2241.65,5175330
2023-08-03,HINDUNILVR.NS,FMCG,2194.44,4915712
2023-08-04,HINDUNILVR.NS,FMCG,2197.84,3306704
2023-08-07,HINDUNILVR.NS,FMCG,2203.69,4689081
2023-08-08,HINDUNILVR.NS,FMCG,2264.68,3771803
2023-08-09,HINDUNILVR.NS,FMCG,2233.03,3087208
2023-08-10,HINDUNILVR.NS,FMCG,2273.21,5588321
2023-08-11,HINDUNILVR.NS,FMCG,2293.37,4216486
2023-08-14,HINDUNILVR.NS,FMCG,2394.48,4774471
2023-08-16,HINDUNILVR.NS,FMCG,2413.22,2719053
2023-08-17,HINDUNILVR.NS,FMCG,2404.87,3328787
2023-08-18,HINDUNILVR.NS,FMCG,2430.18,5320359
2023-08-21,HINDUNILVR.NS,FMCG,2429.0,3619177
2023-08-22,HINDUNILVR.NS,FMCG,2447.0,3693139
2023-08-23,HINDUNILVR.NS,FMCG,2459.17,2754124
2023-08-24,HINDUNILVR.NS,FMCG,2478.74,4277600
2023-08-25,HINDUNILVR.NS,FMCG,2412.77,2736787
2023-08-28,HINDUNILVR.NS,FMCG,2434.88,4538109
2023-08-29,HINDUNILVR.NS,FMCG,2415.24,2820708
2023-08-30,HINDUNILVR.NS,FMCG,2404.13,3710620
2023-08-31,HINDUNILVR.NS,FMCG,2415.13,6929219
2023-09-01,HINDUNILVR.NS,FMCG,2381.2,4538117
2023-09-04,HINDUNILVR.NS,FMCG,2363.56,3536827
2023-09-05,HINDUNILVR.NS,FMCG,2386.73,5389096
2023-09-06,HINDUNILVR.NS,FMCG,2322.64,3099574
2023-09-07,HINDUNILVR.NS,FMCG,2287.62,2827274
2023-09-08,HINDUNILVR.NS,FMCG,2237.0,3514316
2023-09-11,HINDUNILVR.NS,FMCG,2196.77,5865137
2023-09-12,HINDUNILVR.NS,FMCG,2208.09,5750926
2023-09-13,HINDUNILVR.NS,FMCG,2170.55,3355686
2023-09-14,HINDUNILVR.NS,FMCG,2166.36,3615065
2023-09-15,HINDUNILVR.NS,FMCG,2159.32,4625572
2023-09-18,HINDUNILVR.NS,FMCG,2154.32,9340408
2023-09-19,HINDUNILVR.NS,FMCG,2153.46,3674190
2023-09-20,HINDUNILVR.NS,FMCG,2119.76,6477767
2023-09-21,HINDUNILVR.NS,FMCG,2158.32,4357089
2023-09-22,HINDUNILVR.NS,FMCG,2207.06,5382390
2023-09-25,HINDUNILVR.NS,FMCG,2208.96,5693008
2023-09-26,HINDUNILVR.NS,FMCG,2186.62,4246437
2023-09-27,HINDUNILVR.NS,FMCG,2195.2,3953383
2023-09-28,HINDUNILVR.NS,FMCG,2186.15,3713492
2023-09-29,HINDUNILVR.NS,FMCG,2185.29,4514119
2023-10-03,HINDUNILVR.NS,FMCG,2152.35,6051030
2023-10-04,HINDUNILVR.NS,FMCG,2193.33,6343586
2023-10-05,HINDUNILVR.NS,FMCG,2213.21,6099374
2023-10-06,HINDUNILVR.NS,FMCG,2219.03,3391963
2023-10-09,HINDUNILVR.NS,FMCG,2211.98,3272740
2023-10-10,HINDUNILVR.NS,FMCG,2185.5,2988166
2023-10-11,HINDUNILVR.NS,FMCG,2192.3,4213944
2023-10-12,HINDUNILVR.NS,FMCG,2182.37,5534533
2023-10-13,HINDUNILVR.NS,FMCG,2210.06,3276348
2023-10-16,HINDUNILVR.NS,FMCG,2177.54,3745086
2023-10-17,HINDUNILVR.NS,FMCG,2207.39,5006925
2023-10-18,HINDUNILVR.NS,FMCG,2161.26,3568280
2023-10-19,HINDUNILVR.NS,FMCG,2153.77,3735434
2023-10-20,HINDUNILVR.NS,FMCG,2202.04,5897385
2023-10-23,HINDUNILVR.NS,FMCG,2183.85,4026039
2023-10-24,HINDUNILVR.NS,FMCG,2208.04,3103089
2023-10-25,HINDUNILVR.NS,FMCG,2220.52,4129728
2023-10-26,HINDUNILVR.NS,FMCG,2252.66,4646703
2023-10-27,HINDUNILVR.NS,FMCG,2285.4,9593403
2023-10-30,HINDUNILVR.NS,FMCG,2352.55,6794869
2023-10-31,HINDUNILVR.NS,FMCG,2354.82,12204630
2023-11-01,HINDUNILVR.NS,FMCG,2380.95,2750051
2023-11-02,HINDUNILVR.NS,FMCG,2379.32,6497507
2023-11-03,HINDUNILVR.NS,FMCG,2449.39,6875808
2023-11-06,HINDUNILVR.NS,FMCG,2465.82,4035618
2023-11-07,HINDUNILVR.NS,FMCG,2448.22,3480388
2023-11-08,HINDUNILVR.NS,FMCG,2423.5,5168255
2023-11-09,HINDUNILVR.NS,FMCG,2428.17,3562405
2023-11-10,HINDUNILVR.NS,FMCG,2452.2,2675443
2023-11-13,HINDUNILVR.NS,FMCG,2398.54,2431379
2023-11-14,HINDUNILVR.NS,FMCG,2407.75,2364634
2023-11-15,HINDUNILVR.NS,FMCG,2420.27,4332198
2023-11-16,HINDUNILVR.NS,FMCG,2395.21,5050212
2023-11-17,HINDUNILVR.NS,FMCG,2407.84,2838768
2023-11-20,HINDUNILVR.NS,FMCG,2464.54,4729250
2023-11-21,HINDUNILVR.NS,FMCG,2433.33,4717600
2023-11-22,HINDUNILVR.NS,FMCG,2416.82,4507976
2023-11-23,HINDUNILVR.NS,FMCG,2402.29,5065524
2023-11-24,HINDUNILVR.NS,FMCG,2421.5,4305660
2023-11-27,HINDUNILVR.NS,FMCG,2439.07,6366155
2023-11-28,HINDUNILVR.NS,FMCG,2467.44,4966953
2023-11-29,HINDUNILVR.NS,FMCG,2451.07,2573819
2023-11-30,HINDUNILVR.NS,FMCG,2484.37,7602694
2023-12-01,HINDUNILVR.NS,FMCG,2471.54,2852556
2023-12-04,HINDUNILVR.NS,FMCG,2475.56,3970214
2023-12-05,HINDUNILVR.NS,FMCG,2461.3,9754536
2023-12-06,HINDUNILVR.NS,FMCG,2476.21,4739294
2023-12-07,HINDUNILVR.NS,FMCG,2438.14,2993969
2023-12-08,HINDUNILVR.NS,FMCG,2438.78,4492270
2023-12-11,HINDUNILVR.NS,FMCG,2482.64,4793748
2023-12-12,HINDUNILVR.NS,FMCG,2495.15,4284037
2023-12-13,HINDUNILVR.NS,FMCG,2515.89,3343839
2023-12-14,HINDUNILVR.NS,FMCG,2527.06,2551162
2023-12-15,HINDUNILVR.NS,FMCG,2520.0,2656106
2023-12-18,HINDUNILVR.NS,FMCG,2477.1,3039598
2023-12-19,HINDUNILVR.NS,FMCG,2503.43,6282147
2023-12-20,HINDUNILVR.NS,FMCG,2582.16,2606118
2023-12-21,HINDUNILVR.NS,FMCG,2590.09,4216481
2023-12-22,HINDUNILVR.NS,FMCG,2605.98,6513691
2023-12-26,HINDUNILVR.NS,FMCG,2648.31,5014114
2023-12-27,HINDUNILVR.NS,FMCG,2634.5,6566463
2023-12-28,HINDUNILVR.NS,FMCG,2705.53,3251995
2023-12-29,HINDUNILVR.NS,FMCG,2719.17,4974573
2024-01-01,HINDUNILVR.NS,FMCG,2704.24,5973346
2024-01-02,HINDUNILVR.NS,FMCG,2715.86,5550563
2024-01-03,HINDUNILVR.NS,FMCG,2690.37,5451862
2024-01-04,HINDUNILVR.NS,FMCG,2748.47,2628380
2024-01-05,HINDUNILVR.NS,FMCG,2742.54,5042798
2024-01-08,HINDUNILVR.NS,FMCG,2756.53,4736052
2024-01-09,HINDUNILVR.NS,FMCG,2728.72,3788137
2024-01-10,HINDUNILVR.NS,FMCG,2780.26,3230924
2024-01-11,HINDUNILVR.NS,FMCG,2822.3,4674606
2024-01-12,HINDUNILVR.NS,FMCG,2812.27,2826169
2024-01-15,HINDUNILVR.NS,FMCG,2799.74,3433343
2024-01-16,HINDUNILVR.NS,FMCG,2826.54,5552444
2024-01-17,HINDUNILVR.NS,FMCG,2867.72,5749945
2024-01-18,HINDUNILVR.NS,FMCG,2887.71,4726673
2024-01-19,HINDUNILVR.NS,FMCG,2910.37,3399273
2024-01-22,HINDUNILVR.NS,FMCG,2887.26,2705954
2024-01-23,HINDUNILVR.NS,FMCG,2956.39,3039478
2024-01-24,HINDUNILVR.NS,FMCG,3028.27,6261706
2024-01-25,HINDUNILVR.NS,FMCG,3020.75,4274123
2024-01-29,HINDUNILVR.NS,FMCG,3064.9,3852863
2024-01-30,HINDUNILVR.NS,FMCG,3070.21,4227887
2024-01-31,HINDUNILVR.NS,FMCG,3052.53,5073780
2024-02-01,HINDUNILVR.NS,FMCG,3070.28,2787605
2024-02-02,HINDUNILVR.NS,FMCG,3070.45,3367812
2024-02-05,HINDUNILVR.NS,FMCG,3094.62,5005876
2024-02-06,HINDUNILVR.NS,FMCG,3080.02,4342330
2024-02-07,HINDUNILVR.NS,FMCG,3039.38,5880422
2024-02-08,HINDUNILVR.NS,FMCG,3087.67,5197510
2024-02-09,HINDUNILVR.NS,FMCG,3006.19,3047326
2024-02-12,HINDUNILVR.NS,FMCG,2961.36,1241538
2024-02-13,HINDUNILVR.NS,FMCG,3043.81,4288716
2024-02-14,HINDUNILVR.NS,FMCG,3047.06,2769428
2024-02-15,HINDUNILVR.NS,FMCG,3011.76,4769057
2024-02-16,HINDUNILVR.NS,FMCG,3011.49,6966828
2024-02-19,HINDUNILVR.NS,FMCG,2994.7,2784621
2024-02-20,HINDUNILVR.NS,FMCG,3003.27,5006562
2024-02-21,HINDUNILVR.NS,FMCG,3028.95,5414461
2024-02-22,HINDUNILVR.NS,FMCG,2983.52,4506360
2024-02-23,HINDUNILVR.NS,FMCG,3006.38,4478323
2024-02-26,HINDUNILVR.NS,FMCG,2991.7,1930428
2024-02-27,HINDUNILVR.NS,FMCG,2986.94,4085436
2024-02-28,HINDUNILVR.NS,FMCG,3017.61,3980679
2024-02-29,HINDUNILVR.NS,FMCG,2973.73,5765514
2024-03-01,HINDUNILVR.NS,FMCG,3006.0,5587157
2024-03-04,HINDUNILVR.NS,FMCG,3021.5,3339660
2024-03-05,HINDUNILVR.NS,FMCG,3015.85,2053421
2024-03-06,HINDUNILVR.NS,FMCG,3030.28,2283904
2024-03-07,HINDUNILVR.NS,FMCG,3034.74,6537406
2024-03-11,HINDUNILVR.NS,FMCG,3022.93,3886223
2024-03-12,HINDUNILVR.NS,FMCG,3047.83,2406483
2024-03-13,HINDUNILVR.NS,FMCG,3093.0,2513488
2024-03-14,HINDUNILVR.NS,FMCG,3105.48,4328709
2024-03-15,HINDUNILVR.NS,FMCG,3081.9,4165454
2024-03-18,HINDUNILVR.NS,FMCG,3120.09,7128154
2024-03-19,HINDUNILVR.NS,FMCG,3109.13,3882255
2024-03-20,HINDUNILVR.NS,FMCG,3163.21,4570625
2024-03-21,HINDUNILVR.NS,FMCG,3173.15,3934637
2024-03-22,HINDUNILVR.NS,FMCG,3075.74,5318096
2024-03-25,HINDUNILVR.NS,FMCG,3073.99,7392821
2024-03-26,HINDUNILVR.NS,FMCG,3059.37,5556927
2024-03-27,HINDUNILVR.NS,FMCG,3083.05,7959362
2024-03-28,HINDUNILVR.NS,FMCG,3110.29,4825063
2024-03-29,HINDUNILVR.NS,FMCG,3079.77,2291884
2024-04-01,HINDUNILVR.NS,FMCG,3074.17,2992415
2024-04-02,HINDUNILVR.NS,FMCG,3123.16,5321680
2024-04-03,HINDUNILVR.NS,FMCG,3212.71,3669450
2024-04-04,HINDUNILVR.NS,FMCG,3251.02,3995370
2024-04-05,HINDUNILVR.NS,FMCG,3337.65,3006998
2024-04-08,HINDUNILVR.NS,FMCG,3293.2,6619629
2024-04-09,HINDUNILVR.NS,FMCG,3332.89,6824283
2024-04-10,HINDUNILVR.NS,FMCG,3336.86,3685261
2024-04-11,HINDUNILVR.NS,FMCG,3320.55,3697884
2024-04-12,HINDUNILVR.NS,FMCG,3339.66,6239423
2024-04-15,HINDUNILVR.NS,FMCG,3439.48,5758173
2024-04-16,HINDUNILVR.NS,FMCG,3425.91,2256142
2024-04-17,HINDUNILVR.NS,FMCG,3372.85,5064777
2024-04-18,HINDUNILVR.NS,FMCG,3353.05,4749404
2024-04-19,HINDUNILVR.NS,FMCG,3429.92,4262365
2024-04-22,HINDUNILVR.NS,FMCG,3358.92,2936825
2024-04-23,HINDUNILVR.NS,FMCG,3262.08,2959301
2024-04-24,HINDUNILVR.NS,FMCG,3260.67,1349871
2024-04-25,HINDUNILVR.NS,FMCG,3258.43,3173206
2024-04-26,HINDUNILVR.NS,FMCG,3309.5,2003198
2024-04-29,HINDUNILVR.NS,FMCG,3277.54,3304145
2024-04-30,HINDUNILVR.NS,FMCG,3294.18,4596272
2024-05-02,HINDUNILVR.NS,FMCG,3366.06,2653298
2024-05-03,HINDUNILVR.NS,FMCG,3367.9,6364033
2024-05-06,HINDUNILVR.NS,FMCG,3317.53,7917437
2024-05-07,HINDUNILVR.NS,FMCG,3326.69,4337988
2024-05-08,HINDUNILVR.NS,FMCG,3342.64,4940575
2024-05-09,HINDUNILVR.NS,FMCG,3334.41,2266023
2024-05-10,HINDUNILVR.NS,FMCG,3299.13,4257498
2024-05-13,HINDUNILVR.NS,FMCG,3307.75,2441676
2024-05-14,HINDUNILVR.NS,FMCG,3337.42,2183842
2024-05-15,HINDUNILVR.NS,FMCG,3318.49,2563514
2024-05-16,HINDUNILVR.NS,FMCG,3345.99,3782799
2024-05-17,HINDUNILVR.NS,FMCG,3389.77,3936325
2024-05-20,HINDUNILVR.NS,FMCG,3406.62,3892335
2024-05-21,HINDUNILVR.NS,FMCG,3372.48,2656934
2024-05-22,HINDUNILVR.NS,FMCG,3382.38,4143921
2024-05-23,HINDUNILVR.NS,FMCG,3350.31,3130230
2024-05-24,HINDUNILVR.NS,FMCG,3412.77,4176755
2024-05-27,HINDUNILVR.NS,FMCG,3372.52,3676270
2024-05-28,HINDUNILVR.NS,FMCG,3375.3,2124550
2024-05-29,HINDUNILVR.NS,FMCG,3427.3,3147829
2024-05-30,HINDUNILVR.NS,FMCG,3478.12,4830647
2024-05-31,HINDUNILVR.NS,FMCG,3496.89,5354964
2024-06-03,HINDUNILVR.NS,FMCG,3437.09,2594371
2024-06-04,HINDUNILVR.NS,FMCG,3392.92,3055798
2024-06-05,HINDUNILVR.NS,FMCG,3443.53,3414219
2024-06-06,HINDUNILVR.NS,FMCG,3446.9,6016602
2024-06-07,HINDUNILVR.NS,FMCG,3501.0,4705312
2024-06-10,HINDUNILVR.NS,FMCG,3525.05,2551056
2024-06-11,HINDUNILVR.NS,FMCG,3578.31,4743257
2024-06-12,HINDUNILVR.NS,FMCG,3623.11,6224853
2024-06-13,HINDUNILVR.NS,FMCG,3575.32,4306949
2024-06-14,HINDUNILVR.NS,FMCG,3522.6,3044194
2024-06-17,HINDUNILVR.NS,FMCG,3550.38,5372817
2024-06-18,HINDUNILVR.NS,FMCG,3550.12,4259856
2024-06-19,HINDUNILVR.NS,FMCG,3579.6,3658682
2024-06-20,HINDUNILVR.NS,FMCG,3542.1,5457975
2024-06-21,HINDUNILVR.NS,FMCG,3486.87,3987332
2024-06-24,HINDUNILVR.NS,FMCG,3497.15,4107151
2024-06-25,HINDUNILVR.NS,FMCG,3518.75,5395466
2024-06-26,HINDUNILVR.NS,FMCG,3459.07,3350633
2024-06-27,HINDUNILVR.NS,FMCG,3586.77,2663850
2024-06-28,HINDUNILVR.NS,FMCG,3533.73,4474198
2024-07-01,HINDUNILVR.NS,FMCG,3526.25,6885231
2024-07-02,HINDUNILVR.NS,FMCG,3524.32,1801118
2024-07-03,HINDUNILVR.NS,FMCG,3492.69,5161238
2024-07-04,HINDUNILVR.NS,FMCG,3600.95,4041686
2024-07-05,HINDUNILVR.NS,FMCG,3589.32,3311962
2024-07-08,HINDUNILVR.NS,FMCG,3668.38,3184431
2024-07-09,HINDUNILVR.NS,FMCG,3605.79,5476823
2024-07-10,HINDUNILVR.NS,FMCG,3608.65,5065479
2024-07-11,HINDUNILVR.NS,FMCG,3585.52,2777369
2024-07-12,HINDUNILVR.NS,FMCG,3580.17,4442009
2024-07-15,HINDUNILVR.NS,FMCG,3618.96,6454628
2024-07-16,HINDUNILVR.NS,FMCG,3729.94,5096660
2024-07-17,HINDUNILVR.NS,FMCG,3730.63,2227165
2024-07-18,HINDUNILVR.NS,FMCG,3747.54,5005763
2024-07-19,HINDUNILVR.NS,FMCG,3740.24,2580245
2024-07-22,HINDUNILVR.NS,FMCG,3784.86,4309485
2024-07-23,HINDUNILVR.NS,FMCG,3742.17,3073457
2024-07-24,HINDUNILVR.NS,FMCG,3753.49,4596810
2024-07-25,HINDUNILVR.NS,FMCG,3750.87,3158458
2024-07-26,HINDUNILVR.NS,FMCG,3844.5,2768371
2024-07-29,HINDUNILVR.NS,FMCG,3830.77,4458031
2024-07-30,HINDUNILVR.NS,FMCG,3897.97,4157339
2024-07-31,HINDUNILVR.NS,FMCG,3942.13,5323093
2024-08-01,HINDUNILVR.NS,FMCG,3964.1,3316456
2024-08-02,HINDUNILVR.NS,FMCG,3932.87,2350455
2024-08-05,HINDUNILVR.NS,FMCG,3942.84,5058681
2024-08-06,HINDUNILVR.NS,FMCG,3963.51,6625355
2024-08-07,HINDUNILVR.NS,FMCG,4087.45,3261719
2024-08-08,HINDUNILVR.NS,FMCG,4086.1,4733374
2024-08-09,HINDUNILVR.NS,FMCG,4093.38,3580102
2024-08-12,HINDUNILVR.NS,FMCG,4043.82,7852876
2024-08-13,HINDUNILVR.NS,FMCG,4051.1,3321507
2024-08-14,HINDUNILVR.NS,FMCG,4126.5,3928892
2024-08-16,HINDUNILVR.NS,FMCG,3973.04,1967514
2024-08-19,HINDUNILVR.NS,FMCG,3967.59,6924526
2024-08-20,HINDUNILVR.NS,FMCG,4110.7,3311704
2024-08-21,HINDUNILVR.NS,FMCG,4034.45,6289958
2024-08-22,HINDUNILVR.NS,FMCG,4003.56,3158023
2024-08-23,HINDUNILVR.NS,FMCG,3971.06,3884276
2024-08-26,HINDUNILVR.NS,FMCG,3914.85,3037439
2024-08-27,HINDUNILVR.NS,FMCG,3887.94,2878780
2024-08-28,HINDUNILVR.NS,FMCG,3906.37,3603514
2024-08-29,HINDUNILVR.NS,FMCG,3957.39,3803870
2024-08-30,HINDUNILVR.NS,FMCG,4007.51,3514148
2024-09-02,HINDUNILVR.NS,FMCG,3978.03,2343925
2024-09-03,HINDUNILVR.NS,FMCG,3939.88,4409553
2024-09-04,HINDUNILVR.NS,FMCG,3939.49,2012979
2024-09-05,HINDUNILVR.NS,FMCG,3956.05,3547447
2024-09-06,HINDUNILVR.NS,FMCG,3965.27,2296367
2024-09-09,HINDUNILVR.NS,FMCG,3974.51,5471734
2024-09-10,HINDUNILVR.NS,FMCG,4005.84,6145572
2024-09-11,HINDUNILVR.NS,FMCG,4025.71,4911835
2024-09-12,HINDUNILVR.NS,FMCG,4033.76,3379758
2024-09-13,HINDUNILVR.NS,FMCG,4136.69,3080062
2024-09-16,HINDUNILVR.NS,FMCG,4069.34,3653544
2024-09-17,HINDUNILVR.NS,FMCG,4115.1,3916886
2024-09-18,HINDUNILVR.NS,FMCG,4067.87,4727565
2024-09-19,HINDUNILVR.NS,FMCG,4130.74,4589348
2024-09-20,HINDUNILVR.NS,FMCG,4151.75,1956351
2024-09-23,HINDUNILVR.NS,FMCG,4057.31,5034127
2024-09-24,HINDUNILVR.NS,FMCG,4025.08,4569723
2024-09-25,HINDUNILVR.NS,FMCG,4055.08,3036939
2024-09-26,HINDUNILVR.NS,FMCG,4038.89,2845852
2024-09-27,HINDUNILVR.NS,FMCG,4021.49,4079846
2024-09-30,HINDUNILVR.NS,FMCG,4071.1,4252539
2024-10-01,HINDUNILVR.NS,FMCG,4125.66,2714975
2024-10-03,HINDUNILVR.NS,FMCG,4190.69,4075050
2024-10-04,HINDUNILVR.NS,FMCG,4280.95,4259138
2024-10-07,HINDUNILVR.NS,FMCG,4266.0,5391405
2024-10-08,HINDUNILVR.NS,FMCG,4319.48,3840614
2024-10-09,HINDUNILVR.NS,FMCG,4351.73,1963416
2024-10-10,HINDUNILVR.NS,FMCG,4393.66,4361005
2024-10-11,HINDUNILVR.NS,FMCG,4358.23,2209474
2024-10-14,HINDUNILVR.NS,FMCG,4474.97,2965377
2024-10-15,HINDUNILVR.NS,FMCG,4452.93,2488599
2024-10-16,HINDUNILVR.NS,FMCG,4545.11,4746193
2024-10-17,HINDUNILVR.NS,FMCG,4508.26,2730079
2024-10-18,HINDUNILVR.NS,FMCG,4537.19,5664694
2024-10-21,HINDUNILVR.NS,FMCG,4527.53,2662368
2024-10-22,HINDUNILVR.NS,FMCG,4492.42,1973382
2024-10-23,HINDUNILVR.NS,FMCG,4476.74,3535016
2024-10-24,HINDUNILVR.NS,FMCG,4446.35,2508593
2024-10-25,HINDUNILVR.NS,FMCG,4520.0,6329951
2024-10-28,HINDUNILVR.NS,FMCG,4548.13,3147626
2024-10-29,HINDUNILVR.NS,FMCG,4398.22,5980241
2024-10-30,HINDUNILVR.NS,FMCG,4342.92,3587376
2024-10-31,HINDUNILVR.NS,FMCG,4338.97,4522899
2024-11-04,HINDUNILVR.NS,FMCG,4436.61,3317506
2024-11-05,HINDUNILVR.NS,FMCG,4362.0,9175083
2024-11-06,HINDUNILVR.NS,FMCG,4340.46,2670842
2024-11-07,HINDUNILVR.NS,FMCG,4399.13,1371928
2024-11-08,HINDUNILVR.NS,FMCG,4489.13,4373477
2024-11-11,HINDUNILVR.NS,FMCG,4478.24,2789215
2024-11-12,HINDUNILVR.NS,FMCG,4558.65,4288746
2024-11-13,HINDUNILVR.NS,FMCG,4560.02,3897091
2024-11-14,HINDUNILVR.NS,FMCG,4529.95,3317456
2024-11-15,HINDUNILVR.NS,FMCG,4545.24,3462730
2024-11-18,HINDUNILVR.NS,FMCG,4557.7,4607689
2024-11-19,HINDUNILVR.NS,FMCG,4593.07,3518538
2024-11-20,HINDUNILVR.NS,FMCG,4511.1,3784916
2024-11-21,HINDUNILVR.NS,FMCG,4446.94,3354337
2024-11-22,HINDUNILVR.NS,FMCG,4501.45,7059848
2024-11-25,HINDUNILVR.NS,FMCG,4485.55,6314507
2024-11-26,HINDUNILVR.NS,FMCG,4459.25,2384861
2024-11-27,HINDUNILVR.NS,FMCG,4386.47,3996340
2024-11-28,HINDUNILVR.NS,FMCG,4307.78,3002353
2024-11-29,HINDUNILVR.NS,FMCG,4284.43,2582237
2024-12-02,HINDUNILVR.NS,FMCG,4216.72,1303517
2024-12-03,HINDUNILVR.NS,FMCG,4150.57,3562922
2024-12-04,HINDUNILVR.NS,FMCG,4053.55,3659988
2024-12-05,HINDUNILVR.NS,FMCG,4090.77,6417668
2024-12-06,HINDUNILVR.NS,FMCG,3997.43,5760887
2024-12-09,HINDUNILVR.NS,FMCG,3987.71,4742815
2024-12-10,HINDUNILVR.NS,FMCG,4048.32,5169389
2024-12-11,HINDUNILVR.NS,FMCG,4053.19,5379466
2024-12-12,HINDUNILVR.NS,FMCG,4118.8,4735794
2024-12-13,HINDUNILVR.NS,FMCG,4098.34,6482812
2024-12-16,HINDUNILVR.NS,FMCG,4037.0,2560331
2024-12-17,HINDUNILVR.NS,FMCG,4103.3,3366570
2024-12-18,HINDUNILVR.NS,FMCG,4100.29,3204220
2024-12-19,HINDUNILVR.NS,FMCG,4245.37,3291936
2024-12-20,HINDUNILVR.NS,FMCG,4323.14,3786415
2024-12-23,HINDUNILVR.NS,FMCG,4280.41,7070216
2024-12-24,HINDUNILVR.NS,FMCG,4335.53,5462245
2024-12-26,HINDUNILVR.NS,FMCG,4355.3,6126250
2024-12-27,HINDUNILVR.NS,FMCG,4323.34,3885355
2024-12-30,HINDUNILVR.NS,FMCG,4300.05,3824273
2024-12-31,HINDUNILVR.NS,FMCG,4290.77,4888664
2025-01-01,HINDUNILVR.NS,FMCG,4252.78,4644608
2025-01-02,HINDUNILVR.NS,FMCG,4284.81,4643625
2025-01-03,HINDUNILVR.NS,FMCG,4295.15,8988355
2025-01-06,HINDUNILVR.NS,FMCG,4344.17,4901486
2025-01-07,HINDUNILVR.NS,FMCG,4305.04,3031327
2025-01-08,HINDUNILVR.NS,FMCG,4396.51,3120898
2025-01-09,HINDUNILVR.NS,FMCG,4510.35,5360942
2025-01-10,HINDUNILVR.NS,FMCG,4469.63,5216429
2025-01-13,HINDUNILVR.NS,FMCG,4438.19,5624012
2025-01-14,HINDUNILVR.NS,FMCG,4309.43,4791285
2025-01-15,HINDUNILVR.NS,FMCG,4341.51,2774461
2025-01-16,HINDUNILVR.NS,FMCG,4306.64,6836862
2025-01-17,HINDUNILVR.NS,FMCG,4368.71,6388485
2025-01-20,HINDUNILVR.NS,FMCG,4447.29,3488678
2025-01-21,HINDUNILVR.NS,FMCG,4450.96,4539257
2025-01-22,HINDUNILVR.NS,FMCG,4614.92,4261073
2025-01-23,HINDUNILVR.NS,FMCG,4606.7,3505908
2025-01-24,HINDUNILVR.NS,FMCG,4657.74,2661193
2025-01-27,HINDUNILVR.NS,FMCG,4609.05,4882010
2025-01-28,HINDUNILVR.NS,FMCG,4431.06,2368587
2025-01-29,HINDUNILVR.NS,FMCG,4453.51,3241731
2025-01-30,HINDUNILVR.NS,FMCG,4496.01,7269067
2025-01-31,HINDUNILVR.NS,FMCG,4507.38,4619145
2025-02-03,HINDUNILVR.NS,FMCG,4482.75,4565803
2025-02-04,HINDUNILVR.NS,FMCG,4481.56,3601691
2025-02-05,HINDUNILVR.NS,FMCG,4476.23,2311766
2025-02-06,HINDUNILVR.NS,FMCG,4516.96,4615815
2025-02-07,HINDUNILVR.NS,FMCG,4531.93,4754570
2025-02-10,HINDUNILVR.NS,FMCG,4499.79,5272217
2025-02-11,HINDUNILVR.NS,FMCG,4497.06,3480147
2025-02-12,HINDUNILVR.NS,FMCG,4541.35,3460635
2025-02-13,HINDUNILVR.NS,FMCG,4573.5,4871104
2025-02-14,HINDUNILVR.NS,FMCG,4508.29,2570864
2025-02-17,HINDUNILVR.NS,FMCG,4489.54,5307197
2025-02-18,HINDUNILVR.NS,FMCG,4529.71,3774997
2025-02-19,HINDUNILVR.NS,FMCG,4513.34,4424034
2025-02-20,HINDUNILVR.NS,FMCG,4442.57,8954751
2025-02-21,HINDUNILVR.NS,FMCG,4459.35,3630315
2025-02-24,HINDUNILVR.NS,FMCG,4461.56,4192294
2025-02-25,HINDUNILVR.NS,FMCG,4503.52,4034878
2025-02-26,HINDUNILVR.NS,FMCG,4457.2,1997486
2025-02-27,HINDUNILVR.NS,FMCG,4451.87,4945620
2025-02-28,HINDUNILVR.NS,FMCG,4394.94,1761648
2025-03-03,HINDUNILVR.NS,FMCG,4398.98,5204911
2025-03-04,HINDUNILVR.NS,FMCG,4436.63,3134359
2025-03-05,HINDUNILVR.NS,FMCG,4458.77,3083618
2025-03-06,HINDUNILVR.NS,FMCG,4535.55,3939420
2025-03-07,HINDUNILVR.NS,FMCG,4573.67,2510433
2025-03-10,HINDUNILVR.NS,FMCG,4516.72,3839265
2025-03-11,HINDUNILVR.NS,FMCG,4513.67,2720816
2025-03-12,HINDUNILVR.NS,FMCG,4451.26,2542690
2025-03-13,HINDUNILVR.NS,FMCG,4428.6,3698902
2025-03-14,HINDUNILVR.NS,FMCG,4456.71,6127093
2025-03-17,HINDUNILVR.NS,FMCG,4463.45,5141135
2025-03-18,HINDUNILVR.NS,FMCG,4407.64,3300806
2025-03-19,HINDUNILVR.NS,FMCG,4390.28,3770427
2025-03-20,HINDUNILVR.NS,FMCG,4452.61,3301717
2025-03-21,HINDUNILVR.NS,FMCG,4580.95,2628751
2025-03-24,HINDUNILVR.NS,FMCG,4713.36,2767571
2025-03-25,HINDUNILVR.NS,FMCG,4588.91,4380357
2025-03-26,HINDUNILVR.NS,FMCG,4673.18,3092205
2025-03-27,HINDUNILVR.NS,FMCG,4626.25,3908938
2025-03-28,HINDUNILVR.NS,FMCG,4539.04,2793386
2025-03-31,HINDUNILVR.NS,FMCG,4502.31,5267779
2025-04-01,HINDUNILVR.NS,FMCG,4535.67,4993509
2025-04-02,HINDUNILVR.NS,FMCG,4496.82,6884769
2025-04-03,HINDUNILVR.NS,FMCG,4423.03,6430496
2025-04-04,HINDUNILVR.NS,FMCG,4365.44,2891903
2025-04-07,HINDUNILVR.NS,FMCG,4428.2,2955022
2025-04-08,HINDUNILVR.NS,FMCG,4446.07,4515283
2025-04-09,HINDUNILVR.NS,FMCG,4407.39,2927870
2025-04-10,HINDUNILVR.NS,FMCG,4511.01,4335443
2025-04-11,HINDUNILVR.NS,FMCG,4497.24,3537123
2025-04-15,HINDUNILVR.NS,FMCG,4513.88,5503104
2025-04-16,HINDUNILVR.NS,FMCG,4503.79,5558515
2025-04-17,HINDUNILVR.NS,FMCG,4482.73,3586766
2025-04-18,HINDUNILVR.NS,FMCG,4469.58,2104718
2025-04-21,HINDUNILVR.NS,FMCG,4373.79,5686633
2025-04-22,HINDUNILVR.NS,FMCG,4335.25,3223947
2025-04-23,HINDUNILVR.NS,FMCG,4386.05,3960111
2025-04-24,HINDUNILVR.NS,FMCG,4367.38,3806232
2025-04-25,HINDUNILVR.NS,FMCG,4442.3,4567344
2025-04-28,HINDUNILVR.NS,FMCG,4475.43,3211229
2025-04-29,HINDUNILVR.NS,FMCG,4410.57,2699203
2025-04-30,HINDUNILVR.NS,FMCG,4452.93,4210291
2025-05-02,HINDUNILVR.NS,FMCG,4410.82,5332195
2025-05-05,HINDUNILVR.NS,FMCG,4380.86,3824270
2025-05-06,HINDUNILVR.NS,FMCG,4289.67,3820186
2025-05-07,HINDUNILVR.NS,FMCG,4374.26,2635854
2025-05-08,HINDUNILVR.NS,FMCG,4333.75,4779864
2025-05-09,HINDUNILVR.NS,FMCG,4452.39,4902360
2025-05-12,HINDUNILVR.NS,FMCG,4433.55,3845680
2025-05-13,HINDUNILVR.NS,FMCG,4486.91,2839037
2025-05-14,HINDUNILVR.NS,FMCG,4494.71,4108800
2025-05-15,HINDUNILVR.NS,FMCG,4389.89,4231472
2025-05-16,HINDUNILVR.NS,FMCG,4427.62,3935929
2025-05-19,HINDUNILVR.NS,FMCG,4456.58,2732985
2025-05-20,HINDUNILVR.NS,FMCG,4440.2,4363485
2025-05-21,HINDUNILVR.NS,FMCG,4461.57,4226705
2025-05-22,HINDUNILVR.NS,FMCG,4476.76,4623055
2025-05-23,HINDUNILVR.NS,FMCG,4426.65,3806818
2025-05-26,HINDUNILVR.NS,FMCG,4382.04,6257204
2025-05-27,HINDUNILVR.NS,FMCG,4415.58,3990138
2025-05-28,HINDUNILVR.NS,FMCG,4402.31,6506123
2025-05-29,HINDUNILVR.NS,FMCG,4433.86,4316703
2025-05-30,HINDUNILVR.NS,FMCG,4475.19,2662006
2025-06-02,HINDUNILVR.NS,FMCG,4572.82,5349612
2025-06-03,HINDUNILVR.NS,FMCG,4584.3,3514933
2025-06-04,HINDUNILVR.NS,FMCG,4558.11,3417991
2025-06-05,HINDUNILVR.NS,FMCG,4621.83,5742088
2025-06-06,HINDUNILVR.NS,FMCG,4565.41,2578470
2025-06-09,HINDUNILVR.NS,FMCG,4584.08,2162711
2025-06-10,HINDUNILVR.NS,FMCG,4629.85,3698021
2025-06-11,HINDUNILVR.NS,FMCG,4604.37,4437084
2025-06-12,HINDUNILVR.NS,FMCG,4710.87,5409377
2025-06-13,HINDUNILVR.NS,FMCG,4627.93,4200423
2025-06-16,HINDUNILVR.NS,FMCG,4637.13,1816211
2025-06-17,HINDUNILVR.NS,FMCG,4591.43,2842383
2025-06-18,HINDUNILVR.NS,FMCG,4695.58,2569224
2025-06-19,HINDUNILVR.NS,FMCG,4700.48,2064053
2025-06-20,HINDUNILVR.NS,FMCG,4661.28,3761939
2025-06-23,HINDUNILVR.NS,FMCG,4655.34,4774587
2025-06-24,HINDUNILVR.NS,FMCG,4602.72,5609230
2025-06-25,HINDUNILVR.NS,FMCG,4658.52,4750425
2025-06-26,HINDUNILVR.NS,FMCG,4621.26,3284329
2025-06-27,HINDUNILVR.NS,FMCG,4739.58,5831740
2025-06-30,HINDUNILVR.NS,FMCG,4793.16,3709350
2025-07-01,HINDUNILVR.NS,FMCG,4728.85,4078179
2025-07-02,HINDUNILVR.NS,FMCG,4692.87,3166719
2025-07-03,HINDUNILVR.NS,FMCG,4699.95,3664621
2025-07-04,HINDUNILVR.NS,FMCG,4699.2,3445519
2025-07-07,HINDUNILVR.NS,FMCG,4712.1,2461967
2025-07-08,HINDUNILVR.NS,FMCG,4665.35,4990075
2025-07-09,HINDUNILVR.NS,FMCG,4575.37,4234126
2025-07-10,HINDUNILVR.NS,FMCG,4555.37,5273534
2025-07-11,HINDUNILVR.NS,FMCG,4588.19,3120832
2025-07-14,HINDUNILVR.NS,FMCG,4700.84,5111047
2025-07-15,HINDUNILVR.NS,FMCG,4718.59,2305777
2025-07-16,HINDUNILVR.NS,FMCG,4723.86,4825877
2025-07-17,HINDUNILVR.NS,FMCG,4768.36,5058237
2025-07-18,HINDUNILVR.NS,FMCG,4673.61,2776014
2025-07-21,HINDUNILVR.NS,FMCG,4647.04,5902356
2025-07-22,HINDUNILVR.NS,FMCG,4683.21,6889228
2025-07-23,HINDUNILVR.NS,FMCG,4742.18,3265121
2025-07-24,HINDUNILVR.NS,FMCG,4729.57,6631154
2025-07-25,HINDUNILVR.NS,FMCG,4782.52,2200956
2025-07-28,HINDUNILVR.NS,FMCG,4861.1,3806827
2025-07-29,HINDUNILVR.NS,FMCG,4902.03,1599268
2025-07-30,HINDUNILVR.NS,FMCG,4944.73,5528220
2025-07-31,HINDUNILVR.NS,FMCG,4898.65,2336998
2025-08-01,HINDUNILVR.NS,FMCG,5026.99,2016905
2025-08-04,HINDUNILVR.NS,FMCG,5175.95,4376745
2025-08-05,HINDUNILVR.NS,FMCG,5167.05,5738442
2025-08-06,HINDUNILVR.NS,FMCG,5124.88,3465713
2025-08-07,HINDUNILVR.NS,FMCG,5063.55,4187888
2025-08-08,HINDUNILVR.NS,FMCG,5196.3,7397598
2025-08-11,HINDUNILVR.NS,FMCG,5075.98,2862658
2025-08-12,HINDUNILVR.NS,FMCG,5137.08,2832012
2025-08-13,HINDUNILVR.NS,FMCG,5030.18,5838402
2025-08-14,HINDUNILVR.NS,FMCG,4911.56,4318917
2025-08-18,HINDUNILVR.NS,FMCG,4876.23,6574399
2025-08-19,HINDUNILVR.NS,FMCG,4942.01,2536996
2025-08-20,HINDUNILVR.NS,FMCG,4987.82,2134815
2025-08-21,HINDUNILVR.NS,FMCG,4959.1,2417061
2025-08-22,HINDUNILVR.NS,FMCG,5043.08,5113275
2025-08-25,HINDUNILVR.NS,FMCG,4947.19,6078059
2025-08-26,HINDUNILVR.NS,FMCG,4857.77,5807964
2025-08-27,HINDUNILVR.NS,FMCG,4794.95,4849523
2025-08-28,HINDUNILVR.NS,FMCG,4793.83,6190247
2025-08-29,HINDUNILVR.NS,FMCG,4741.72,3228125
2025-09-01,HINDUNILVR.NS,FMCG,4748.52,1992611
2025-09-02,HINDUNILVR.NS,FMCG,4783.08,2267278
2025-09-03,HINDUNILVR.NS,FMCG,4842.66,2400946
2025-09-04,HINDUNILVR.NS,FMCG,4809.38,2028290
2025-09-05,HINDUNILVR.NS,FMCG,4853.47,2480123
2025-09-08,HINDUNILVR.NS,FMCG,4814.03,2888023
2025-09-09,HINDUNILVR.NS,FMCG,4960.51,4937513
2025-09-10,HINDUNILVR.NS,FMCG,5019.92,4425986
2025-09-11,HINDUNILVR.NS,FMCG,5064.52,6769700
2025-09-12,HINDUNILVR.NS,FMCG,5076.38,2587323
2025-09-15,HINDUNILVR.NS,FMCG,5064.9,4549804
2025-09-16,HINDUNILVR.NS,FMCG,5122.58,6328817
2025-09-17,HINDUNILVR.NS,FMCG,5069.86,3339018
2025-09-18,HINDUNILVR.NS,FMCG,5222.86,3416661
2025-09-19,HINDUNILVR.NS,FMCG,5258.61,6475961
2025-09-22,HINDUNILVR.NS,FMCG,5322.99,3525169
2025-09-23,HINDUNILVR.NS,FMCG,5295.08,6593733
2025-09-24,HINDUNILVR.NS,FMCG,5262.39,2377311
2025-09-25,HINDUNILVR.NS,FMCG,5253.39,7037071
2025-09-26,HINDUNILVR.NS,FMCG,5253.83,6200229
2025-09-29,HINDUNILVR.NS,FMCG,5121.71,2856945
2025-09-30,HINDUNILVR.NS,FMCG,5148.74,3584471
2025-10-01,HINDUNILVR.NS,FMCG,5218.05,2586008
2025-10-03,HINDUNILVR.NS,FMCG,5233.69,3359318
2025-10-06,HINDUNILVR.NS,FMCG,5263.39,2309767
2025-10-07,HINDUNILVR.NS,FMCG,5273.77,2141370
2025-10-08,HINDUNILVR.NS,FMCG,5363.44,2574419
2025-10-09,HINDUNILVR.NS,FMCG,5449.84,5739562
2025-10-10,HINDUNILVR.NS,FMCG,5513.7,2082236
2025-10-13,HINDUNILVR.NS,FMCG,5447.77,6455666
2025-10-14,HINDUNILVR.NS,FMCG,5522.89,5499074
2025-10-15,HINDUNILVR.NS,FMCG,5508.67,6331787
2025-10-16,HINDUNILVR.NS,FMCG,5616.76,4504792
2025-10-17,HINDUNILVR.NS,FMCG,5674.31,7111337
2025-10-20,HINDUNILVR.NS,FMCG,5740.69,2416902
2025-10-22,HINDUNILVR.NS,FMCG,5807.02,6445673
2025-10-23,HINDUNILVR.NS,FMCG,5798.44,11576700
2025-10-24,HINDUNILVR.NS,FMCG,5849.69,3641006
2025-10-27,HINDUNILVR.NS,FMCG,5790.91,3916176
2025-10-28,HINDUNILVR.NS,FMCG,5743.27,2892133
2025-10-29,HINDUNILVR.NS,FMCG,5678.32,4086643
2025-10-30,HINDUNILVR.NS,FMCG,5629.37,4261580
2025-10-31,HINDUNILVR.NS,FMCG,5575.35,1746192
2025-11-03,HINDUNILVR.NS,FMCG,5717.66,4946599
2025-11-04,HINDUNILVR.NS,FMCG,5811.95,5887604
2025-11-05,HINDUNILVR.NS,FMCG,5890.82,2933160
2025-11-06,HINDUNILVR.NS,FMCG,5866.33,3441626
2025-11-07,HINDUNILVR.NS,FMCG,5875.75,5372862
2025-11-10,HINDUNILVR.NS,FMCG,5856.48,2884260
2025-11-11,HINDUNILVR.NS,FMCG,5988.79,5179105
2025-11-12,HINDUNILVR.NS,FMCG,5832.36,4413261
2025-11-13,HINDUNILVR.NS,FMCG,5899.4,9040375
2025-11-14,HINDUNILVR.NS,FMCG,5984.68,3817606
2025-11-17,HINDUNILVR.NS,FMCG,6171.48,3312343
2025-11-18,HINDUNILVR.NS,FMCG,6128.62,4353524
2025-11-19,HINDUNILVR.NS,FMCG,6163.65,4157746
2025-11-20,HINDUNILVR.NS,FMCG,6316.85,7068664
2025-11-21,HINDUNILVR.NS,FMCG,6291.98,6939994
2025-11-24,HINDUNILVR.NS,FMCG,6192.58,3092997
2025-11-25,HINDUNILVR.NS,FMCG,6134.91,3733002
2025-11-26,HINDUNILVR.NS,FMCG,6128.3,3131068
2025-11-27,HINDUNILVR.NS,FMCG,6020.59,2942853
2025-11-28,HINDUNILVR.NS,FMCG,6068.59,1275361
2025-12-01,HINDUNILVR.NS,FMCG,6241.12,7210810
2025-12-02,HINDUNILVR.NS,FMCG,6403.94,3157794
2025-12-03,HINDUNILVR.NS,FMCG,6495.8,3415594
2025-12-04,HINDUNILVR.NS,FMCG,6594.47,10528056
2025-12-05,HINDUNILVR.NS,FMCG,6581.05,3191277
2025-12-08,HINDUNILVR.NS,FMCG,6679.44,3744968
2025-12-09,HINDUNILVR.NS,FMCG,6737.98,4384132
2025-12-10,HINDUNILVR.NS,FMCG,6712.02,4494346
2025-12-11,HINDUNILVR.NS,FMCG,6795.99,3215406
2025-12-12,HINDUNILVR.NS,FMCG,6835.42,5915871
2025-12-15,HINDUNILVR.NS,FMCG,6742.58,4223633
2025-12-16,HINDUNILVR.NS,FMCG,6768.65,4152894
2025-12-17,HINDUNILVR.NS,FMCG,6732.29,3154025
2025-12-18,HINDUNILVR.NS,FMCG,6930.98,3814404
2025-12-19,HINDUNILVR.NS,FMCG,6908.17,5616104
2025-12-22,HINDUNILVR.NS,FMCG,6983.8,5622583
2025-12-23,HINDUNILVR.NS,FMCG,6773.72,3435981
2025-12-24,HINDUNILVR.NS,FMCG,6828.08,3045261
2025-12-26,HINDUNILVR.NS,FMCG,7046.97,5430185
2025-12-29,HINDUNILVR.NS,FMCG,6946.08,4436875
2025-12-30,HINDUNILVR.NS,FMCG,6875.87,5426986
2025-12-31,HINDUNILVR.NS,FMCG,6818.9,2844450
2022-01-03,ITC.NS,FMCG,412.68,2969667
2022-01-04,ITC.NS,FMCG,412.85,3894189
2022-01-05,ITC.NS,FMCG,405.24,4880562
2022-01-06,ITC.NS,FMCG,410.5,3274405
2022-01-07,ITC.NS,FMCG,422.55,4343325
2022-01-10,ITC.NS,FMCG,424.98,2568436
2022-01-11,ITC.NS,FMCG,428.07,4389252
2022-01-12,ITC.NS,FMCG,434.0,2110647
2022-01-13,ITC.NS,FMCG,430.49,4450094
2022-01-14,ITC.NS,FMCG,432.02,5435651
2022-01-17,ITC.NS,FMCG,431.34,3766234
2022-01-18,ITC.NS,FMCG,426.39,4852889
2022-01-19,ITC.NS,FMCG,421.17,4350727
2022-01-20,ITC.NS,FMCG,418.22,2465747
2022-01-21,ITC.NS,FMCG,422.76,2640882
2022-01-24,ITC.NS,FMCG,424.75,3517580
2022-01-25,ITC.NS,FMCG,432.26,3790463
2022-01-27,ITC.NS,FMCG,430.19,3036175
2022-01-28,ITC.NS,FMCG,434.13,2604931
2022-01-31,ITC.NS,FMCG,432.86,1469290
2022-02-01,ITC.NS,FMCG,435.81,7172403
2022-02-02,ITC.NS,FMCG,427.05,7250990
2022-02-03,ITC.NS,FMCG,424.47,2970572
2022-02-04,ITC.NS,FMCG,427.02,2411705
2022-02-07,ITC.NS,FMCG,434.14,6644146
2022-02-08,ITC.NS,FMCG,426.77,1901395
2022-02-09,ITC.NS,FMCG,430.72,5721585
2022-02-10,ITC.NS,FMCG,426.09,4989613
2022-02-11,ITC.NS,FMCG,429.24,3532929
2022-02-14,ITC.NS,FMCG,427.48,6501603
2022-02-15,ITC.NS,FMCG,440.45,3169505
2022-02-16,ITC.NS,FMCG,440.11,5358398
2022-02-17,ITC.NS,FMCG,437.43,3658697
2022-02-18,ITC.NS,FMCG,436.57,2608208
2022-02-21,ITC.NS,FMCG,440.89,8162107
2022-02-22,ITC.NS,FMCG,446.41,3115915
2022-02-23,ITC.NS,FMCG,443.45,3435772
2022-02-24,ITC.NS,FMCG,437.38,5307785
2022-02-25,ITC.NS,FMCG,441.0,6163201
2022-02-28,ITC.NS,FMCG,450.89,2516652
2022-03-01,ITC.NS,FMCG,443.98,6611338
2022-03-02,ITC.NS,FMCG,443.12,3983999
2022-03-03,ITC.NS,FMCG,444.42,3871825
2022-03-04,ITC.NS,FMCG,423.68,3765526
2022-03-07,ITC.NS,FMCG,421.93,3969488
2022-03-09,ITC.NS,FMCG,414.71,2313416
2022-03-10,ITC.NS,FMCG,412.02,4603370
2022-03-11,ITC.NS,FMCG,417.41,4288619
2022-03-14,ITC.NS,FMCG,424.57,3511100
2022-03-15,ITC.NS,FMCG,429.81,4290816
2022-03-16,ITC.NS,FMCG,432.83,3716189
2022-03-17,ITC.NS,FMCG,437.38,3890621
2022-03-18,ITC.NS,FMCG,439.68,4621224
2022-03-21,ITC.NS,FMCG,435.62,3689226
2022-03-22,ITC.NS,FMCG,435.76,3041739
2022-03-23,ITC.NS,FMCG,430.46,5207426
2022-03-24,ITC.NS,FMCG,429.29,2740714
2022-03-25,ITC.NS,FMCG,428.92,5769092
2022-03-28,ITC.NS,FMCG,429.06,3540233
2022-03-29,ITC.NS,FMCG,435.21,5424920
2022-03-30,ITC.NS,FMCG,439.2,6604386
2022-03-31,ITC.NS,FMCG,441.38,3910728
2022-04-01,ITC.NS,FMCG,455.23,5417981
2022-04-04,ITC.NS,FMCG,457.61,4978391
2022-04-05,ITC.NS,FMCG,456.67,4256598
2022-04-06,ITC.NS,FMCG,457.65,4930490
2022-04-07,ITC.NS,FMCG,462.34,3620218
2022-04-08,ITC.NS,FMCG,460.79,7093309
2022-04-11,ITC.NS,FMCG,457.35,4112319
2022-04-12,ITC.NS,FMCG,450.73,3092154
2022-04-13,ITC.NS,FMCG,449.64,3430104
2022-04-15,ITC.NS,FMCG,451.55,5447282
2022-04-18,ITC.NS,FMCG,460.08,2893162
2022-04-19,ITC.NS,FMCG,469.4,7742214
2022-04-20,ITC.NS,FMCG,475.41,6305695
2022-04-21,ITC.NS,FMCG,470.85,2594985
2022-04-22,ITC.NS,FMCG,462.12,5233890
2022-04-25,ITC.NS,FMCG,469.57,2845586
2022-04-26,ITC.NS,FMCG,473.41,2982461
2022-04-27,ITC.NS,FMCG,469.72,3388408
2022-04-28,ITC.NS,FMCG,474.97,3079200
2022-04-29,ITC.NS,FMCG,487.04,5146901
2022-05-02,ITC.NS,FMCG,477.16,4363393
2022-05-03,ITC.NS,FMCG,481.66,4629353
2022-05-04,ITC.NS,FMCG,466.98,3996995
2022-05-05,ITC.NS,FMCG,465.53,3319233
2022-05-06,ITC.NS,FMCG,453.61,3327645
2022-05-09,ITC.NS,FMCG,460.49,5879448
2022-05-10,ITC.NS,FMCG,464.46,3533890
2022-05-11,ITC.NS,FMCG,469.86,6507620
2022-05-12,ITC.NS,FMCG,464.61,3196565
2022-05-13,ITC.NS,FMCG,461.21,4057569
2022-05-16,ITC.NS,FMCG,457.72,4449428
2022-05-17,ITC.NS,FMCG,455.72,6038576
2022-05-18,ITC.NS,FMCG,452.03,5605603
2022-05-19,ITC.NS,FMCG,445.08,4446322
2022-05-20,ITC.NS,FMCG,436.99,4098522
2022-05-23,ITC.NS,FMCG,430.07,2905020
2022-05-24,ITC.NS,FMCG,432.35,3732712
2022-05-25,ITC.NS,FMCG,433.29,8814885
2022-05-26,ITC.NS,FMCG,423.07,2854846
2022-05-27,ITC.NS,FMCG,414.06,3279198
2022-05-30,ITC.NS,FMCG,415.04,2461435
2022-05-31,ITC.NS,FMCG,421.77,3073891
2022-06-01,ITC.NS,FMCG,426.69,2638973
2022-06-02,ITC.NS,FMCG,428.62,2599837
2022-06-03,ITC.NS,FMCG,423.68,4470417
2022-06-06,ITC.NS,FMCG,417.54,5155913
2022-06-07,ITC.NS,FMCG,424.86,4517343
2022-06-08,ITC.NS,FMCG,430.61,2792400
2022-06-09,ITC.NS,FMCG,428.27,2214597
2022-06-10,ITC.NS,FMCG,427.72,1951801
2022-06-13,ITC.NS,FMCG,428.18,2606089
2022-06-14,ITC.NS,FMCG,419.14,2788203
2022-06-15,ITC.NS,FMCG,408.41,3400400
2022-06-16,ITC.NS,FMCG,415.45,4376636
2022-06-17,ITC.NS,FMCG,420.14,3487268
2022-06-20,ITC.NS,FMCG,424.05,6952107
2022-06-21,ITC.NS,FMCG,427.85,8951714
2022-06-22,ITC.NS,FMCG,426.08,3846792
2022-06-23,ITC.NS,FMCG,409.5,2043289
2022-06-24,ITC.NS,FMCG,415.11,3308798
2022-06-27,ITC.NS,FMCG,409.11,3636844
2022-06-28,ITC.NS,FMCG,404.88,5076290
2022-06-29,ITC.NS,FMCG,394.13,2501405
2022-06-30,ITC.NS,FMCG,401.73,2262368
2022-07-01,ITC.NS,FMCG,403.23,4376300
2022-07-04,ITC.NS,FMCG,406.38,3297285
2022-07-05,ITC.NS,FMCG,401.99,3279116
2022-07-06,ITC.NS,FMCG,402.7,2934658
2022-07-07,ITC.NS,FMCG,396.88,3466568
2022-07-08,ITC.NS,FMCG,398.61,4280928
2022-07-11,ITC.NS,FMCG,397.34,1721839
2022-07-12,ITC.NS,FMCG,399.19,4015717
2022-07-13,ITC.NS,FMCG,389.72,5079177
2022-07-14,ITC.NS,FMCG,379.8,4669231
2022-07-15,ITC.NS,FMCG,386.56,8347974
2022-07-18,ITC.NS,FMCG,391.58,3425897
2022-07-19,ITC.NS,FMCG,386.1,3865030
2022-07-20,ITC.NS,FMCG,388.32,6235339
2022-07-21,ITC.NS,FMCG,389.09,4069022
2022-07-22,ITC.NS,FMCG,394.25,6762610
2022-07-25,ITC.NS,FMCG,397.54,5314222
2022-07-26,ITC.NS,FMCG,395.98,4198957
2022-07-27,ITC.NS,FMCG,384.93,3976783
2022-07-28,ITC.NS,FMCG,384.84,3677886
2022-07-29,ITC.NS,FMCG,383.05,3944568
2022-08-01,ITC.NS,FMCG,398.17,2969983
2022-08-02,ITC.NS,FMCG,397.38,5061081
2022-08-03,ITC.NS,FMCG,390.28,7802901
2022-08-04,ITC.NS,FMCG,392.16,2117739
2022-08-05,ITC.NS,FMCG,388.28,6032046
2022-08-08,ITC.NS,FMCG,390.74,4345723
2022-08-09,ITC.NS,FMCG,390.31,5754824
2022-08-10,ITC.NS,FMCG,379.7,3251211
2022-08-11,ITC.NS,FMCG,371.15,3747212
2022-08-12,ITC.NS,FMCG,379.17,6217858
2022-08-16,ITC.NS,FMCG,372.4,3924491
2022-08-17,ITC.NS,FMCG,385.19,5329395
2022-08-18,ITC.NS,FMCG,393.32,3249605
2022-08-19,ITC.NS,FMCG,396.85,3725038
2022-08-22,ITC.NS,FMCG,397.68,4771935
2022-08-23,ITC.NS,FMCG,412.6,4600307
2022-08-24,ITC.NS,FMCG,410.64,5332919
2022-08-25,ITC.NS,FMCG,406.55,3543633
2022-08-26,ITC.NS,FMCG,407.56,3992758
2022-08-29,ITC.NS,FMCG,399.21,5605201
2022-08-30,ITC.NS,FMCG,399.74,6615442
2022-08-31,ITC.NS,FMCG,393.3,2976766
2022-09-01,ITC.NS,FMCG,392.64,6051456
2022-09-02,ITC.NS,FMCG,397.99,3050938
2022-09-05,ITC.NS,FMCG,400.94,4293981
2022-09-06,ITC.NS,FMCG,391.97,4407267
2022-09-07,ITC.NS,FMCG,396.75,3366703
2022-09-08,ITC.NS,FMCG,395.48,3752214
2022-09-09,ITC.NS,FMCG,390.59,2149582
2022-09-12,ITC.NS,FMCG,388.3,5145685
2022-09-13,ITC.NS,FMCG,379.8,3623109
2022-09-14,ITC.NS,FMCG,371.01,3934706
2022-09-15,ITC.NS,FMCG,356.13,3267954
2022-09-16,ITC.NS,FMCG,364.95,5151597
2022-09-19,ITC.NS,FMCG,366.73,4260310
2022-09-20,ITC.NS,FMCG,367.18,2670545
2022-09-21,ITC.NS,FMCG,366.47,3838696
2022-09-22,ITC.NS,FMCG,375.12,2779359
2022-09-23,ITC.NS,FMCG,382.58,4021330
2022-09-26,ITC.NS,FMCG,380.3,5070598
2022-09-27,ITC.NS,FMCG,373.44,4271327
2022-09-28,ITC.NS,FMCG,378.54,4648355
2022-09-29,ITC.NS,FMCG,386.14,5780426
2022-09-30,ITC.NS,FMCG,385.0,2998034
2022-10-03,ITC.NS,FMCG,383.08,3424537
2022-10-04,ITC.NS,FMCG,373.39,2126660
2022-10-05,ITC.NS,FMCG,367.77,3496167
2022-10-06,ITC.NS,FMCG,370.53,3221453
2022-10-07,ITC.NS,FMCG,371.41,5019816
2022-10-10,ITC.NS,FMCG,369.73,4692479
2022-10-11,ITC.NS,FMCG,375.06,6751698
2022-10-12,ITC.NS,FMCG,379.87,3350112
2022-10-13,ITC.NS,FMCG,385.17,4587341
2022-10-14,ITC.NS,FMCG,387.21,5173767
2022-10-17,ITC.NS,FMCG,389.67,8903524
2022-10-18,ITC.NS,FMCG,392.92,4650321
2022-10-19,ITC.NS,FMCG,394.04,3926199
2022-10-20,ITC.NS,FMCG,398.02,4172276
2022-10-21,ITC.NS,FMCG,394.54,4698984
2022-10-25,ITC.NS,FMCG,392.4,6457050
2022-10-26,ITC.NS,FMCG,395.59,3440320
2022-10-27,ITC.NS,FMCG,392.02,3113245
2022-10-28,ITC.NS,FMCG,398.95,9995723
2022-10-31,ITC.NS,FMCG,397.02,2691513
2022-11-01,ITC.NS,FMCG,388.29,5386856
2022-11-02,ITC.NS,FMCG,390.86,4618976
2022-11-03,ITC.NS,FMCG,399.9,4469075
2022-11-04,ITC.NS,FMCG,401.66,2598205
2022-11-07,ITC.NS,FMCG,399.01,10305360
2022-11-08,ITC.NS,FMCG,393.19,4247166
2022-11-09,ITC.NS,FMCG,387.99,3334062
2022-11-10,ITC.NS,FMCG,386.08,2507035
2022-11-11,ITC.NS,FMCG,383.94,1975246
2022-11-14,ITC.NS,FMCG,379.18,5108677
2022-11-15,ITC.NS,FMCG,380.41,2978210
2022-11-16,ITC.NS,FMCG,388.81,3635149
2022-11-17,ITC.NS,FMCG,384.72,3233767
2022-11-18,ITC.NS,FMCG,380.93,4819756
2022-11-21,ITC.NS,FMCG,371.45,4576010
2022-11-22,ITC.NS,FMCG,369.24,5195088
2022-11-23,ITC.NS,FMCG,373.13,5264933
2022-11-24,ITC.NS,FMCG,366.97,3107736
2022-11-25,ITC.NS,FMCG,371.83,2492180
2022-11-28,ITC.NS,FMCG,364.5,3790600
2022-11-29,ITC.NS,FMCG,365.18,4785350
2022-11-30,ITC.NS,FMCG,359.6,4146989
2022-12-01,ITC.NS,FMCG,363.63,2075565
2022-12-02,ITC.NS,FMCG,361.91,4073934
2022-12-05,ITC.NS,FMCG,358.32,2813102
2022-12-06,ITC.NS,FMCG,357.38,4023837
2022-12-07,ITC.NS,FMCG,360.03,5596112
2022-12-08,ITC.NS,FMCG,360.86,1668334
2022-12-09,ITC.NS,FMCG,352.16,6766471
2022-12-12,ITC.NS,FMCG,355.1,2768694
2022-12-13,ITC.NS,FMCG,361.67,5657924
2022-12-14,ITC.NS,FMCG,358.92,5359397
2022-12-15,ITC.NS,FMCG,367.79,3593321
2022-12-16,ITC.NS,FMCG,374.87,4681172
2022-12-19,ITC.NS,FMCG,376.49,3123556
2022-12-20,ITC.NS,FMCG,362.31,2182397
2022-12-21,ITC.NS,FMCG,364.53,5945877
2022-12-22,ITC.NS,FMCG,371.52,3143637
2022-12-23,ITC.NS,FMCG,372.18,7498935
2022-12-26,ITC.NS,FMCG,373.08,5438737
2022-12-27,ITC.NS,FMCG,372.03,2970936
2022-12-28,ITC.NS,FMCG,373.08,4906121
2022-12-29,ITC.NS,FMCG,378.93,4803028
2022-12-30,ITC.NS,FMCG,378.92,7296370
2023-01-02,ITC.NS,FMCG,386.46,3364761
2023-01-03,ITC.NS,FMCG,386.16,3681040
2023-01-04,ITC.NS,FMCG,383.95,4646619
2023-01-05,ITC.NS,FMCG,384.16,4018247
2023-01-06,ITC.NS,FMCG,378.28,2454436
2023-01-09,ITC.NS,FMCG,374.29,5695537
2023-01-10,ITC.NS,FMCG,379.48,6985615
2023-01-11,ITC.NS,FMCG,378.75,4212909
2023-01-12,ITC.NS,FMCG,381.51,2557579
2023-01-13,ITC.NS,FMCG,381.16,3837807
2023-01-16,ITC.NS,FMCG,382.04,2904414
2023-01-17,ITC.NS,FMCG,384.96,3646595
2023-01-18,ITC.NS,FMCG,389.3,4260529
2023-01-19,ITC.NS,FMCG,386.6,5023397
2023-01-20,ITC.NS,FMCG,391.52,6529276
2023-01-23,ITC.NS,FMCG,392.11,4972777
2023-01-24,ITC.NS,FMCG,397.11,2757142
2023-01-25,ITC.NS,FMCG,395.23,5068989
2023-01-27,ITC.NS,FMCG,395.41,3612790
2023-01-30,ITC.NS,FMCG,387.68,3758271
2023-01-31,ITC.NS,FMCG,389.15,3973227
2023-02-01,ITC.NS,FMCG,394.99,4186081
2023-02-02,ITC.NS,FMCG,390.43,5691087
2023-02-03,ITC.NS,FMCG,400.66,4751108
2023-02-06,ITC.NS,FMCG,404.52,2636777
2023-02-07,ITC.NS,FMCG,402.41,2360215
2023-02-08,ITC.NS,FMCG,404.98,5013125
2023-02-09,ITC.NS,FMCG,411.28,4821247
2023-02-10,ITC.NS,FMCG,420.24,6208275
2023-02-13,ITC.NS,FMCG,413.88,3857523
2023-02-14,ITC.NS,FMCG,416.29,4403890
2023-02-15,ITC.NS,FMCG,414.98,4718966
2023-02-16,ITC.NS,FMCG,412.47,2317418
2023-02-17,ITC.NS,FMCG,419.96,2270956
2023-02-20,ITC.NS,FMCG,414.55,5165752
2023-02-21,ITC.NS,FMCG,399.15,4543596
2023-02-22,ITC.NS,FMCG,398.3,6397101
2023-02-23,ITC.NS,FMCG,392.41,7612554
2023-02-24,ITC.NS,FMCG,388.6,3594300
2023-02-27,ITC.NS,FMCG,397.76,3529363
2023-02-28,ITC.NS,FMCG,403.65,2483549
2023-03-01,ITC.NS,FMCG,411.6,4786585
2023-03-02,ITC.NS,FMCG,403.2,1942744
2023-03-03,ITC.NS,FMCG,402.85,2843046
2023-03-06,ITC.NS,FMCG,404.32,4448278
2023-03-07,ITC.NS,FMCG,400.06,3170488
2023-03-09,ITC.NS,FMCG,404.12,3927286
2023-03-10,ITC.NS,FMCG,411.63,3713716
2023-03-13,ITC.NS,FMCG,414.75,2705527
2023-03-14,ITC.NS,FMCG,408.57,1937582
2023-03-15,ITC.NS,FMCG,412.15,5101419
2023-03-16,ITC.NS,FMCG,413.88,3751826
2023-03-17,ITC.NS,FMCG,416.59,4496681
2023-03-20,ITC.NS,FMCG,426.0,3911844
2023-03-21,ITC.NS,FMCG,412.8,3887526
2023-03-22,ITC.NS,FMCG,415.48,4227931
2023-03-23,ITC.NS,FMCG,421.17,3732828
2023-03-24,ITC.NS,FMCG,426.75,3546642
2023-03-27,ITC.NS,FMCG,429.56,2808725
2023-03-28,ITC.NS,FMCG,433.53,9519727
2023-03-29,ITC.NS,FMCG,433.05,5679868
2023-03-30,ITC.NS,FMCG,431.1,6728443
2023-03-31,ITC.NS,FMCG,435.61,6225501
2023-04-03,ITC.NS,FMCG,440.47,3621028
2023-04-04,ITC.NS,FMCG,446.18,3746713
2023-04-05,ITC.NS,FMCG,440.41,3996797
2023-04-06,ITC.NS,FMCG,455.29,3514964
2023-04-07,ITC.NS,FMCG,453.83,5429004
2023-04-10,ITC.NS,FMCG,446.32,3003502
2023-04-11,ITC.NS,FMCG,439.09,2748598
2023-04-12,ITC.NS,FMCG,442.96,2536413
2023-04-13,ITC.NS,FMCG,451.89,3564710
2023-04-17,ITC.NS,FMCG,454.55,3384932
2023-04-18,ITC.NS,FMCG,444.55,3215252
2023-04-19,ITC.NS,FMCG,446.5,4111557
2023-04-20,ITC.NS,FMCG,448.33,2654990
2023-04-21,ITC.NS,FMCG,454.96,5177313
2023-04-24,ITC.NS,FMCG,464.71,2719715
2023-04-25,ITC.NS,FMCG,452.52,2648648
2023-04-26,ITC.NS,FMCG,447.74,3187378
2023-04-27,ITC.NS,FMCG,451.27,3804419
2023-04-28,ITC.NS,FMCG,456.27,5396107
2023-05-02,ITC.NS,FMCG,445.67,3889826
2023-05-03,ITC.NS,FMCG,452.74,2276987
2023-05-04,ITC.NS,FMCG,451.49,4735677
2023-05-05,ITC.NS,FMCG,447.09,4703935
2023-05-08,ITC.NS,FMCG,441.01,3258810
2023-05-09,ITC.NS,FMCG,444.55,4238825
2023-05-10,ITC.NS,FMCG,443.8,6596867
2023-05-11,ITC.NS,FMCG,452.1,2950640
2023-05-12,ITC.NS,FMCG,450.14,5588231
2023-05-15,ITC.NS,FMCG,452.96,6217903
2023-05-16,ITC.NS,FMCG,455.25,4246227
2023-05-17,ITC.NS,FMCG,450.07,2596974
2023-05-18,ITC.NS,FMCG,463.99,6308571
2023-05-19,ITC.NS,FMCG,463.96,5501861
2023-05-22,ITC.NS,FMCG,459.19,4837626
2023-05-23,ITC.NS,FMCG,457.26,3920242
2023-05-24,ITC.NS,FMCG,462.63,5986898
2023-05-25,ITC.NS,FMCG,468.84,2965265
2023-05-26,ITC.NS,FMCG,457.08,5389660
2023-05-29,ITC.NS,FMCG,453.91,3567614
2023-05-30,ITC.NS,FMCG,450.86,2220504
2023-05-31,ITC.NS,FMCG,459.9,2809139
2023-06-01,ITC.NS,FMCG,457.56,4599115
2023-06-02,ITC.NS,FMCG,464.3,4315689
2023-06-05,ITC.NS,FMCG,468.45,4662863
2023-06-06,ITC.NS,FMCG,477.72,3511422
2023-06-07,ITC.NS,FMCG,485.44,4298852
2023-06-08,ITC.NS,FMCG,480.01,4969918
2023-06-09,ITC.NS,FMCG,482.19,9119982
2023-06-12,ITC.NS,FMCG,486.91,3480732
2023-06-13,ITC.NS,FMCG,494.42,5715300
2023-06-14,ITC.NS,FMCG,503.19,5006798
2023-06-15,ITC.NS,FMCG,509.99,4167916
2023-06-16,ITC.NS,FMCG,514.39,2532019
2023-06-19,ITC.NS,FMCG,509.78,6494431
2023-06-20,ITC.NS,FMCG,511.21,4356123
2023-06-21,ITC.NS,FMCG,508.97,3246819
2023-06-22,ITC.NS,FMCG,504.91,2929847
2023-06-23,ITC.NS,FMCG,515.17,4374710
2023-06-26,ITC.NS,FMCG,532.21,2875512
2023-06-27,ITC.NS,FMCG,526.23,3272138
2023-06-28,ITC.NS,FMCG,514.55,3246269
2023-06-29,ITC.NS,FMCG,506.12,4057831
2023-06-30,ITC.NS,FMCG,518.41,4926659
2023-07-03,ITC.NS,FMCG,529.63,3572610
2023-07-04,ITC.NS,FMCG,540.05,3706490
2023-07-05,ITC.NS,FMCG,543.27,4146986
2023-07-06,ITC.NS,FMCG,540.78,3072534
2023-07-07,ITC.NS,FMCG,533.2,3250981
2023-07-10,ITC.NS,FMCG,512.75,3390321
2023-07-11,ITC.NS,FMCG,501.99,4416270
2023-07-12,ITC.NS,FMCG,500.42,7011600
2023-07-13,ITC.NS,FMCG,508.19,2581825
2023-07-14,ITC.NS,FMCG,507.52,4341372
2023-07-17,ITC.NS,FMCG,511.21,3684551
2023-07-18,ITC.NS,FMCG,502.76,3762433
2023-07-19,ITC.NS,FMCG,522.74,3365875
2023-07-20,ITC.NS,FMCG,521.42,5953179
2023-07-21,ITC.NS,FMCG,525.28,1708202
2023-07-24,ITC.NS,FMCG,532.59,2683207
2023-07-25,ITC.NS,FMCG,529.54,5847378
2023-07-26,ITC.NS,FMCG,518.09,6002530
2023-07-27,ITC.NS,FMCG,513.29,7392545
2023-07-28,ITC.NS,FMCG,510.58,4445140
2023-07-31,ITC.NS,FMCG,510.66,4726852
2023-08-01,ITC.NS,FMCG,512.41,2080083
2023-08-02,ITC.NS,FMCG,512.87,3996890
2023-08-03,ITC.NS,FMCG,500.35,4856587
2023-08-04,ITC.NS,FMCG,494.56,3365975
2023-08-07,ITC.NS,FMCG,496.87,3865989
2023-08-08,ITC.NS,FMCG,506.84,6145712
2023-08-09,ITC.NS,FMCG,510.77,6648250
2023-08-10,ITC.NS,FMCG,510.37,4358364
2023-08-11,ITC.NS,FMCG,511.64,3922349
2023-08-14,ITC.NS,FMCG,521.72,5153170
2023-08-16,ITC.NS,FMCG,519.76,3508503
2023-08-17,ITC.NS,FMCG,528.19,5754076
2023-08-18,ITC.NS,FMCG,521.7,3322692
2023-08-21,ITC.NS,FMCG,522.5,5191337
2023-08-22,ITC.NS,FMCG,511.0,3965370
2023-08-23,ITC.NS,FMCG,516.42,3214895
2023-08-24,ITC.NS,FMCG,514.11,4527653
2023-08-25,ITC.NS,FMCG,506.53,3480537
2023-08-28,ITC.NS,FMCG,511.08,5654698
2023-08-29,ITC.NS,FMCG,515.59,2819268
2023-08-30,ITC.NS,FMCG,507.29,4319442
2023-08-31,ITC.NS,FMCG,501.82,3090273
2023-09-01,ITC.NS,FMCG,501.53,6079288
2023-09-04,ITC.NS,FMCG,500.61,5127541
2023-09-05,ITC.NS,FMCG,504.2,3930684
2023-09-06,ITC.NS,FMCG,496.86,3971478
2023-09-07,ITC.NS,FMCG,500.17,7199629
2023-09-08,ITC.NS,FMCG,500.0,5207903
2023-09-11,ITC.NS,FMCG,495.81,3064741
2023-09-12,ITC.NS,FMCG,490.81,5538015
2023-09-13,ITC.NS,FMCG,490.96,3278966
2023-09-14,ITC.NS,FMCG,490.95,4212429
2023-09-15,ITC.NS,FMCG,481.01,1915745
2023-09-18,ITC.NS,FMCG,480.45,5310669
2023-09-19,ITC.NS,FMCG,478.46,3158520
2023-09-20,ITC.NS,FMCG,470.39,3712943
2023-09-21,ITC.NS,FMCG,477.3,2451980
2023-09-22,ITC.NS,FMCG,491.02,4252993
2023-09-25,ITC.NS,FMCG,499.75,4092479
2023-09-26,ITC.NS,FMCG,503.54,2556031
2023-09-27,ITC.NS,FMCG,513.82,4038638
2023-09-28,ITC.NS,FMCG,513.41,3638878
2023-09-29,ITC.NS,FMCG,503.52,6128008
2023-10-03,ITC.NS,FMCG,501.55,3115904
2023-10-04,ITC.NS,FMCG,506.98,4721545
2023-10-05,ITC.NS,FMCG,505.82,2386519
2023-10-06,ITC.NS,FMCG,511.78,4106159
2023-10-09,ITC.NS,FMCG,518.42,4525115
2023-10-10,ITC.NS,FMCG,509.25,4604735
2023-10-11,ITC.NS,FMCG,520.15,3830183
2023-10-12,ITC.NS,FMCG,522.36,7319988
2023-10-13,ITC.NS,FMCG,524.58,3519379
2023-10-16,ITC.NS,FMCG,514.8,4726080
2023-10-17,ITC.NS,FMCG,512.32,3576196
2023-10-18,ITC.NS,FMCG,491.96,2977893
2023-10-19,ITC.NS,FMCG,482.68,2634820
2023-10-20,ITC.NS,FMCG,498.09,2899232
2023-10-23,ITC.NS,FMCG,488.45,4933253
2023-10-24,ITC.NS,FMCG,493.02,6353221
2023-10-25,ITC.NS,FMCG,500.59,4928005
2023-10-26,ITC.NS,FMCG,500.42,3551009
2023-10-27,ITC.NS,FMCG,502.77,3204600
2023-10-30,ITC.NS,FMCG,506.63,4229046
2023-10-31,ITC.NS,FMCG,510.47,2773259
2023-11-01,ITC.NS,FMCG,519.67,5440159
2023-11-02,ITC.NS,FMCG,523.18,4544011
2023-11-03,ITC.NS,FMCG,521.89,2845607
2023-11-06,ITC.NS,FMCG,516.49,6729290
2023-11-07,ITC.NS,FMCG,532.41,2617779
2023-11-08,ITC.NS,FMCG,534.11,4065777
2023-11-09,ITC.NS,FMCG,534.51,5345795
2023-11-10,ITC.NS,FMCG,538.42,5162934
2023-11-13,ITC.NS,FMCG,534.36,3208299
2023-11-14,ITC.NS,FMCG,539.77,3456263
2023-11-15,ITC.NS,FMCG,545.4,2857597
2023-11-16,ITC.NS,FMCG,534.43,4310548
2023-11-17,ITC.NS,FMCG,534.77,5320251
2023-11-20,ITC.NS,FMCG,542.71,2046672
2023-11-21,ITC.NS,FMCG,554.72,4850317
2023-11-22,ITC.NS,FMCG,552.09,3361245
2023-11-23,ITC.NS,FMCG,558.37,3864933
2023-11-24,ITC.NS,FMCG,565.11,2750545
2023-11-27,ITC.NS,FMCG,562.22,3215274
2023-11-28,ITC.NS,FMCG,560.69,8018907
2023-11-29,ITC.NS,FMCG,564.75,3546917
2023-11-30,ITC.NS,FMCG,568.15,3977601
2023-12-01,ITC.NS,FMCG,562.48,2898781
2023-12-04,ITC.NS,FMCG,566.15,9860006
2023-12-05,ITC.NS,FMCG,576.35,4699967
2023-12-06,ITC.NS,FMCG,566.09,3962850
2023-12-07,ITC.NS,FMCG,566.3,5510289
2023-12-08,ITC.NS,FMCG,550.69,4520992
2023-12-11,ITC.NS,FMCG,555.3,3759373
2023-12-12,ITC.NS,FMCG,551.43,3817473
2023-12-13,ITC.NS,FMCG,550.25,2329742
2023-12-14,ITC.NS,FMCG,550.71,3513262
2023-12-15,ITC.NS,FMCG,552.36,3345536
2023-12-18,ITC.NS,FMCG,550.37,4467634
2023-12-19,ITC.NS,FMCG,545.33,3707588
2023-12-20,ITC.NS,FMCG,559.72,5075969
2023-12-21,ITC.NS,FMCG,554.5,4134607
2023-12-22,ITC.NS,FMCG,550.26,2974442
2023-12-26,ITC.NS,FMCG,558.04,6723109
2023-12-27,ITC.NS,FMCG,563.08,3487460
2023-12-28,ITC.NS,FMCG,566.1,4847554
2023-12-29,ITC.NS,FMCG,560.8,2523410
2024-01-01,ITC.NS,FMCG,548.63,5228050
2024-01-02,ITC.NS,FMCG,551.95,2252214
2024-01-03,ITC.NS,FMCG,549.77,7865390
2024-01-04,ITC.NS,FMCG,556.29,5074058
2024-01-05,ITC.NS,FMCG,546.29,3700089
2024-01-08,ITC.NS,FMCG,546.59,4876737
2024-01-09,ITC.NS,FMCG,538.35,2562296
2024-01-10,ITC.NS,FMCG,543.34,3719862
2024-01-11,ITC.NS,FMCG,546.58,5182160
2024-01-12,ITC.NS,FMCG,550.45,4879565
2024-01-15,ITC.NS,FMCG,544.45,3981979
2024-01-16,ITC.NS,FMCG,552.1,4459051
2024-01-17,ITC.NS,FMCG,557.33,5828278
2024-01-18,ITC.NS,FMCG,548.11,5142534
2024-01-19,ITC.NS,FMCG,544.16,2068829
2024-01-22,ITC.NS,FMCG,545.05,3981950
2024-01-23,ITC.NS,FMCG,560.32,4018952
2024-01-24,ITC.NS,FMCG,571.47,2577492
2024-01-25,ITC.NS,FMCG,573.4,2759252
2024-01-29,ITC.NS,FMCG,572.21,6743149
2024-01-30,ITC.NS,FMCG,561.38,3096863
2024-01-31,ITC.NS,FMCG,550.79,3442815
2024-02-01,ITC.NS,FMCG,536.07,3018001
2024-02-02,ITC.NS,FMCG,547.33,4614225
2024-02-05,ITC.NS,FMCG,558.69,4402904
2024-02-06,ITC.NS,FMCG,550.53,7869102
2024-02-07,ITC.NS,FMCG,546.41,3309196
2024-02-08,ITC.NS,FMCG,549.29,4795826
2024-02-09,ITC.NS,FMCG,537.57,2062872
2024-02-12,ITC.NS,FMCG,531.48,2430523
2024-02-13,ITC.NS,FMCG,542.24,6363115
2024-02-14,ITC.NS,FMCG,538.44,5878300
2024-02-15,ITC.NS,FMCG,534.81,4663899
2024-02-16,ITC.NS,FMCG,536.78,5922633
2024-02-19,ITC.NS,FMCG,530.21,2740123
2024-02-20,ITC.NS,FMCG,533.4,7120083
2024-02-21,ITC.NS,FMCG,549.24,2779551
2024-02-22,ITC.NS,FMCG,529.99,4472500
2024-02-23,ITC.NS,FMCG,522.42,10534531
2024-02-26,ITC.NS,FMCG,514.63,2932267
2024-02-27,ITC.NS,FMCG,513.05,6400959
2024-02-28,ITC.NS,FMCG,522.61,5599760
2024-02-29,ITC.NS,FMCG,514.7,3312551
2024-03-01,ITC.NS,FMCG,520.51,8297880
2024-03-04,ITC.NS,FMCG,526.74,2902022
2024-03-05,ITC.NS,FMCG,530.08,3941927
2024-03-06,ITC.NS,FMCG,521.5,4997945
2024-03-07,ITC.NS,FMCG,525.86,3861438
2024-03-11,ITC.NS,FMCG,531.08,11851560
2024-03-12,ITC.NS,FMCG,522.68,2570619
2024-03-13,ITC.NS,FMCG,520.42,7034067
2024-03-14,ITC.NS,FMCG,518.58,1808814
2024-03-15,ITC.NS,FMCG,528.46,1451531
2024-03-18,ITC.NS,FMCG,538.54,4067444
2024-03-19,ITC.NS,FMCG,530.53,5167862
2024-03-20,ITC.NS,FMCG,523.95,6726249
2024-03-21,ITC.NS,FMCG,519.28,7010545
2024-03-22,ITC.NS,FMCG,509.4,4282272
2024-03-25,ITC.NS,FMCG,511.48,4753673
2024-03-26,ITC.NS,FMCG,516.14,4347188
2024-03-27,ITC.NS,FMCG,519.07,6811206
2024-03-28,ITC.NS,FMCG,527.24,2591116
2024-03-29,ITC.NS,FMCG,517.43,3163933
2024-04-01,ITC.NS,FMCG,520.64,5387834
2024-04-02,ITC.NS,FMCG,536.48,5771675
2024-04-03,ITC.NS,FMCG,534.8,6394985
2024-04-04,ITC.NS,FMCG,539.68,3895448
2024-04-05,ITC.NS,FMCG,548.79,3353989
2024-04-08,ITC.NS,FMCG,536.37,5108063
2024-04-09,ITC.NS,FMCG,531.8,2719961
2024-04-10,ITC.NS,FMCG,526.99,7154093
2024-04-11,ITC.NS,FMCG,522.37,3348346
2024-04-12,ITC.NS,FMCG,525.52,3624253
2024-04-15,ITC.NS,FMCG,530.89,5193672
2024-04-16,ITC.NS,FMCG,527.87,3096537
2024-04-17,ITC.NS,FMCG,525.59,2670413
2024-04-18,ITC.NS,FMCG,524.26,5977232
2024-04-19,ITC.NS,FMCG,527.53,2771572
2024-04-22,ITC.NS,FMCG,523.23,4372916
2024-04-23,ITC.NS,FMCG,508.21,4022971
2024-04-24,ITC.NS,FMCG,501.96,2053827
2024-04-25,ITC.NS,FMCG,511.1,2768016
2024-04-26,ITC.NS,FMCG,519.57,4520460
2024-04-29,ITC.NS,FMCG,516.86,6147442
2024-04-30,ITC.NS,FMCG,523.1,3057928
2024-05-02,ITC.NS,FMCG,525.57,2928238
2024-05-03,ITC.NS,FMCG,516.9,4980181
2024-05-06,ITC.NS,FMCG,511.98,5286380
2024-05-07,ITC.NS,FMCG,511.24,5536691
2024-05-08,ITC.NS,FMCG,520.05,4313566
2024-05-09,ITC.NS,FMCG,515.58,3316210
2024-05-10,ITC.NS,FMCG,511.05,5252914
2024-05-13,ITC.NS,FMCG,500.14,3877236
2024-05-14,ITC.NS,FMCG,508.12,5049759
2024-05-15,ITC.NS,FMCG,509.44,3329807
2024-05-16,ITC.NS,FMCG,510.18,3709924
2024-05-17,ITC.NS,FMCG,515.68,4815691
2024-05-20,ITC.NS,FMCG,522.87,1943525
2024-05-21,ITC.NS,FMCG,520.67,6379215
2024-05-22,ITC.NS,FMCG,520.59,3923000
2024-05-23,ITC.NS,FMCG,510.76,1489000
2024-05-24,ITC.NS,FMCG,527.63,4236078
2024-05-27,ITC.NS,FMCG,517.6,3430955
2024-05-28,ITC.NS,FMCG,508.0,2772301
2024-05-29,ITC.NS,FMCG,517.18,7922555
2024-05-30,ITC.NS,FMCG,516.9,5351837
2024-05-31,ITC.NS,FMCG,529.35,3778042
2024-06-03,ITC.NS,FMCG,517.66,4069625
2024-06-04,ITC.NS,FMCG,513.87,4384030
2024-06-05,ITC.NS,FMCG,514.95,2258182
2024-06-06,ITC.NS,FMCG,519.68,10019913
2024-06-07,ITC.NS,FMCG,512.15,4055433
2024-06-10,ITC.NS,FMCG,517.38,7519163
2024-06-11,ITC.NS,FMCG,521.34,2967331
2024-06-12,ITC.NS,FMCG,527.53,4903033
2024-06-13,ITC.NS,FMCG,526.52,2638617
2024-06-14,ITC.NS,FMCG,519.62,1456287
2024-06-17,ITC.NS,FMCG,530.28,5479498
2024-06-18,ITC.NS,FMCG,525.9,4274737
2024-06-19,ITC.NS,FMCG,533.21,3316461
2024-06-20,ITC.NS,FMCG,522.55,1225316
2024-06-21,ITC.NS,FMCG,523.9,3386489
2024-06-24,ITC.NS,FMCG,526.28,4394060
2024-06-25,ITC.NS,FMCG,527.73,2738561
2024-06-26,ITC.NS,FMCG,524.09,4181395
2024-06-27,ITC.NS,FMCG,525.08,3197414
2024-06-28,ITC.NS,FMCG,520.12,2621889
2024-07-01,ITC.NS,FMCG,524.75,3798785
2024-07-02,ITC.NS,FMCG,527.31,1868338
2024-07-03,ITC.NS,FMCG,524.59,4758772
2024-07-04,ITC.NS,FMCG,540.55,4132623
2024-07-05,ITC.NS,FMCG,540.71,4934282
2024-07-08,ITC.NS,FMCG,542.3,5926884
2024-07-09,ITC.NS,FMCG,533.36,3654812
2024-07-10,ITC.NS,FMCG,529.0,1558495
2024-07-11,ITC.NS,FMCG,527.94,3649655
2024-07-12,ITC.NS,FMCG,535.01,2674401
2024-07-15,ITC.NS,FMCG,539.48,6592492
2024-07-16,ITC.NS,FMCG,538.86,3506802
2024-07-17,ITC.NS,FMCG,544.64,5359970
2024-07-18,ITC.NS,FMCG,543.13,6658162
2024-07-19,ITC.NS,FMCG,540.74,3073408
2024-07-22,ITC.NS,FMCG,544.44,4099707
2024-07-23,ITC.NS,FMCG,539.29,4047995
2024-07-24,ITC.NS,FMCG,536.11,8642428
2024-07-25,ITC.NS,FMCG,533.06,6219133
2024-07-26,ITC.NS,FMCG,533.73,2751121
2024-07-29,ITC.NS,FMCG,521.0,3224430
2024-07-30,ITC.NS,FMCG,535.39,3394384
2024-07-31,ITC.NS,FMCG,528.56,3004752
2024-08-01,ITC.NS,FMCG,536.07,3574124
2024-08-02,ITC.NS,FMCG,548.16,3316788
2024-08-05,ITC.NS,FMCG,555.49,4043885
2024-08-06,ITC.NS,FMCG,549.39,3834982
2024-08-07,ITC.NS,FMCG,554.28,5979230
2024-08-08,ITC.NS,FMCG,553.22,3058332
2024-08-09,ITC.NS,FMCG,556.08,2226168
2024-08-12,ITC.NS,FMCG,554.0,3359697
2024-08-13,ITC.NS,FMCG,557.34,3221526
2024-08-14,ITC.NS,FMCG,550.34,6686875
2024-08-16,ITC.NS,FMCG,536.39,5367572
2024-08-19,ITC.NS,FMCG,531.48,6288616
2024-08-20,ITC.NS,FMCG,541.87,5592303
2024-08-21,ITC.NS,FMCG,538.64,2002068
2024-08-22,ITC.NS,FMCG,533.22,2962693
2024-08-23,ITC.NS,FMCG,520.15,2363100
2024-08-26,ITC.NS,FMCG,520.65,6910046
2024-08-27,ITC.NS,FMCG,517.99,5357486
2024-08-28,ITC.NS,FMCG,519.55,4590062
2024-08-29,ITC.NS,FMCG,519.15,3272105
2024-08-30,ITC.NS,FMCG,514.52,3404014
2024-09-02,ITC.NS,FMCG,525.12,2954847
2024-09-03,ITC.NS,FMCG,528.73,5012547
2024-09-04,ITC.NS,FMCG,526.62,4140328
2024-09-05,ITC.NS,FMCG,525.35,5090212
2024-09-06,ITC.NS,FMCG,520.0,4622786
2024-09-09,ITC.NS,FMCG,514.38,5330417
2024-09-10,ITC.NS,FMCG,515.34,4784031
2024-09-11,ITC.NS,FMCG,514.86,5872166
2024-09-12,ITC.NS,FMCG,520.06,5172727
2024-09-13,ITC.NS,FMCG,529.04,3335083
2024-09-16,ITC.NS,FMCG,521.06,4738541
2024-09-17,ITC.NS,FMCG,512.84,4449256
2024-09-18,ITC.NS,FMCG,506.15,3735220
2024-09-19,ITC.NS,FMCG,514.06,3968734
2024-09-20,ITC.NS,FMCG,520.86,5679619
2024-09-23,ITC.NS,FMCG,502.21,4824973
2024-09-24,ITC.NS,FMCG,509.15,5530093
2024-09-25,ITC.NS,FMCG,512.88,4049352
2024-09-26,ITC.NS,FMCG,507.81,5971074
2024-09-27,ITC.NS,FMCG,506.7,5234207
2024-09-30,ITC.NS,FMCG,505.6,3011121
2024-10-01,ITC.NS,FMCG,508.14,3522569
2024-10-03,ITC.NS,FMCG,507.98,2965640
2024-10-04,ITC.NS,FMCG,516.45,2736484
2024-10-07,ITC.NS,FMCG,514.67,10199763
2024-10-08,ITC.NS,FMCG,525.9,7158688
2024-10-09,ITC.NS,FMCG,535.88,5983318
2024-10-10,ITC.NS,FMCG,539.58,4672223
2024-10-11,ITC.NS,FMCG,532.73,3302810
2024-10-14,ITC.NS,FMCG,544.71,2709102
2024-10-15,ITC.NS,FMCG,525.95,3710131
2024-10-16,ITC.NS,FMCG,527.3,3103044
2024-10-17,ITC.NS,FMCG,533.19,5126066
2024-10-18,ITC.NS,FMCG,534.71,4211041
2024-10-21,ITC.NS,FMCG,540.36,5388096
2024-10-22,ITC.NS,FMCG,524.79,4346308
2024-10-23,ITC.NS,FMCG,523.34,2209496
2024-10-24,ITC.NS,FMCG,523.43,3759000
2024-10-25,ITC.NS,FMCG,524.78,4572845
2024-10-28,ITC.NS,FMCG,532.05,4396025
2024-10-29,ITC.NS,FMCG,515.51,3288293
2024-10-30,ITC.NS,FMCG,511.2,3363504
2024-10-31,ITC.NS,FMCG,503.38,3163625
2024-11-04,ITC.NS,FMCG,508.23,2225532
2024-11-05,ITC.NS,FMCG,513.4,3952358
2024-11-06,ITC.NS,FMCG,512.52,5244561
2024-11-07,ITC.NS,FMCG,520.71,3380354
2024-11-08,ITC.NS,FMCG,522.91,2585198
2024-11-11,ITC.NS,FMCG,519.24,5654870
2024-11-12,ITC.NS,FMCG,524.58,6433077
2024-11-13,ITC.NS,FMCG,514.69,3422335
2024-11-14,ITC.NS,FMCG,517.64,2875520
2024-11-15,ITC.NS,FMCG,520.66,3795413
2024-11-18,ITC.NS,FMCG,518.97,4405219
2024-11-19,ITC.NS,FMCG,526.12,3411555
2024-11-20,ITC.NS,FMCG,514.61,2304810
2024-11-21,ITC.NS,FMCG,519.9,5588561
2024-11-22,ITC.NS,FMCG,530.72,4345998
2024-11-25,ITC.NS,FMCG,536.29,6866024
2024-11-26,ITC.NS,FMCG,532.59,4052377
2024-11-27,ITC.NS,FMCG,526.09,6684529
2024-11-28,ITC.NS,FMCG,524.97,3688576
2024-11-29,ITC.NS,FMCG,522.46,3231642
2024-12-02,ITC.NS,FMCG,515.27,3351506
2024-12-03,ITC.NS,FMCG,499.14,7560831
2024-12-04,ITC.NS,FMCG,496.42,3739048
2024-12-05,ITC.NS,FMCG,501.33,6945166
2024-12-06,ITC.NS,FMCG,494.0,3397365
2024-12-09,ITC.NS,FMCG,490.17,2459298
2024-12-10,ITC.NS,FMCG,502.99,5099381
2024-12-11,ITC.NS,FMCG,501.37,3189927
2024-12-12,ITC.NS,FMCG,511.15,4440519
2024-12-13,ITC.NS,FMCG,511.06,4283809
2024-12-16,ITC.NS,FMCG,510.26,4261692
2024-12-17,ITC.NS,FMCG,515.83,7109912
2024-12-18,ITC.NS,FMCG,515.6,4361381
2024-12-19,ITC.NS,FMCG,516.78,4163431
2024-12-20,ITC.NS,FMCG,529.77,3526549
2024-12-23,ITC.NS,FMCG,534.49,4819916
2024-12-24,ITC.NS,FMCG,540.53,4667358
2024-12-26,ITC.NS,FMCG,546.84,3469399
2024-12-27,ITC.NS,FMCG,555.05,5552520
2024-12-30,ITC.NS,FMCG,555.6,3716816
2024-12-31,ITC.NS,FMCG,554.53,4891725
2025-01-01,ITC.NS,FMCG,551.71,2510141
2025-01-02,ITC.NS,FMCG,551.87,5497245
2025-01-03,ITC.NS,FMCG,556.51,3105483
2025-01-06,ITC.NS,FMCG,560.64,5057564
2025-01-07,ITC.NS,FMCG,567.6,6251306
2025-01-08,ITC.NS,FMCG,573.82,4608938
2025-01-09,ITC.NS,FMCG,582.51,5976885
2025-01-10,ITC.NS,FMCG,589.25,2737501
2025-01-13,ITC.NS,FMCG,590.68,3878857
2025-01-14,ITC.NS,FMCG,574.79,3182816
2025-01-15,ITC.NS,FMCG,562.08,3168339
2025-01-16,ITC.NS,FMCG,565.62,2298289
2025-01-17,ITC.NS,FMCG,569.73,4106920
2025-01-20,ITC.NS,FMCG,582.77,5549660
2025-01-21,ITC.NS,FMCG,588.1,6219434
2025-01-22,ITC.NS,FMCG,606.76,2758509
2025-01-23,ITC.NS,FMCG,609.14,3375616
2025-01-24,ITC.NS,FMCG,606.53,3080938
2025-01-27,ITC.NS,FMCG,614.23,3008076
2025-01-28,ITC.NS,FMCG,595.84,3599054
2025-01-29,ITC.NS,FMCG,589.33,4020416
2025-01-30,ITC.NS,FMCG,596.99,3607254
2025-01-31,ITC.NS,FMCG,592.34,2452458
2025-02-03,ITC.NS,FMCG,588.98,5604993
2025-02-04,ITC.NS,FMCG,586.25,4249465
2025-02-05,ITC.NS,FMCG,588.9,4582495
2025-02-06,ITC.NS,FMCG,590.01,4675867
2025-02-07,ITC.NS,FMCG,599.01,4954265
2025-02-10,ITC.NS,FMCG,587.41,4213158
2025-02-11,ITC.NS,FMCG,586.45,2982755
2025-02-12,ITC.NS,FMCG,583.93,6785852
2025-02-13,ITC.NS,FMCG,586.41,4992570
2025-02-14,ITC.NS,FMCG,582.55,2916228
2025-02-17,ITC.NS,FMCG,575.97,2930848
2025-02-18,ITC.NS,FMCG,562.38,8012188
2025-02-19,ITC.NS,FMCG,556.26,3772113
2025-02-20,ITC.NS,FMCG,539.22,3149839
2025-02-21,ITC.NS,FMCG,533.93,3316325
2025-02-24,ITC.NS,FMCG,535.97,4675524
2025-02-25,ITC.NS,FMCG,534.12,3380552
2025-02-26,ITC.NS,FMCG,525.48,4183562
2025-02-27,ITC.NS,FMCG,516.81,8959844
2025-02-28,ITC.NS,FMCG,513.52,2303846
2025-03-03,ITC.NS,FMCG,506.26,3463919
2025-03-04,ITC.NS,FMCG,502.86,4079401
2025-03-05,ITC.NS,FMCG,508.82,2153501
2025-03-06,ITC.NS,FMCG,520.85,4784880
2025-03-07,ITC.NS,FMCG,528.8,5462133
2025-03-10,ITC.NS,FMCG,518.19,2456017
2025-03-11,ITC.NS,FMCG,531.32,3880632
2025-03-12,ITC.NS,FMCG,525.5,4257058
2025-03-13,ITC.NS,FMCG,516.95,4882417
2025-03-14,ITC.NS,FMCG,515.5,10161664
2025-03-17,ITC.NS,FMCG,526.95,3080324
2025-03-18,ITC.NS,FMCG,538.53,4819045
2025-03-19,ITC.NS,FMCG,533.29,3818551
2025-03-20,ITC.NS,FMCG,539.05,3597111
2025-03-21,ITC.NS,FMCG,547.22,4015507
2025-03-24,ITC.NS,FMCG,555.96,4610127
2025-03-25,ITC.NS,FMCG,534.91,4006264
2025-03-26,ITC.NS,FMCG,545.53,4396775
2025-03-27,ITC.NS,FMCG,550.7,3882015
2025-03-28,ITC.NS,FMCG,537.8,2876402
2025-03-31,ITC.NS,FMCG,539.55,5330398
2025-04-01,ITC.NS,FMCG,549.27,5719329
2025-04-02,ITC.NS,FMCG,552.42,5628995
2025-04-03,ITC.NS,FMCG,543.62,5055689
2025-04-04,ITC.NS,FMCG,536.7,3043264
2025-04-07,ITC.NS,FMCG,533.96,2859844
2025-04-08,ITC.NS,FMCG,536.2,5501761
2025-04-09,ITC.NS,FMCG,526.19,2619617
2025-04-10,ITC.NS,FMCG,534.0,3141185
2025-04-11,ITC.NS,FMCG,532.63,8462414
2025-04-15,ITC.NS,FMCG,523.64,4769504
2025-04-16,ITC.NS,FMCG,519.29,4221932
2025-04-17,ITC.NS,FMCG,514.49,2088221
2025-04-18,ITC.NS,FMCG,505.97,3156890
2025-04-21,ITC.NS,FMCG,493.97,5350032
2025-04-22,ITC.NS,FMCG,494.91,2375798
2025-04-23,ITC.NS,FMCG,499.62,4597104
2025-04-24,ITC.NS,FMCG,490.85,2461432
2025-04-25,ITC.NS,FMCG,487.57,3209556
2025-04-28,ITC.NS,FMCG,488.07,2302020
2025-04-29,ITC.NS,FMCG,488.68,4127934
2025-04-30,ITC.NS,FMCG,493.6,2201777
2025-05-02,ITC.NS,FMCG,487.96,3877399
2025-05-05,ITC.NS,FMCG,487.88,4993100
2025-05-06,ITC.NS,FMCG,487.98,4282086
2025-05-07,ITC.NS,FMCG,486.96,4698184
2025-05-08,ITC.NS,FMCG,481.26,4321193
2025-05-09,ITC.NS,FMCG,481.87,3867745
2025-05-12,ITC.NS,FMCG,477.7,3898268
2025-05-13,ITC.NS,FMCG,492.2,4424035
2025-05-14,ITC.NS,FMCG,484.86,2724692
2025-05-15,ITC.NS,FMCG,483.9,3476061
2025-05-16,ITC.NS,FMCG,485.26,8136829
2025-05-19,ITC.NS,FMCG,478.68,4731039
2025-05-20,ITC.NS,FMCG,467.64,6182310
2025-05-21,ITC.NS,FMCG,479.21,4497933
2025-05-22,ITC.NS,FMCG,483.55,3090461
2025-05-23,ITC.NS,FMCG,489.91,3588990
2025-05-26,ITC.NS,FMCG,479.2,2169913
2025-05-27,ITC.NS,FMCG,484.59,6459400
2025-05-28,ITC.NS,FMCG,478.39,5462427
2025-05-29,ITC.NS,FMCG,478.78,2979461
2025-05-30,ITC.NS,FMCG,478.2,5217303
2025-06-02,ITC.NS,FMCG,477.48,5056080
2025-06-03,ITC.NS,FMCG,473.26,4102194
2025-06-04,ITC.NS,FMCG,470.58,4716857
2025-06-05,ITC.NS,FMCG,479.97,4874426
2025-06-06,ITC.NS,FMCG,467.55,4568044
2025-06-09,ITC.NS,FMCG,459.35,4209697
2025-06-10,ITC.NS,FMCG,459.6,4114450
2025-06-11,ITC.NS,FMCG,460.1,3273749
2025-06-12,ITC.NS,FMCG,478.59,5487179
2025-06-13,ITC.NS,FMCG,472.22,7988405
2025-06-16,ITC.NS,FMCG,473.76,2697993
2025-06-17,ITC.NS,FMCG,468.93,4041126
2025-06-18,ITC.NS,FMCG,485.19,3176413
2025-06-19,ITC.NS,FMCG,484.74,4841085
2025-06-20,ITC.NS,FMCG,486.19,4635607
2025-06-23,ITC.NS,FMCG,492.1,4185531
2025-06-24,ITC.NS,FMCG,485.4,3246224
2025-06-25,ITC.NS,FMCG,500.98,3383624
2025-06-26,ITC.NS,FMCG,496.77,3059544
2025-06-27,ITC.NS,FMCG,509.79,2185708
2025-06-30,ITC.NS,FMCG,503.18,6139176
2025-07-01,ITC.NS,FMCG,501.67,5045615
2025-07-02,ITC.NS,FMCG,499.44,6271960
2025-07-03,ITC.NS,FMCG,502.6,3533905
2025-07-04,ITC.NS,FMCG,513.47,4739841
2025-07-07,ITC.NS,FMCG,512.48,2967776
2025-07-08,ITC.NS,FMCG,510.0,3271091
2025-07-09,ITC.NS,FMCG,510.19,8180656
2025-07-10,ITC.NS,FMCG,511.53,3503922
2025-07-11,ITC.NS,FMCG,511.91,5562559
2025-07-14,ITC.NS,FMCG,505.32,4359673
2025-07-15,ITC.NS,FMCG,506.27,2450456
2025-07-16,ITC.NS,FMCG,502.24,3809106
2025-07-17,ITC.NS,FMCG,500.41,4557241
2025-07-18,ITC.NS,FMCG,495.44,5118675
2025-07-21,ITC.NS,FMCG,498.12,2136202
2025-07-22,ITC.NS,FMCG,504.23,2847991
2025-07-23,ITC.NS,FMCG,506.1,4451125
2025-07-24,ITC.NS,FMCG,505.61,2872529
2025-07-25,ITC.NS,FMCG,511.69,6117257
2025-07-28,ITC.NS,FMCG,519.18,3906745
2025-07-29,ITC.NS,FMCG,527.75,4734046
2025-07-30,ITC.NS,FMCG,525.87,6284143
2025-07-31,ITC.NS,FMCG,524.05,2610068
2025-08-01,ITC.NS,FMCG,532.13,4694244
2025-08-04,ITC.NS,FMCG,548.61,4185583
2025-08-05,ITC.NS,FMCG,561.2,4230379
2025-08-06,ITC.NS,FMCG,563.52,3692053
2025-08-07,ITC.NS,FMCG,568.11,4221679
2025-08-08,ITC.NS,FMCG,584.86,1434005
2025-08-11,ITC.NS,FMCG,579.06,6171538
2025-08-12,ITC.NS,FMCG,570.97,2501322
2025-08-13,ITC.NS,FMCG,565.17,7430352
2025-08-14,ITC.NS,FMCG,552.43,2863946
2025-08-18,ITC.NS,FMCG,536.76,2820782
2025-08-19,ITC.NS,FMCG,542.9,4601014
2025-08-20,ITC.NS,FMCG,547.34,4390690
2025-08-21,ITC.NS,FMCG,553.72,4675122
2025-08-22,ITC.NS,FMCG,557.77,4531877
2025-08-25,ITC.NS,FMCG,547.69,3801132
2025-08-26,ITC.NS,FMCG,542.78,3510732
2025-08-27,ITC.NS,FMCG,538.69,4895355
2025-08-28,ITC.NS,FMCG,538.06,3134322
2025-08-29,ITC.NS,FMCG,544.27,4163005
2025-09-01,ITC.NS,FMCG,537.23,2206407
2025-09-02,ITC.NS,FMCG,536.21,4364020
2025-09-03,ITC.NS,FMCG,544.59,4132771
2025-09-04,ITC.NS,FMCG,551.63,3935958
2025-09-05,ITC.NS,FMCG,552.05,7254745
2025-09-08,ITC.NS,FMCG,551.85,6737515
2025-09-09,ITC.NS,FMCG,562.96,5498867
2025-09-10,ITC.NS,FMCG,578.17,5456758
2025-09-11,ITC.NS,FMCG,582.05,4143234
2025-09-12,ITC.NS,FMCG,590.32,4446333
2025-09-15,ITC.NS,FMCG,592.68,4645637
2025-09-16,ITC.NS,FMCG,596.42,4930151
2025-09-17,ITC.NS,FMCG,598.74,4093819
2025-09-18,ITC.NS,FMCG,595.03,4826963
2025-09-19,ITC.NS,FMCG,591.67,4084077
2025-09-22,ITC.NS,FMCG,598.86,4627667
2025-09-23,ITC.NS,FMCG,587.3,5505005
2025-09-24,ITC.NS,FMCG,581.6,3173536
2025-09-25,ITC.NS,FMCG,582.76,4182067
2025-09-26,ITC.NS,FMCG,591.14,4100280
2025-09-29,ITC.NS,FMCG,579.79,2795773
2025-09-30,ITC.NS,FMCG,579.79,6497215
2025-10-01,ITC.NS,FMCG,593.6,2990812
2025-10-03,ITC.NS,FMCG,598.95,6592305
2025-10-06,ITC.NS,FMCG,606.43,2495911
2025-10-07,ITC.NS,FMCG,599.09,2364797
2025-10-08,ITC.NS,FMCG,613.69,3549665
2025-10-09,ITC.NS,FMCG,608.0,4589259
2025-10-10,ITC.NS,FMCG,601.28,4580331
2025-10-13,ITC.NS,FMCG,602.45,6277869
2025-10-14,ITC.NS,FMCG,603.47,3049559
2025-10-15,ITC.NS,FMCG,614.67,5521243
2025-10-16,ITC.NS,FMCG,622.15,2234570
2025-10-17,ITC.NS,FMCG,619.46,2846439
2025-10-20,ITC.NS,FMCG,611.37,3641351
2025-10-22,ITC.NS,FMCG,625.97,2716585
2025-10-23,ITC.NS,FMCG,622.55,4835471
2025-10-24,ITC.NS,FMCG,618.36,3179226
2025-10-27,ITC.NS,FMCG,620.43,5672121
2025-10-28,ITC.NS,FMCG,609.17,5411330
2025-10-29,ITC.NS,FMCG,599.0,3152454
2025-10-30,ITC.NS,FMCG,600.63,3529738
2025-10-31,ITC.NS,FMCG,591.96,3869867
2025-11-03,ITC.NS,FMCG,599.25,6414232
2025-11-04,ITC.NS,FMCG,603.58,2870912
2025-11-05,ITC.NS,FMCG,605.14,1739652
2025-11-06,ITC.NS,FMCG,612.1,3442719
2025-11-07,ITC.NS,FMCG,617.43,2893992
2025-11-10,ITC.NS,FMCG,635.23,2335977
2025-11-11,ITC.NS,FMCG,635.16,3941620
2025-11-12,ITC.NS,FMCG,626.56,2648031
2025-11-13,ITC.NS,FMCG,624.64,4493942
2025-11-14,ITC.NS,FMCG,638.12,2620877
2025-11-17,ITC.NS,FMCG,653.95,11224873
2025-11-18,ITC.NS,FMCG,654.14,5784690
2025-11-19,ITC.NS,FMCG,657.8,3089298
2025-11-20,ITC.NS,FMCG,661.45,3048233
2025-11-21,ITC.NS,FMCG,654.07,3735834
2025-11-24,ITC.NS,FMCG,642.52,5166113
2025-11-25,ITC.NS,FMCG,656.4,3413525
2025-11-26,ITC.NS,FMCG,644.89,2658909
2025-11-27,ITC.NS,FMCG,633.56,2402764
2025-11-28,ITC.NS,FMCG,644.7,3966663
2025-12-01,ITC.NS,FMCG,648.47,3098381
2025-12-02,ITC.NS,FMCG,645.82,4408764
2025-12-03,ITC.NS,FMCG,661.44,1897007
2025-12-04,ITC.NS,FMCG,658.63,4710860
2025-12-05,ITC.NS,FMCG,661.78,3568573
2025-12-08,ITC.NS,FMCG,661.28,2160773
2025-12-09,ITC.NS,FMCG,653.74,4532434
2025-12-10,ITC.NS,FMCG,650.69,4754004
2025-12-11,ITC.NS,FMCG,655.37,3010595
2025-12-12,ITC.NS,FMCG,641.8,5006448
2025-12-15,ITC.NS,FMCG,641.03,2475396
2025-12-16,ITC.NS,FMCG,644.08,1788256
2025-12-17,ITC.NS,FMCG,633.84,3762318
2025-12-18,ITC.NS,FMCG,640.43,2927278
2025-12-19,ITC.NS,FMCG,631.97,2581613
2025-12-22,ITC.NS,FMCG,633.2,4875453
2025-12-23,ITC.NS,FMCG,624.64,4304500
2025-12-24,ITC.NS,FMCG,632.91,7089147
2025-12-26,ITC.NS,FMCG,649.0,4620200
2025-12-29,ITC.NS,FMCG,636.0,4845039
2025-12-30,ITC.NS,FMCG,632.98,2941300
2025-12-31,ITC.NS,FMCG,634.67,1887824
2022-01-03,SBIN.NS,Financials,607.81,3700232
2022-01-04,SBIN.NS,Financials,609.69,5935255
2022-01-05,SBIN.NS,Financials,620.93,2428104
2022-01-06,SBIN.NS,Financials,609.83,2954933
2022-01-07,SBIN.NS,Financials,623.53,4148877
2022-01-10,SBIN.NS,Financials,626.34,2237904
2022-01-11,SBIN.NS,Financials,637.57,7558606
2022-01-12,SBIN.NS,Financials,645.57,4897814
2022-01-13,SBIN.NS,Financials,640.42,4502436
2022-01-14,SBIN.NS,Financials,642.11,5299906
2022-01-17,SBIN.NS,Financials,642.56,3546368
2022-01-18,SBIN.NS,Financials,648.02,4403855
2022-01-19,SBIN.NS,Financials,632.53,2836457
2022-01-20,SBIN.NS,Financials,621.82,1774787
2022-01-21,SBIN.NS,Financials,621.59,3947683
2022-01-24,SBIN.NS,Financials,627.31,6946404
2022-01-25,SBIN.NS,Financials,628.52,7175047
2022-01-27,SBIN.NS,Financials,621.74,3737578
2022-01-28,SBIN.NS,Financials,631.37,3624417
2022-01-31,SBIN.NS,Financials,637.64,2316537
2022-02-01,SBIN.NS,Financials,635.51,5790814
2022-02-02,SBIN.NS,Financials,624.52,4630116
2022-02-03,SBIN.NS,Financials,625.14,3737080
2022-02-04,SBIN.NS,Financials,618.22,2002018
2022-02-07,SBIN.NS,Financials,611.22,2124496
2022-02-08,SBIN.NS,Financials,618.66,4177856
2022-02-09,SBIN.NS,Financials,630.57,2327037
2022-02-10,SBIN.NS,Financials,631.33,4820347
2022-02-11,SBIN.NS,Financials,628.33,4903307
2022-02-14,SBIN.NS,Financials,622.06,2520260
2022-02-15,SBIN.NS,Financials,612.79,4060921
2022-02-16,SBIN.NS,Financials,623.76,2874444
2022-02-17,SBIN.NS,Financials,615.05,5550936
2022-02-18,SBIN.NS,Financials,607.76,12632334
2022-02-21,SBIN.NS,Financials,600.96,3830007
2022-02-22,SBIN.NS,Financials,606.3,6697266
2022-02-23,SBIN.NS,Financials,599.69,5721494
2022-02-24,SBIN.NS,Financials,589.2,3885837
2022-02-25,SBIN.NS,Financials,597.75,4810065
2022-02-28,SBIN.NS,Financials,611.2,2563904
2022-03-01,SBIN.NS,Financials,607.49,4189976
2022-03-02,SBIN.NS,Financials,612.82,3594792
2022-03-03,SBIN.NS,Financials,607.95,6425847
2022-03-04,SBIN.NS,Financials,599.07,3206586
2022-03-07,SBIN.NS,Financials,583.49,2760750
2022-03-09,SBIN.NS,Financials,591.12,2798210
2022-03-10,SBIN.NS,Financials,583.33,5386913
2022-03-11,SBIN.NS,Financials,580.89,3743824
2022-03-14,SBIN.NS,Financials,578.14,2214712
2022-03-15,SBIN.NS,Financials,585.5,5695040
2022-03-16,SBIN.NS,Financials,581.01,2353271
2022-03-17,SBIN.NS,Financials,576.09,3295383
2022-03-18,SBIN.NS,Financials,559.67,3708925
2022-03-21,SBIN.NS,Financials,556.97,2720910
2022-03-22,SBIN.NS,Financials,562.89,2204711
2022-03-23,SBIN.NS,Financials,558.24,5307826
2022-03-24,SBIN.NS,Financials,554.76,5016018
2022-03-25,SBIN.NS,Financials,547.36,4068708
2022-03-28,SBIN.NS,Financials,544.48,4537405
2022-03-29,SBIN.NS,Financials,540.3,2201420
2022-03-30,SBIN.NS,Financials,536.74,4793070
2022-03-31,SBIN.NS,Financials,533.26,4614727
2022-04-01,SBIN.NS,Financials,554.32,4661368
2022-04-04,SBIN.NS,Financials,572.78,4655599
2022-04-05,SBIN.NS,Financials,577.67,5654615
2022-04-06,SBIN.NS,Financials,583.06,3833925
2022-04-07,SBIN.NS,Financials,566.72,4081747
2022-04-08,SBIN.NS,Financials,586.81,2502499
2022-04-11,SBIN.NS,Financials,588.59,5075770
2022-04-12,SBIN.NS,Financials,576.84,3159632
2022-04-13,SBIN.NS,Financials,598.32,3240217
2022-04-15,SBIN.NS,Financials,604.12,3460272
2022-04-18,SBIN.NS,Financials,612.31,2743373
2022-04-19,SBIN.NS,Financials,609.13,3846665
2022-04-20,SBIN.NS,Financials,616.98,5327906
2022-04-21,SBIN.NS,Financials,623.8,2705687
2022-04-22,SBIN.NS,Financials,628.34,3969680
2022-04-25,SBIN.NS,Financials,637.2,5041643
2022-04-26,SBIN.NS,Financials,637.56,1676046
2022-04-27,SBIN.NS,Financials,637.63,7640787
2022-04-28,SBIN.NS,Financials,637.96,3396664
2022-04-29,SBIN.NS,Financials,633.64,2878441
2022-05-02,SBIN.NS,Financials,621.9,4108384
2022-05-03,SBIN.NS,Financials,618.58,3152724
2022-05-04,SBIN.NS,Financials,619.51,3895259
2022-05-05,SBIN.NS,Financials,623.55,3071999
2022-05-06,SBIN.NS,Financials,624.62,5923321
2022-05-09,SBIN.NS,Financials,632.07,10214710
2022-05-10,SBIN.NS,Financials,626.93,5142457
2022-05-11,SBIN.NS,Financials,622.75,4281649
2022-05-12,SBIN.NS,Financials,622.03,3291244
2022-05-13,SBIN.NS,Financials,619.05,5788801
2022-05-16,SBIN.NS,Financials,620.49,3051440
2022-05-17,SBIN.NS,Financials,621.58,4463777
2022-05-18,SBIN.NS,Financials,622.36,3328294
2022-05-19,SBIN.NS,Financials,608.5,2572117
2022-05-20,SBIN.NS,Financials,596.9,3705900
2022-05-23,SBIN.NS,Financials,593.24,2828180
2022-05-24,SBIN.NS,Financials,593.82,6692236
2022-05-25,SBIN.NS,Financials,603.36,3066532
2022-05-26,SBIN.NS,Financials,603.75,3814931
2022-05-27,SBIN.NS,Financials,609.05,3180891
2022-05-30,SBIN.NS,Financials,622.92,2591209
2022-05-31,SBIN.NS,Financials,641.87,5073543
2022-06-01,SBIN.NS,Financials,635.01,3862749
2022-06-02,SBIN.NS,Financials,656.87,9066826
2022-06-03,SBIN.NS,Financials,678.26,5760926
2022-06-06,SBIN.NS,Financials,664.18,4091887
2022-06-07,SBIN.NS,Financials,662.78,4540031
2022-06-08,SBIN.NS,Financials,665.38,3868907
2022-06-09,SBIN.NS,Financials,667.76,2786913
2022-06-10,SBIN.NS,Financials,648.54,2414642
2022-06-13,SBIN.NS,Financials,636.8,2759527
2022-06-14,SBIN.NS,Financials,631.47,6376245
2022-06-15,SBIN.NS,Financials,623.68,4368745
2022-06-16,SBIN.NS,Financials,627.86,4818690
2022-06-17,SBIN.NS,Financials,649.6,5259265
2022-06-20,SBIN.NS,Financials,638.92,3722728
2022-06-21,SBIN.NS,Financials,666.03,3230174
2022-06-22,SBIN.NS,Financials,677.69,8096155
2022-06-23,SBIN.NS,Financials,653.69,4807991
2022-06-24,SBIN.NS,Financials,645.08,2229917
2022-06-27,SBIN.NS,Financials,638.38,2160145
2022-06-28,SBIN.NS,Financials,633.01,5191358
2022-06-29,SBIN.NS,Financials,630.72,2930828
2022-06-30,SBIN.NS,Financials,633.53,3814886
2022-07-01,SBIN.NS,Financials,638.42,1856608
2022-07-04,SBIN.NS,Financials,645.45,3395275
2022-07-05,SBIN.NS,Financials,642.48,5494625
2022-07-06,SBIN.NS,Financials,645.34,3310640
2022-07-07,SBIN.NS,Financials,662.25,2650955
2022-07-08,SBIN.NS,Financials,639.67,3665560
2022-07-11,SBIN.NS,Financials,644.11,4041693
2022-07-12,SBIN.NS,Financials,645.88,3529527
2022-07-13,SBIN.NS,Financials,639.22,2298057
2022-07-14,SBIN.NS,Financials,636.31,4582146
2022-07-15,SBIN.NS,Financials,649.0,3266258
2022-07-18,SBIN.NS,Financials,644.3,4243990
2022-07-19,SBIN.NS,Financials,660.32,2837013
2022-07-20,SBIN.NS,Financials,648.63,6175260
2022-07-21,SBIN.NS,Financials,654.36,5123675
2022-07-22,SBIN.NS,Financials,652.2,3520505
2022-07-25,SBIN.NS,Financials,658.71,4441394
2022-07-26,SBIN.NS,Financials,665.95,7078045
2022-07-27,SBIN.NS,Financials,652.47,6024068
2022-07-28,SBIN.NS,Financials,666.01,6771527
2022-07-29,SBIN.NS,Financials,677.38,4934607
2022-08-01,SBIN.NS,Financials,688.76,3302886
2022-08-02,SBIN.NS,Financials,682.19,4905848
2022-08-03,SBIN.NS,Financials,685.91,7237083
2022-08-04,SBIN.NS,Financials,702.36,4935563
2022-08-05,SBIN.NS,Financials,687.83,2989225
2022-08-08,SBIN.NS,Financials,695.98,4086442
2022-08-09,SBIN.NS,Financials,704.6,5210273
2022-08-10,SBIN.NS,Financials,699.15,4240492
2022-08-11,SBIN.NS,Financials,705.52,5215579
2022-08-12,SBIN.NS,Financials,694.17,3214563
2022-08-16,SBIN.NS,Financials,666.38,3703415
2022-08-17,SBIN.NS,Financials,683.63,4499248
2022-08-18,SBIN.NS,Financials,680.13,4574477
2022-08-19,SBIN.NS,Financials,682.8,3199450
2022-08-22,SBIN.NS,Financials,668.25,1694013
2022-08-23,SBIN.NS,Financials,687.2,1456606
2022-08-24,SBIN.NS,Financials,689.41,3927949
2022-08-25,SBIN.NS,Financials,686.15,4256967
2022-08-26,SBIN.NS,Financials,673.79,3713687
2022-08-29,SBIN.NS,Financials,668.74,4042206
2022-08-30,SBIN.NS,Financials,668.03,6992634
2022-08-31,SBIN.NS,Financials,662.51,3355909
2022-09-01,SBIN.NS,Financials,657.09,4536962
2022-09-02,SBIN.NS,Financials,664.09,7198344
2022-09-05,SBIN.NS,Financials,677.09,2778152
2022-09-06,SBIN.NS,Financials,674.93,7419486
2022-09-07,SBIN.NS,Financials,691.12,5609064
2022-09-08,SBIN.NS,Financials,687.16,3581943
2022-09-09,SBIN.NS,Financials,692.45,1644192
2022-09-12,SBIN.NS,Financials,679.2,6496099
2022-09-13,SBIN.NS,Financials,680.41,7419262
2022-09-14,SBIN.NS,Financials,680.93,3131015
2022-09-15,SBIN.NS,Financials,693.13,7584281
2022-09-16,SBIN.NS,Financials,691.31,2209552
2022-09-19,SBIN.NS,Financials,685.12,4421924
2022-09-20,SBIN.NS,Financials,679.15,3752163
2022-09-21,SBIN.NS,Financials,670.16,2500486
2022-09-22,SBIN.NS,Financials,681.6,3658380
2022-09-23,SBIN.NS,Financials,673.0,3949907
2022-09-26,SBIN.NS,Financials,676.02,2632931
2022-09-27,SBIN.NS,Financials,668.59,5057153
2022-09-28,SBIN.NS,Financials,680.71,3145317
2022-09-29,SBIN.NS,Financials,685.45,3521061
2022-09-30,SBIN.NS,Financials,693.51,6625369
2022-10-03,SBIN.NS,Financials,697.7,3175387
2022-10-04,SBIN.NS,Financials,712.28,1809227
2022-10-05,SBIN.NS,Financials,700.0,3656290
2022-10-06,SBIN.NS,Financials,687.1,4148007
2022-10-07,SBIN.NS,Financials,690.33,3669259
2022-10-10,SBIN.NS,Financials,696.04,5395715
2022-10-11,SBIN.NS,Financials,692.16,4593139
2022-10-12,SBIN.NS,Financials,693.37,3237072
2022-10-13,SBIN.NS,Financials,682.88,5095000
2022-10-14,SBIN.NS,Financials,674.96,4696141
2022-10-17,SBIN.NS,Financials,679.59,4646713
2022-10-18,SBIN.NS,Financials,685.9,3775699
2022-10-19,SBIN.NS,Financials,684.45,4412219
2022-10-20,SBIN.NS,Financials,704.38,4148176
2022-10-21,SBIN.NS,Financials,721.18,3594451
2022-10-25,SBIN.NS,Financials,739.9,4721871
2022-10-26,SBIN.NS,Financials,761.27,4851690
2022-10-27,SBIN.NS,Financials,772.91,4852451
2022-10-28,SBIN.NS,Financials,785.12,4955237
2022-10-31,SBIN.NS,Financials,776.31,1816822
2022-11-01,SBIN.NS,Financials,759.97,5479443
2022-11-02,SBIN.NS,Financials,772.49,2849256
2022-11-03,SBIN.NS,Financials,758.43,5909297
2022-11-04,SBIN.NS,Financials,772.49,2480152
2022-11-07,SBIN.NS,Financials,763.42,6946010
2022-11-08,SBIN.NS,Financials,753.17,1859298
2022-11-09,SBIN.NS,Financials,756.05,4471070
2022-11-10,SBIN.NS,Financials,762.14,3513121
2022-11-11,SBIN.NS,Financials,749.93,4695868
2022-11-14,SBIN.NS,Financials,744.19,7303861
2022-11-15,SBIN.NS,Financials,727.26,4337552
2022-11-16,SBIN.NS,Financials,709.99,5547470
2022-11-17,SBIN.NS,Financials,727.12,6831878
2022-11-18,SBIN.NS,Financials,722.51,3215000
2022-11-21,SBIN.NS,Financials,706.6,4532140
2022-11-22,SBIN.NS,Financials,713.21,6445058
2022-11-23,SBIN.NS,Financials,713.36,4517463
2022-11-24,SBIN.NS,Financials,706.04,3251828
2022-11-25,SBIN.NS,Financials,725.86,4781542
2022-11-28,SBIN.NS,Financials,730.75,4156591
2022-11-29,SBIN.NS,Financials,737.31,4771880
2022-11-30,SBIN.NS,Financials,724.84,3318579
2022-12-01,SBIN.NS,Financials,732.6,4346023
2022-12-02,SBIN.NS,Financials,735.48,3802519
2022-12-05,SBIN.NS,Financials,727.1,3357909
2022-12-06,SBIN.NS,Financials,752.92,6314881
2022-12-07,SBIN.NS,Financials,741.91,3335750
2022-12-08,SBIN.NS,Financials,739.32,3065282
2022-12-09,SBIN.NS,Financials,736.03,2635894
2022-12-12,SBIN.NS,Financials,732.09,3903401
2022-12-13,SBIN.NS,Financials,745.03,3785559
2022-12-14,SBIN.NS,Financials,756.19,5140943
2022-12-15,SBIN.NS,Financials,762.48,2594815
2022-12-16,SBIN.NS,Financials,772.34,2214294
2022-12-19,SBIN.NS,Financials,772.48,2086121
2022-12-20,SBIN.NS,Financials,761.73,4683809
2022-12-21,SBIN.NS,Financials,773.82,5735054
2022-12-22,SBIN.NS,Financials,769.81,5573754
2022-12-23,SBIN.NS,Financials,782.48,3349993
2022-12-26,SBIN.NS,Financials,777.74,4178793
2022-12-27,SBIN.NS,Financials,762.59,1818652
2022-12-28,SBIN.NS,Financials,771.49,7033977
2022-12-29,SBIN.NS,Financials,784.53,5985718
2022-12-30,SBIN.NS,Financials,786.27,5478737
2023-01-02,SBIN.NS,Financials,788.67,2916268
2023-01-03,SBIN.NS,Financials,790.83,3515722
2023-01-04,SBIN.NS,Financials,795.77,3735701
2023-01-05,SBIN.NS,Financials,788.29,7239791
2023-01-06,SBIN.NS,Financials,803.58,5666026
2023-01-09,SBIN.NS,Financials,783.92,3739859
2023-01-10,SBIN.NS,Financials,774.57,4899329
2023-01-11,SBIN.NS,Financials,776.27,2901991
2023-01-12,SBIN.NS,Financials,757.19,2459111
2023-01-13,SBIN.NS,Financials,751.53,3897787
2023-01-16,SBIN.NS,Financials,746.29,2681603
2023-01-17,SBIN.NS,Financials,747.54,2208572
2023-01-18,SBIN.NS,Financials,745.92,4039549
2023-01-19,SBIN.NS,Financials,745.16,3639421
2023-01-20,SBIN.NS,Financials,742.23,2805151
2023-01-23,SBIN.NS,Financials,733.78,3470828
2023-01-24,SBIN.NS,Financials,737.27,4558722
2023-01-25,SBIN.NS,Financials,706.71,3689454
2023-01-27,SBIN.NS,Financials,713.53,4193358
2023-01-30,SBIN.NS,Financials,690.17,3762223
2023-01-31,SBIN.NS,Financials,688.15,7315574
2023-02-01,SBIN.NS,Financials,695.35,6357976
2023-02-02,SBIN.NS,Financials,698.89,4158578
2023-02-03,SBIN.NS,Financials,701.96,2997271
2023-02-06,SBIN.NS,Financials,707.62,3281654
2023-02-07,SBIN.NS,Financials,701.19,2540869
2023-02-08,SBIN.NS,Financials,718.33,3020329
2023-02-09,SBIN.NS,Financials,729.24,5044400
2023-02-10,SBIN.NS,Financials,722.26,3243701
2023-02-13,SBIN.NS,Financials,731.81,3755636
2023-02-14,SBIN.NS,Financials,734.38,6037524
2023-02-15,SBIN.NS,Financials,719.81,4845483
2023-02-16,SBIN.NS,Financials,734.48,4090127
2023-02-17,SBIN.NS,Financials,754.34,3836338
2023-02-20,SBIN.NS,Financials,752.15,3725380
2023-02-21,SBIN.NS,Financials,746.99,5531111
2023-02-22,SBIN.NS,Financials,736.24,4431575
2023-02-23,SBIN.NS,Financials,743.26,3649907
2023-02-24,SBIN.NS,Financials,740.1,2556550
2023-02-27,SBIN.NS,Financials,755.09,4727685
2023-02-28,SBIN.NS,Financials,743.62,4501288
2023-03-01,SBIN.NS,Financials,744.18,2294916
2023-03-02,SBIN.NS,Financials,747.54,3782546
2023-03-03,SBIN.NS,Financials,740.43,4489441
2023-03-06,SBIN.NS,Financials,751.66,3643760
2023-03-07,SBIN.NS,Financials,736.24,7534053
2023-03-09,SBIN.NS,Financials,741.93,6813851
2023-03-10,SBIN.NS,Financials,753.09,2567100
2023-03-13,SBIN.NS,Financials,760.27,3660540
2023-03-14,SBIN.NS,Financials,763.53,5604561
2023-03-15,SBIN.NS,Financials,750.15,3877898
2023-03-16,SBIN.NS,Financials,782.77,5167527
2023-03-17,SBIN.NS,Financials,771.51,3182642
2023-03-20,SBIN.NS,Financials,802.6,2304877
2023-03-21,SBIN.NS,Financials,773.82,5089197
2023-03-22,SBIN.NS,Financials,775.57,3554458
2023-03-23,SBIN.NS,Financials,764.61,9844071
2023-03-24,SBIN.NS,Financials,788.67,5548635
2023-03-27,SBIN.NS,Financials,780.6,2755162
2023-03-28,SBIN.NS,Financials,774.0,5054151
2023-03-29,SBIN.NS,Financials,764.82,3895310
2023-03-30,SBIN.NS,Financials,782.27,4799328
2023-03-31,SBIN.NS,Financials,799.47,3099648
2023-04-03,SBIN.NS,Financials,803.13,4453650
2023-04-04,SBIN.NS,Financials,807.55,5784753
2023-04-05,SBIN.NS,Financials,810.84,5324571
2023-04-06,SBIN.NS,Financials,814.49,5856523
2023-04-07,SBIN.NS,Financials,820.2,11881534
2023-04-10,SBIN.NS,Financials,817.82,3390931
2023-04-11,SBIN.NS,Financials,821.66,7511151
2023-04-12,SBIN.NS,Financials,829.6,4428070
2023-04-13,SBIN.NS,Financials,846.84,3486813
2023-04-17,SBIN.NS,Financials,841.11,3982579
2023-04-18,SBIN.NS,Financials,833.53,5476578
2023-04-19,SBIN.NS,Financials,836.36,3509944
2023-04-20,SBIN.NS,Financials,832.08,2010762
2023-04-21,SBIN.NS,Financials,845.92,5356974
2023-04-24,SBIN.NS,Financials,843.47,4323683
2023-04-25,SBIN.NS,Financials,851.73,3329520
2023-04-26,SBIN.NS,Financials,848.57,2568073
2023-04-27,SBIN.NS,Financials,866.82,4603749
2023-04-28,SBIN.NS,Financials,900.51,6273444
2023-05-02,SBIN.NS,Financials,905.14,2917325
2023-05-03,SBIN.NS,Financials,917.27,4406972
2023-05-04,SBIN.NS,Financials,926.5,8664179
2023-05-05,SBIN.NS,Financials,923.54,5565387
2023-05-08,SBIN.NS,Financials,922.29,3999443
2023-05-09,SBIN.NS,Financials,917.52,3861079
2023-05-10,SBIN.NS,Financials,907.12,3389862
2023-05-11,SBIN.NS,Financials,916.55,4109761
2023-05-12,SBIN.NS,Financials,919.18,3465672
2023-05-15,SBIN.NS,Financials,924.09,3648808
2023-05-16,SBIN.NS,Financials,925.41,3848406
2023-05-17,SBIN.NS,Financials,918.0,2285888
2023-05-18,SBIN.NS,Financials,943.29,3818116
2023-05-19,SBIN.NS,Financials,938.19,10392567
2023-05-22,SBIN.NS,Financials,933.05,2489114
2023-05-23,SBIN.NS,Financials,946.76,6931382
2023-05-24,SBIN.NS,Financials,959.83,5863183
2023-05-25,SBIN.NS,Financials,964.35,5096640
2023-05-26,SBIN.NS,Financials,942.66,3380628
2023-05-29,SBIN.NS,Financials,931.44,5631243
2023-05-30,SBIN.NS,Financials,959.75,7778071
2023-05-31,SBIN.NS,Financials,967.24,5996534
2023-06-01,SBIN.NS,Financials,973.62,4490264
2023-06-02,SBIN.NS,Financials,985.82,4146985
2023-06-05,SBIN.NS,Financials,989.65,3295691
2023-06-06,SBIN.NS,Financials,987.92,4281489
2023-06-07,SBIN.NS,Financials,1007.65,4996247
2023-06-08,SBIN.NS,Financials,1012.59,4193871
2023-06-09,SBIN.NS,Financials,995.73,4024993
2023-06-12,SBIN.NS,Financials,957.8,4044345
2023-06-13,SBIN.NS,Financials,962.62,7863299
2023-06-14,SBIN.NS,Financials,947.47,4402718
2023-06-15,SBIN.NS,Financials,963.87,4460557
2023-06-16,SBIN.NS,Financials,966.36,1788460
2023-06-19,SBIN.NS,Financials,962.31,5805993
2023-06-20,SBIN.NS,Financials,974.02,5084774
2023-06-21,SBIN.NS,Financials,955.52,5001241
2023-06-22,SBIN.NS,Financials,949.33,5120940
2023-06-23,SBIN.NS,Financials,942.55,2969858
2023-06-26,SBIN.NS,Financials,962.85,3739840
2023-06-27,SBIN.NS,Financials,956.8,7670282
2023-06-28,SBIN.NS,Financials,966.24,2535248
2023-06-29,SBIN.NS,Financials,984.0,2589761
2023-06-30,SBIN.NS,Financials,985.62,2475339
2023-07-03,SBIN.NS,Financials,982.44,3880800
2023-07-04,SBIN.NS,Financials,978.63,7233698
2023-07-05,SBIN.NS,Financials,996.39,4562460
2023-07-06,SBIN.NS,Financials,996.41,6056011
2023-07-07,SBIN.NS,Financials,984.82,2056427
2023-07-10,SBIN.NS,Financials,996.57,3083326
2023-07-11,SBIN.NS,Financials,998.74,3260352
2023-07-12,SBIN.NS,Financials,982.02,7250369
2023-07-13,SBIN.NS,Financials,990.48,4352120
2023-07-14,SBIN.NS,Financials,1000.89,4068488
2023-07-17,SBIN.NS,Financials,1027.78,4432506
2023-07-18,SBIN.NS,Financials,1017.47,3809618
2023-07-19,SBIN.NS,Financials,1031.01,8305205
2023-07-20,SBIN.NS,Financials,1032.46,8190203
2023-07-21,SBIN.NS,Financials,1049.48,6127868
2023-07-24,SBIN.NS,Financials,1060.23,5890635
2023-07-25,SBIN.NS,Financials,1058.49,3462482
2023-07-26,SBIN.NS,Financials,1044.16,4878526
2023-07-27,SBIN.NS,Financials,1042.08,2053675
2023-07-28,SBIN.NS,Financials,1031.66,3562271
2023-07-31,SBIN.NS,Financials,1057.31,2404139
2023-08-01,SBIN.NS,Financials,1061.86,4933487
2023-08-02,SBIN.NS,Financials,1053.14,3996409
2023-08-03,SBIN.NS,Financials,1061.5,5416465
2023-08-04,SBIN.NS,Financials,1054.7,5207631
2023-08-07,SBIN.NS,Financials,1053.34,6138561
2023-08-08,SBIN.NS,Financials,1080.47,3167311
2023-08-09,SBIN.NS,Financials,1097.55,2207586
2023-08-10,SBIN.NS,Financials,1108.51,8171473
2023-08-11,SBIN.NS,Financials,1141.04,3423767
2023-08-14,SBIN.NS,Financials,1124.72,4076159
2023-08-16,SBIN.NS,Financials,1140.61,6026780
2023-08-17,SBIN.NS,Financials,1143.04,3738287
2023-08-18,SBIN.NS,Financials,1139.5,2775420
2023-08-21,SBIN.NS,Financials,1135.6,8687817
2023-08-22,SBIN.NS,Financials,1134.97,3418183
2023-08-23,SBIN.NS,Financials,1116.56,7910502
2023-08-24,SBIN.NS,Financials,1097.5,4716616
2023-08-25,SBIN.NS,Financials,1055.26,5901027
2023-08-28,SBIN.NS,Financials,1053.36,5861328
2023-08-29,SBIN.NS,Financials,1052.13,3594086
2023-08-30,SBIN.NS,Financials,1056.88,5123581
2023-08-31,SBIN.NS,Financials,1066.07,8287788
2023-09-01,SBIN.NS,Financials,1074.72,6595467
2023-09-04,SBIN.NS,Financials,1087.93,6229304
2023-09-05,SBIN.NS,Financials,1071.55,5289033
2023-09-06,SBIN.NS,Financials,1075.79,4014952
2023-09-07,SBIN.NS,Financials,1083.62,3082634
2023-09-08,SBIN.NS,Financials,1058.1,7268846
2023-09-11,SBIN.NS,Financials,1065.86,3409234
2023-09-12,SBIN.NS,Financials,1049.82,3507749
2023-09-13,SBIN.NS,Financials,1031.56,4186995
2023-09-14,SBIN.NS,Financials,1055.11,2492490
2023-09-15,SBIN.NS,Financials,1055.45,3653018
2023-09-18,SBIN.NS,Financials,1032.69,3195558
2023-09-19,SBIN.NS,Financials,1022.22,2517451
2023-09-20,SBIN.NS,Financials,1027.61,2681652
2023-09-21,SBIN.NS,Financials,1018.12,4110870
2023-09-22,SBIN.NS,Financials,1023.49,5936964
2023-09-25,SBIN.NS,Financials,1025.88,4018094
2023-09-26,SBIN.NS,Financials,1062.32,2828103
2023-09-27,SBIN.NS,Financials,1046.18,3293197
2023-09-28,SBIN.NS,Financials,1027.26,4674890
2023-09-29,SBIN.NS,Financials,1012.53,6195414
2023-10-03,SBIN.NS,Financials,998.51,5801636
2023-10-04,SBIN.NS,Financials,996.8,4511979
2023-10-05,SBIN.NS,Financials,992.51,7050260
2023-10-06,SBIN.NS,Financials,1007.69,3446501
2023-10-09,SBIN.NS,Financials,1009.63,2748981
2023-10-10,SBIN.NS,Financials,997.54,3753498
2023-10-11,SBIN.NS,Financials,1010.27,6450970
2023-10-12,SBIN.NS,Financials,1007.52,5300337
2023-10-13,SBIN.NS,Financials,1025.39,6077438
2023-10-16,SBIN.NS,Financials,1037.66,4022799
2023-10-17,SBIN.NS,Financials,1049.47,4367890
2023-10-18,SBIN.NS,Financials,1026.93,3856220
2023-10-19,SBIN.NS,Financials,1018.95,3074457
2023-10-20,SBIN.NS,Financials,1012.51,4209726
2023-10-23,SBIN.NS,Financials,1010.74,3847374
2023-10-24,SBIN.NS,Financials,1033.6,3513134
2023-10-25,SBIN.NS,Financials,1007.18,5143595
2023-10-26,SBIN.NS,Financials,1011.53,4352788
2023-10-27,SBIN.NS,Financials,1014.42,6678934
2023-10-30,SBIN.NS,Financials,1040.29,3073361
2023-10-31,SBIN.NS,Financials,1030.35,3609957
2023-11-01,SBIN.NS,Financials,1031.65,2239739
2023-11-02,SBIN.NS,Financials,1043.07,2941582
2023-11-03,SBIN.NS,Financials,1067.71,5186989
2023-11-06,SBIN.NS,Financials,1071.36,5533072
2023-11-07,SBIN.NS,Financials,1092.34,5304452
2023-11-08,SBIN.NS,Financials,1100.02,6555868
2023-11-09,SBIN.NS,Financials,1100.14,5036027
2023-11-10,SBIN.NS,Financials,1100.96,4259192
2023-11-13,SBIN.NS,Financials,1098.3,5266425
2023-11-14,SBIN.NS,Financials,1086.8,3197498
2023-11-15,SBIN.NS,Financials,1086.92,2347814
2023-11-16,SBIN.NS,Financials,1060.86,3637439
2023-11-17,SBIN.NS,Financials,1070.07,3792084
2023-11-20,SBIN.NS,Financials,1110.15,4341632
2023-11-21,SBIN.NS,Financials,1115.07,3158464
2023-11-22,SBIN.NS,Financials,1120.93,3383820
2023-11-23,SBIN.NS,Financials,1144.79,5505224
2023-11-24,SBIN.NS,Financials,1123.6,2728006
2023-11-27,SBIN.NS,Financials,1137.0,4040810
2023-11-28,SBIN.NS,Financials,1153.3,3366890
2023-11-29,SBIN.NS,Financials,1149.95,2316691
2023-11-30,SBIN.NS,Financials,1160.76,3628376
2023-12-01,SBIN.NS,Financials,1180.74,3057668
2023-12-04,SBIN.NS,Financials,1168.12,3613994
2023-12-05,SBIN.NS,Financials,1162.22,4305658
2023-12-06,SBIN.NS,Financials,1170.7,1955549
2023-12-07,SBIN.NS,Financials,1186.06,6008088
2023-12-08,SBIN.NS,Financials,1196.65,11990477
2023-12-11,SBIN.NS,Financials,1214.79,3009211
2023-12-12,SBIN.NS,Financials,1235.01,3406879
2023-12-13,SBIN.NS,Financials,1218.51,3141174
2023-12-14,SBIN.NS,Financials,1230.91,2866120
2023-12-15,SBIN.NS,Financials,1227.49,8408091
2023-12-18,SBIN.NS,Financials,1212.37,3754229
2023-12-19,SBIN.NS,Financials,1207.58,5339157
2023-12-20,SBIN.NS,Financials,1235.53,6319690
2023-12-21,SBIN.NS,Financials,1258.28,6036669
2023-12-22,SBIN.NS,Financials,1238.42,6197981
2023-12-26,SBIN.NS,Financials,1254.31,2640959
2023-12-27,SBIN.NS,Financials,1251.51,5762277
2023-12-28,SBIN.NS,Financials,1277.48,3656626
2023-12-29,SBIN.NS,Financials,1282.87,7440717
2024-01-01,SBIN.NS,Financials,1260.06,3073354
2024-01-02,SBIN.NS,Financials,1256.76,2755272
2024-01-03,SBIN.NS,Financials,1249.89,4108510
2024-01-04,SBIN.NS,Financials,1263.89,5143432
2024-01-05,SBIN.NS,Financials,1270.85,2192137
2024-01-08,SBIN.NS,Financials,1325.53,3557623
2024-01-09,SBIN.NS,Financials,1326.59,2792935
2024-01-10,SBIN.NS,Financials,1308.19,5664219
2024-01-11,SBIN.NS,Financials,1336.81,3363007
2024-01-12,SBIN.NS,Financials,1343.0,6079960
2024-01-15,SBIN.NS,Financials,1338.5,3190023
2024-01-16,SBIN.NS,Financials,1322.02,4559022
2024-01-17,SBIN.NS,Financials,1315.19,2527967
2024-01-18,SBIN.NS,Financials,1335.81,3945215
2024-01-19,SBIN.NS,Financials,1342.1,2793344
2024-01-22,SBIN.NS,Financials,1372.92,6997060
2024-01-23,SBIN.NS,Financials,1419.3,5968131
2024-01-24,SBIN.NS,Financials,1437.39,4420888
2024-01-25,SBIN.NS,Financials,1381.53,5864749
2024-01-29,SBIN.NS,Financials,1365.26,3440388
2024-01-30,SBIN.NS,Financials,1340.36,5076588
2024-01-31,SBIN.NS,Financials,1353.73,3985858
2024-02-01,SBIN.NS,Financials,1365.49,4908584
2024-02-02,SBIN.NS,Financials,1377.28,4279022
2024-02-05,SBIN.NS,Financials,1373.83,4019022
2024-02-06,SBIN.NS,Financials,1388.6,2175284
2024-02-07,SBIN.NS,Financials,1368.8,3269738
2024-02-08,SBIN.NS,Financials,1343.03,7735819
2024-02-09,SBIN.NS,Financials,1311.01,3937049
2024-02-12,SBIN.NS,Financials,1306.0,3193776
2024-02-13,SBIN.NS,Financials,1302.68,4171524
2024-02-14,SBIN.NS,Financials,1316.46,2406853
2024-02-15,SBIN.NS,Financials,1310.05,3476568
2024-02-16,SBIN.NS,Financials,1286.74,4380897
2024-02-19,SBIN.NS,Financials,1282.3,4878258
2024-02-20,SBIN.NS,Financials,1263.02,4633460
2024-02-21,SBIN.NS,Financials,1268.15,6971641
2024-02-22,SBIN.NS,Financials,1272.81,3242998
2024-02-23,SBIN.NS,Financials,1273.26,2425954
2024-02-26,SBIN.NS,Financials,1262.54,3619343
2024-02-27,SBIN.NS,Financials,1268.6,3367676
2024-02-28,SBIN.NS,Financials,1274.89,4379528
2024-02-29,SBIN.NS,Financials,1278.15,3708828
2024-03-01,SBIN.NS,Financials,1295.29,4313665
2024-03-04,SBIN.NS,Financials,1287.41,4252783
2024-03-05,SBIN.NS,Financials,1263.79,5591674
2024-03-06,SBIN.NS,Financials,1252.2,4081933
2024-03-07,SBIN.NS,Financials,1258.34,4405711
2024-03-11,SBIN.NS,Financials,1285.32,7649615
2024-03-12,SBIN.NS,Financials,1268.26,2311797
2024-03-13,SBIN.NS,Financials,1261.67,4370956
2024-03-14,SBIN.NS,Financials,1272.91,3937162
2024-03-15,SBIN.NS,Financials,1281.82,4168776
2024-03-18,SBIN.NS,Financials,1288.99,5022185
2024-03-19,SBIN.NS,Financials,1302.55,3061566
2024-03-20,SBIN.NS,Financials,1331.39,3357028
2024-03-21,SBIN.NS,Financials,1348.04,5299843
2024-03-22,SBIN.NS,Financials,1315.89,3881401
2024-03-25,SBIN.NS,Financials,1328.49,2929360
2024-03-26,SBIN.NS,Financials,1361.74,5397467
2024-03-27,SBIN.NS,Financials,1360.25,5114487
2024-03-28,SBIN.NS,Financials,1375.52,4328866
2024-03-29,SBIN.NS,Financials,1361.48,4726358
2024-04-01,SBIN.NS,Financials,1351.47,4985833
2024-04-02,SBIN.NS,Financials,1373.22,3961787
2024-04-03,SBIN.NS,Financials,1394.84,4556085
2024-04-04,SBIN.NS,Financials,1428.59,2693460
2024-04-05,SBIN.NS,Financials,1416.54,3801867
2024-04-08,SBIN.NS,Financials,1429.67,5728392
2024-04-09,SBIN.NS,Financials,1442.43,8820080
2024-04-10,SBIN.NS,Financials,1463.83,4267129
2024-04-11,SBIN.NS,Financials,1441.8,2978558
2024-04-12,SBIN.NS,Financials,1459.58,3609951
2024-04-15,SBIN.NS,Financials,1491.92,2459046
2024-04-16,SBIN.NS,Financials,1465.23,5169252
2024-04-17,SBIN.NS,Financials,1460.77,4153152
2024-04-18,SBIN.NS,Financials,1423.53,2925137
2024-04-19,SBIN.NS,Financials,1427.13,3822581
2024-04-22,SBIN.NS,Financials,1471.97,5231946
2024-04-23,SBIN.NS,Financials,1464.11,4160270
2024-04-24,SBIN.NS,Financials,1450.81,3212189
2024-04-25,SBIN.NS,Financials,1422.4,5846763
2024-04-26,SBIN.NS,Financials,1437.12,4609273
2024-04-29,SBIN.NS,Financials,1430.88,3127047
2024-04-30,SBIN.NS,Financials,1398.24,4123787
2024-05-02,SBIN.NS,Financials,1386.83,1949967
2024-05-03,SBIN.NS,Financials,1396.68,4476684
2024-05-06,SBIN.NS,Financials,1425.56,10871667
2024-05-07,SBIN.NS,Financials,1423.17,5988303
2024-05-08,SBIN.NS,Financials,1451.48,3848996
2024-05-09,SBIN.NS,Financials,1448.97,4453743
2024-05-10,SBIN.NS,Financials,1430.84,4938407
2024-05-13,SBIN.NS,Financials,1479.61,5051797
2024-05-14,SBIN.NS,Financials,1463.71,3917477
2024-05-15,SBIN.NS,Financials,1480.02,1902548
2024-05-16,SBIN.NS,Financials,1484.94,3609422
2024-05-17,SBIN.NS,Financials,1490.42,3308524
2024-05-20,SBIN.NS,Financials,1526.65,3937932
2024-05-21,SBIN.NS,Financials,1524.55,3136242
2024-05-22,SBIN.NS,Financials,1504.5,5041645
2024-05-23,SBIN.NS,Financials,1481.42,8289901
2024-05-24,SBIN.NS,Financials,1509.26,5735530
2024-05-27,SBIN.NS,Financials,1490.4,3978727
2024-05-28,SBIN.NS,Financials,1484.83,6925221
2024-05-29,SBIN.NS,Financials,1497.69,5670082
2024-05-30,SBIN.NS,Financials,1486.03,5259988
2024-05-31,SBIN.NS,Financials,1470.16,3334636
2024-06-03,SBIN.NS,Financials,1471.77,3872553
2024-06-04,SBIN.NS,Financials,1458.16,4999433
2024-06-05,SBIN.NS,Financials,1467.95,8666342
2024-06-06,SBIN.NS,Financials,1422.2,6738030
2024-06-07,SBIN.NS,Financials,1418.19,5012413
2024-06-10,SBIN.NS,Financials,1447.39,4309765
2024-06-11,SBIN.NS,Financials,1420.62,5320569
2024-06-12,SBIN.NS,Financials,1463.52,4912202
2024-06-13,SBIN.NS,Financials,1469.53,6965356
2024-06-14,SBIN.NS,Financials,1457.93,2777808
2024-06-17,SBIN.NS,Financials,1473.26,4123674
2024-06-18,SBIN.NS,Financials,1446.44,5314335
2024-06-19,SBIN.NS,Financials,1479.36,6711312
2024-06-20,SBIN.NS,Financials,1485.1,8072985
2024-06-21,SBIN.NS,Financials,1477.78,2447547
2024-06-24,SBIN.NS,Financials,1502.45,3171499
2024-06-25,SBIN.NS,Financials,1513.64,3980169
2024-06-26,SBIN.NS,Financials,1498.51,2642991
2024-06-27,SBIN.NS,Financials,1507.3,7307714
2024-06-28,SBIN.NS,Financials,1527.9,4260264
2024-07-01,SBIN.NS,Financials,1532.8,6151783
2024-07-02,SBIN.NS,Financials,1492.48,3834871
2024-07-03,SBIN.NS,Financials,1523.35,4706882
2024-07-04,SBIN.NS,Financials,1547.71,2531428
2024-07-05,SBIN.NS,Financials,1535.32,2816480
2024-07-08,SBIN.NS,Financials,1567.19,2835133
2024-07-09,SBIN.NS,Financials,1542.87,2240577
2024-07-10,SBIN.NS,Financials,1502.1,5843308
2024-07-11,SBIN.NS,Financials,1494.82,4059126
2024-07-12,SBIN.NS,Financials,1513.12,5907106
2024-07-15,SBIN.NS,Financials,1510.16,3917322
2024-07-16,SBIN.NS,Financials,1520.76,6051148
2024-07-17,SBIN.NS,Financials,1514.35,5695384
2024-07-18,SBIN.NS,Financials,1516.58,3908810
2024-07-19,SBIN.NS,Financials,1518.06,4372655
2024-07-22,SBIN.NS,Financials,1554.94,4614757
2024-07-23,SBIN.NS,Financials,1556.83,6027660
2024-07-24,SBIN.NS,Financials,1596.74,4032979
2024-07-25,SBIN.NS,Financials,1632.1,4622036
2024-07-26,SBIN.NS,Financials,1625.62,2433336
2024-07-29,SBIN.NS,Financials,1610.66,2996130
2024-07-30,SBIN.NS,Financials,1649.91,3154590
2024-07-31,SBIN.NS,Financials,1617.56,4886842
2024-08-01,SBIN.NS,Financials,1626.67,3187581
2024-08-02,SBIN.NS,Financials,1614.9,4243628
2024-08-05,SBIN.NS,Financials,1616.09,3850095
2024-08-06,SBIN.NS,Financials,1623.65,4081945
2024-08-07,SBIN.NS,Financials,1583.47,5524622
2024-08-08,SBIN.NS,Financials,1645.77,4318243
2024-08-09,SBIN.NS,Financials,1626.31,3735154
2024-08-12,SBIN.NS,Financials,1653.05,4694658
2024-08-13,SBIN.NS,Financials,1630.48,7176014
2024-08-14,SBIN.NS,Financials,1623.38,4152173
2024-08-16,SBIN.NS,Financials,1628.57,2601697
2024-08-19,SBIN.NS,Financials,1616.02,2519701
2024-08-20,SBIN.NS,Financials,1648.43,3619592
2024-08-21,SBIN.NS,Financials,1667.05,2678731
2024-08-22,SBIN.NS,Financials,1646.66,1728433
2024-08-23,SBIN.NS,Financials,1660.56,3604077
2024-08-26,SBIN.NS,Financials,1665.92,4561781
2024-08-27,SBIN.NS,Financials,1607.3,6480816
2024-08-28,SBIN.NS,Financials,1608.67,3968254
2024-08-29,SBIN.NS,Financials,1623.88,4450068
2024-08-30,SBIN.NS,Financials,1618.28,4782488
2024-09-02,SBIN.NS,Financials,1615.03,4110217
2024-09-03,SBIN.NS,Financials,1644.46,3160946
2024-09-04,SBIN.NS,Financials,1611.08,8536704
2024-09-05,SBIN.NS,Financials,1598.18,2825239
2024-09-06,SBIN.NS,Financials,1581.21,4619251
2024-09-09,SBIN.NS,Financials,1594.53,3038956
2024-09-10,SBIN.NS,Financials,1594.44,4153712
2024-09-11,SBIN.NS,Financials,1648.58,4608070
2024-09-12,SBIN.NS,Financials,1648.88,3720155
2024-09-13,SBIN.NS,Financials,1645.68,2611068
2024-09-16,SBIN.NS,Financials,1656.57,3535684
2024-09-17,SBIN.NS,Financials,1666.79,5917525
2024-09-18,SBIN.NS,Financials,1670.4,2360193
2024-09-19,SBIN.NS,Financials,1685.84,7066052
2024-09-20,SBIN.NS,Financials,1684.06,4127586
2024-09-23,SBIN.NS,Financials,1678.09,5127688
2024-09-24,SBIN.NS,Financials,1678.51,2760991
2024-09-25,SBIN.NS,Financials,1723.74,3789845
2024-09-26,SBIN.NS,Financials,1739.39,3162577
2024-09-27,SBIN.NS,Financials,1726.52,4427587
2024-09-30,SBIN.NS,Financials,1718.1,2724637
2024-10-01,SBIN.NS,Financials,1689.36,3213317
2024-10-03,SBIN.NS,Financials,1699.24,8232611
2024-10-04,SBIN.NS,Financials,1692.1,5007337
2024-10-07,SBIN.NS,Financials,1687.85,4560440
2024-10-08,SBIN.NS,Financials,1758.67,4534763
2024-10-09,SBIN.NS,Financials,1710.68,6652642
2024-10-10,SBIN.NS,Financials,1716.42,3819804
2024-10-11,SBIN.NS,Financials,1667.17,5541424
2024-10-14,SBIN.NS,Financials,1668.95,1747988
2024-10-15,SBIN.NS,Financials,1653.78,3828686
2024-10-16,SBIN.NS,Financials,1629.32,3583467
2024-10-17,SBIN.NS,Financials,1638.59,3323353
2024-10-18,SBIN.NS,Financials,1677.31,5172051
2024-10-21,SBIN.NS,Financials,1692.83,3809145
2024-10-22,SBIN.NS,Financials,1691.27,3774299
2024-10-23,SBIN.NS,Financials,1727.02,3034482
2024-10-24,SBIN.NS,Financials,1747.06,3478937
2024-10-25,SBIN.NS,Financials,1702.32,1977977
2024-10-28,SBIN.NS,Financials,1702.24,3575346
2024-10-29,SBIN.NS,Financials,1619.93,2433171
2024-10-30,SBIN.NS,Financials,1601.08,6855963
2024-10-31,SBIN.NS,Financials,1570.18,5161752
2024-11-04,SBIN.NS,Financials,1586.46,5496078
2024-11-05,SBIN.NS,Financials,1571.7,2514806
2024-11-06,SBIN.NS,Financials,1568.34,5353866
2024-11-07,SBIN.NS,Financials,1589.49,3161243
2024-11-08,SBIN.NS,Financials,1564.34,4398961
2024-11-11,SBIN.NS,Financials,1559.97,3740240
2024-11-12,SBIN.NS,Financials,1511.6,2464444
2024-11-13,SBIN.NS,Financials,1477.63,2776934
2024-11-14,SBIN.NS,Financials,1501.36,5029117
2024-11-15,SBIN.NS,Financials,1479.36,4973404
2024-11-18,SBIN.NS,Financials,1471.19,2469837
2024-11-19,SBIN.NS,Financials,1462.89,5943690
2024-11-20,SBIN.NS,Financials,1414.77,3493550
2024-11-21,SBIN.NS,Financials,1409.72,2549150
2024-11-22,SBIN.NS,Financials,1405.22,3294585
2024-11-25,SBIN.NS,Financials,1400.87,2484534
2024-11-26,SBIN.NS,Financials,1413.59,3097511
2024-11-27,SBIN.NS,Financials,1391.6,3377372
2024-11-28,SBIN.NS,Financials,1376.57,4782893
2024-11-29,SBIN.NS,Financials,1354.08,5306481
2024-12-02,SBIN.NS,Financials,1356.4,5792444
2024-12-03,SBIN.NS,Financials,1319.34,5257486
2024-12-04,SBIN.NS,Financials,1318.31,2051003
2024-12-05,SBIN.NS,Financials,1338.15,2407948
2024-12-06,SBIN.NS,Financials,1313.96,5863509
2024-12-09,SBIN.NS,Financials,1315.89,3391753
2024-12-10,SBIN.NS,Financials,1334.31,3803733
2024-12-11,SBIN.NS,Financials,1327.55,4982299
2024-12-12,SBIN.NS,Financials,1312.99,6272299
2024-12-13,SBIN.NS,Financials,1286.91,4706785
2024-12-16,SBIN.NS,Financials,1321.44,2955096
2024-12-17,SBIN.NS,Financials,1331.21,2604837
2024-12-18,SBIN.NS,Financials,1307.47,2745126
2024-12-19,SBIN.NS,Financials,1280.59,6129314
2024-12-20,SBIN.NS,Financials,1276.57,5396066
2024-12-23,SBIN.NS,Financials,1284.07,4057612
2024-12-24,SBIN.NS,Financials,1286.32,2424586
2024-12-26,SBIN.NS,Financials,1298.51,5455715
2024-12-27,SBIN.NS,Financials,1314.78,4266287
2024-12-30,SBIN.NS,Financials,1304.6,3053140
2024-12-31,SBIN.NS,Financials,1294.23,3917737
2025-01-01,SBIN.NS,Financials,1317.16,4768045
2025-01-02,SBIN.NS,Financials,1336.23,3416260
2025-01-03,SBIN.NS,Financials,1348.58,2778240
2025-01-06,SBIN.NS,Financials,1352.79,4265624
2025-01-07,SBIN.NS,Financials,1364.03,4360963
2025-01-08,SBIN.NS,Financials,1377.07,2057933
2025-01-09,SBIN.NS,Financials,1381.93,3893407
2025-01-10,SBIN.NS,Financials,1390.18,2973123
2025-01-13,SBIN.NS,Financials,1400.84,4717711
2025-01-14,SBIN.NS,Financials,1358.57,2199578
2025-01-15,SBIN.NS,Financials,1355.42,2556591
2025-01-16,SBIN.NS,Financials,1334.1,1758290
2025-01-17,SBIN.NS,Financials,1357.97,4616865
2025-01-20,SBIN.NS,Financials,1340.94,2362920
2025-01-21,SBIN.NS,Financials,1339.47,2510063
2025-01-22,SBIN.NS,Financials,1355.7,3867405
2025-01-23,SBIN.NS,Financials,1335.09,3776189
2025-01-24,SBIN.NS,Financials,1343.21,4989859
2025-01-27,SBIN.NS,Financials,1357.42,5168920
2025-01-28,SBIN.NS,Financials,1335.33,5930241
2025-01-29,SBIN.NS,Financials,1336.11,7025962
2025-01-30,SBIN.NS,Financials,1356.88,5751272
2025-01-31,SBIN.NS,Financials,1340.15,4485675
2025-02-03,SBIN.NS,Financials,1337.09,4308402
2025-02-04,SBIN.NS,Financials,1344.55,4954584
2025-02-05,SBIN.NS,Financials,1340.73,1968329
2025-02-06,SBIN.NS,Financials,1315.37,3782380
2025-02-07,SBIN.NS,Financials,1305.88,2106252
2025-02-10,SBIN.NS,Financials,1332.15,3087218
2025-02-11,SBIN.NS,Financials,1352.57,2381971
2025-02-12,SBIN.NS,Financials,1365.63,4574960
2025-02-13,SBIN.NS,Financials,1382.9,4927724
2025-02-14,SBIN.NS,Financials,1350.11,6111204
2025-02-17,SBIN.NS,Financials,1335.33,2845967
2025-02-18,SBIN.NS,Financials,1335.9,3171712
2025-02-19,SBIN.NS,Financials,1323.94,5832595
2025-02-20,SBIN.NS,Financials,1293.6,3337695
2025-02-21,SBIN.NS,Financials,1312.8,3104819
2025-02-24,SBIN.NS,Financials,1295.97,5123778
2025-02-25,SBIN.NS,Financials,1315.42,4787475
2025-02-26,SBIN.NS,Financials,1320.86,5581640
2025-02-27,SBIN.NS,Financials,1339.78,4727065
2025-02-28,SBIN.NS,Financials,1343.78,3478279
2025-03-03,SBIN.NS,Financials,1340.51,6459034
2025-03-04,SBIN.NS,Financials,1327.42,5439166
2025-03-05,SBIN.NS,Financials,1346.03,3968899
2025-03-06,SBIN.NS,Financials,1378.77,5444872
2025-03-07,SBIN.NS,Financials,1438.46,3974166
2025-03-10,SBIN.NS,Financials,1444.04,2886149
2025-03-11,SBIN.NS,Financials,1433.0,4150499
2025-03-12,SBIN.NS,Financials,1423.86,7835769
2025-03-13,SBIN.NS,Financials,1371.79,5748859
2025-03-14,SBIN.NS,Financials,1356.26,4618481
2025-03-17,SBIN.NS,Financials,1338.05,2917331
2025-03-18,SBIN.NS,Financials,1367.61,2639301
2025-03-19,SBIN.NS,Financials,1380.37,3665442
2025-03-20,SBIN.NS,Financials,1437.64,3228028
2025-03-21,SBIN.NS,Financials,1524.93,4017648
2025-03-24,SBIN.NS,Financials,1546.84,4209315
2025-03-25,SBIN.NS,Financials,1501.9,2426851
2025-03-26,SBIN.NS,Financials,1509.34,2977851
2025-03-27,SBIN.NS,Financials,1504.87,3526810
2025-03-28,SBIN.NS,Financials,1534.28,4651472
2025-03-31,SBIN.NS,Financials,1469.98,4712734
2025-04-01,SBIN.NS,Financials,1512.06,2780969
2025-04-02,SBIN.NS,Financials,1497.57,2600821
2025-04-03,SBIN.NS,Financials,1483.49,2866804
2025-04-04,SBIN.NS,Financials,1430.54,5276528
2025-04-07,SBIN.NS,Financials,1457.43,3382659
2025-04-08,SBIN.NS,Financials,1468.76,4144288
2025-04-09,SBIN.NS,Financials,1440.9,4620318
2025-04-10,SBIN.NS,Financials,1468.64,6135813
2025-04-11,SBIN.NS,Financials,1483.74,2604663
2025-04-15,SBIN.NS,Financials,1461.4,6104289
2025-04-16,SBIN.NS,Financials,1408.63,4887920
2025-04-17,SBIN.NS,Financials,1399.87,7157508
2025-04-18,SBIN.NS,Financials,1415.52,6529350
2025-04-21,SBIN.NS,Financials,1380.27,4149021
2025-04-22,SBIN.NS,Financials,1401.27,3072762
2025-04-23,SBIN.NS,Financials,1392.74,5032023
2025-04-24,SBIN.NS,Financials,1377.24,2698478
2025-04-25,SBIN.NS,Financials,1359.83,4306702
2025-04-28,SBIN.NS,Financials,1365.07,3077619
2025-04-29,SBIN.NS,Financials,1376.82,3669516
2025-04-30,SBIN.NS,Financials,1421.11,1860569
2025-05-02,SBIN.NS,Financials,1415.51,3877003
2025-05-05,SBIN.NS,Financials,1384.86,4164175
2025-05-06,SBIN.NS,Financials,1392.2,3313676
2025-05-07,SBIN.NS,Financials,1392.29,3876678
2025-05-08,SBIN.NS,Financials,1386.29,2732206
2025-05-09,SBIN.NS,Financials,1406.74,5245293
2025-05-12,SBIN.NS,Financials,1426.58,4027742
2025-05-13,SBIN.NS,Financials,1432.84,8740418
2025-05-14,SBIN.NS,Financials,1439.7,4422827
2025-05-15,SBIN.NS,Financials,1441.48,4564693
2025-05-16,SBIN.NS,Financials,1454.57,3387936
2025-05-19,SBIN.NS,Financials,1467.98,6060248
2025-05-20,SBIN.NS,Financials,1406.33,3436852
2025-05-21,SBIN.NS,Financials,1413.65,7312171
2025-05-22,SBIN.NS,Financials,1409.22,7238445
2025-05-23,SBIN.NS,Financials,1404.79,3337413
2025-05-26,SBIN.NS,Financials,1386.62,3623925
2025-05-27,SBIN.NS,Financials,1373.63,3097335
2025-05-28,SBIN.NS,Financials,1398.29,2500806
2025-05-29,SBIN.NS,Financials,1407.66,4425134
2025-05-30,SBIN.NS,Financials,1404.9,3999124
2025-06-02,SBIN.NS,Financials,1393.41,5032598
2025-06-03,SBIN.NS,Financials,1404.3,3923316
2025-06-04,SBIN.NS,Financials,1425.66,5418290
2025-06-05,SBIN.NS,Financials,1464.23,3926504
2025-06-06,SBIN.NS,Financials,1444.35,3729396
2025-06-09,SBIN.NS,Financials,1513.04,4116675
2025-06-10,SBIN.NS,Financials,1512.82,5209287
2025-06-11,SBIN.NS,Financials,1493.71,3508280
2025-06-12,SBIN.NS,Financials,1556.14,5487046
2025-06-13,SBIN.NS,Financials,1560.34,3084843
2025-06-16,SBIN.NS,Financials,1563.51,3577098
2025-06-17,SBIN.NS,Financials,1572.13,2078503
2025-06-18,SBIN.NS,Financials,1616.1,3543245
2025-06-19,SBIN.NS,Financials,1636.61,2696183
2025-06-20,SBIN.NS,Financials,1601.0,4847489
2025-06-23,SBIN.NS,Financials,1610.46,4771413
2025-06-24,SBIN.NS,Financials,1620.68,6112534
2025-06-25,SBIN.NS,Financials,1641.7,7142362
2025-06-26,SBIN.NS,Financials,1611.29,3771593
2025-06-27,SBIN.NS,Financials,1625.27,3084029
2025-06-30,SBIN.NS,Financials,1653.63,4705295
2025-07-01,SBIN.NS,Financials,1693.33,3485716
2025-07-02,SBIN.NS,Financials,1680.27,3231034
2025-07-03,SBIN.NS,Financials,1660.07,3968950
2025-07-04,SBIN.NS,Financials,1657.52,3249442
2025-07-07,SBIN.NS,Financials,1647.72,8209690
2025-07-08,SBIN.NS,Financials,1628.65,3640705
2025-07-09,SBIN.NS,Financials,1617.36,3950146
2025-07-10,SBIN.NS,Financials,1638.74,5300475
2025-07-11,SBIN.NS,Financials,1627.46,8593292
2025-07-14,SBIN.NS,Financials,1609.51,3689779
2025-07-15,SBIN.NS,Financials,1598.21,2073591
2025-07-16,SBIN.NS,Financials,1557.36,3887216
2025-07-17,SBIN.NS,Financials,1567.82,2197701
2025-07-18,SBIN.NS,Financials,1550.83,3332759
2025-07-21,SBIN.NS,Financials,1563.04,6743772
2025-07-22,SBIN.NS,Financials,1552.26,3016189
2025-07-23,SBIN.NS,Financials,1558.53,2768713
2025-07-24,SBIN.NS,Financials,1567.47,5391630
2025-07-25,SBIN.NS,Financials,1542.39,3699363
2025-07-28,SBIN.NS,Financials,1541.05,6097978
2025-07-29,SBIN.NS,Financials,1551.99,3621031
2025-07-30,SBIN.NS,Financials,1551.54,5004369
2025-07-31,SBIN.NS,Financials,1514.8,2327089
2025-08-01,SBIN.NS,Financials,1517.38,2878559
2025-08-04,SBIN.NS,Financials,1495.02,3742733
2025-08-05,SBIN.NS,Financials,1495.29,3466464
2025-08-06,SBIN.NS,Financials,1507.14,9571938
2025-08-07,SBIN.NS,Financials,1502.48,5697674
2025-08-08,SBIN.NS,Financials,1552.88,5645018
2025-08-11,SBIN.NS,Financials,1525.37,3761140
2025-08-12,SBIN.NS,Financials,1507.33,2452075
2025-08-13,SBIN.NS,Financials,1493.54,7171606
2025-08-14,SBIN.NS,Financials,1531.23,2264175
2025-08-18,SBIN.NS,Financials,1515.79,3293382
2025-08-19,SBIN.NS,Financials,1568.23,4880166
2025-08-20,SBIN.NS,Financials,1576.62,9948675
2025-08-21,SBIN.NS,Financials,1554.91,7342278
2025-08-22,SBIN.NS,Financials,1614.62,4965508
2025-08-25,SBIN.NS,Financials,1597.43,8471202
2025-08-26,SBIN.NS,Financials,1582.4,3359083
2025-08-27,SBIN.NS,Financials,1589.14,4675228
2025-08-28,SBIN.NS,Financials,1611.8,6653653
2025-08-29,SBIN.NS,Financials,1595.44,2443948
2025-09-01,SBIN.NS,Financials,1616.92,4554670
2025-09-02,SBIN.NS,Financials,1615.88,4661364
2025-09-03,SBIN.NS,Financials,1610.82,4610191
2025-09-04,SBIN.NS,Financials,1604.39,2771250
2025-09-05,SBIN.NS,Financials,1571.51,4651216
2025-09-08,SBIN.NS,Financials,1582.25,4426288
2025-09-09,SBIN.NS,Financials,1590.15,3294079
2025-09-10,SBIN.NS,Financials,1630.39,5246314
2025-09-11,SBIN.NS,Financials,1661.69,6405828
2025-09-12,SBIN.NS,Financials,1648.23,3121693
2025-09-15,SBIN.NS,Financials,1643.75,4748374
2025-09-16,SBIN.NS,Financials,1633.21,6473867
2025-09-17,SBIN.NS,Financials,1627.33,6515896
2025-09-18,SBIN.NS,Financials,1627.96,3782104
2025-09-19,SBIN.NS,Financials,1635.36,5810905
2025-09-22,SBIN.NS,Financials,1678.94,3667387
2025-09-23,SBIN.NS,Financials,1700.85,5315643
2025-09-24,SBIN.NS,Financials,1666.31,3082747
2025-09-25,SBIN.NS,Financials,1680.41,2344084
2025-09-26,SBIN.NS,Financials,1693.4,4811265
2025-09-29,SBIN.NS,Financials,1662.02,5432374
2025-09-30,SBIN.NS,Financials,1690.91,5112438
2025-10-01,SBIN.NS,Financials,1667.66,2999460
2025-10-03,SBIN.NS,Financials,1695.07,1680218
2025-10-06,SBIN.NS,Financials,1691.33,5420726
2025-10-07,SBIN.NS,Financials,1662.24,6652782
2025-10-08,SBIN.NS,Financials,1679.83,2057183
2025-10-09,SBIN.NS,Financials,1720.79,3587953
2025-10-10,SBIN.NS,Financials,1786.72,2876985
2025-10-13,SBIN.NS,Financials,1768.19,4351986
2025-10-14,SBIN.NS,Financials,1767.02,6374740
2025-10-15,SBIN.NS,Financials,1780.61,3680141
2025-10-16,SBIN.NS,Financials,1776.36,3344486
2025-10-17,SBIN.NS,Financials,1824.66,4578330
2025-10-20,SBIN.NS,Financials,1811.91,1898529
2025-10-22,SBIN.NS,Financials,1792.69,5353283
2025-10-23,SBIN.NS,Financials,1781.73,5781717
2025-10-24,SBIN.NS,Financials,1786.03,3999336
2025-10-27,SBIN.NS,Financials,1800.82,3423170
2025-10-28,SBIN.NS,Financials,1800.55,3618062
2025-10-29,SBIN.NS,Financials,1810.11,3623371
2025-10-30,SBIN.NS,Financials,1835.7,3913243
2025-10-31,SBIN.NS,Financials,1821.0,2312501
2025-11-03,SBIN.NS,Financials,1840.61,4615212
2025-11-04,SBIN.NS,Financials,1865.56,3511180
2025-11-05,SBIN.NS,Financials,1836.34,4021704
2025-11-06,SBIN.NS,Financials,1837.38,3261492
2025-11-07,SBIN.NS,Financials,1865.07,4562087
2025-11-10,SBIN.NS,Financials,1891.0,6358347
2025-11-11,SBIN.NS,Financials,1941.82,4295302
2025-11-12,SBIN.NS,Financials,1897.49,2251524
2025-11-13,SBIN.NS,Financials,1911.84,3998823
2025-11-14,SBIN.NS,Financials,1942.46,4296994
2025-11-17,SBIN.NS,Financials,1984.04,3917082
2025-11-18,SBIN.NS,Financials,1968.46,3053829
2025-11-19,SBIN.NS,Financials,1919.9,3929384
2025-11-20,SBIN.NS,Financials,1961.55,5360423
2025-11-21,SBIN.NS,Financials,1919.47,3599959
2025-11-24,SBIN.NS,Financials,1877.07,6471767
2025-11-25,SBIN.NS,Financials,1888.96,3180006
2025-11-26,SBIN.NS,Financials,1865.61,2783196
2025-11-27,SBIN.NS,Financials,1860.23,3681686
2025-11-28,SBIN.NS,Financials,1846.59,1960038
2025-12-01,SBIN.NS,Financials,1858.86,3980803
2025-12-02,SBIN.NS,Financials,1895.89,3554828
2025-12-03,SBIN.NS,Financials,1850.98,5078225
2025-12-04,SBIN.NS,Financials,1862.67,2195129
2025-12-05,SBIN.NS,Financials,1905.66,5219163
2025-12-08,SBIN.NS,Financials,1868.46,4214479
2025-12-09,SBIN.NS,Financials,1874.66,6954136
2025-12-10,SBIN.NS,Financials,1872.27,3762223
2025-12-11,SBIN.NS,Financials,1886.19,4499254
2025-12-12,SBIN.NS,Financials,1878.11,4985650
2025-12-15,SBIN.NS,Financials,1829.96,1959455
2025-12-16,SBIN.NS,Financials,1822.67,5890216
2025-12-17,SBIN.NS,Financials,1810.32,3816476
2025-12-18,SBIN.NS,Financials,1811.62,2559029
2025-12-19,SBIN.NS,Financials,1840.46,3888859
2025-12-22,SBIN.NS,Financials,1807.29,6015753
2025-12-23,SBIN.NS,Financials,1820.99,3541844
2025-12-24,SBIN.NS,Financials,1869.42,4140935
2025-12-26,SBIN.NS,Financials,1937.38,1981917
2025-12-29,SBIN.NS,Financials,1976.84,2959562
2025-12-30,SBIN.NS,Financials,1988.12,5115210
2025-12-31,SBIN.NS,Financials,1987.38,5783442
2022-01-03,BHARTIARTL.NS,Telecom,881.41,3336095
2022-01-04,BHARTIARTL.NS,Telecom,884.38,6457075
2022-01-05,BHARTIARTL.NS,Telecom,876.05,3881306
2022-01-06,BHARTIARTL.NS,Telecom,873.23,4187064
2022-01-07,BHARTIARTL.NS,Telecom,868.02,2311267
2022-01-10,BHARTIARTL.NS,Telecom,868.89,3036021
2022-01-11,BHARTIARTL.NS,Telecom,871.29,3179354
2022-01-12,BHARTIARTL.NS,Telecom,860.33,5249822
2022-01-13,BHARTIARTL.NS,Telecom,879.01,5594457
2022-01-14,BHARTIARTL.NS,Telecom,867.66,3270435
2022-01-17,BHARTIARTL.NS,Telecom,870.54,4238058
2022-01-18,BHARTIARTL.NS,Telecom,856.6,5388982
2022-01-19,BHARTIARTL.NS,Telecom,815.59,3544867
2022-01-20,BHARTIARTL.NS,Telecom,828.85,2393438
2022-01-21,BHARTIARTL.NS,Telecom,835.29,5120745
2022-01-24,BHARTIARTL.NS,Telecom,812.47,4632951
2022-01-25,BHARTIARTL.NS,Telecom,798.95,4420996
2022-01-27,BHARTIARTL.NS,Telecom,810.89,5586504
2022-01-28,BHARTIARTL.NS,Telecom,817.91,5749684
2022-01-31,BHARTIARTL.NS,Telecom,789.74,4962419
2022-02-01,BHARTIARTL.NS,Telecom,785.77,2650245
2022-02-02,BHARTIARTL.NS,Telecom,781.34,2351423
2022-02-03,BHARTIARTL.NS,Telecom,786.79,4513938
2022-02-04,BHARTIARTL.NS,Telecom,782.25,4085109
2022-02-07,BHARTIARTL.NS,Telecom,765.73,4193805
2022-02-08,BHARTIARTL.NS,Telecom,755.32,7216046
2022-02-09,BHARTIARTL.NS,Telecom,746.4,5504940
2022-02-10,BHARTIARTL.NS,Telecom,753.43,3743458
2022-02-11,BHARTIARTL.NS,Telecom,746.56,3085870
2022-02-14,BHARTIARTL.NS,Telecom,745.63,5003861
2022-02-15,BHARTIARTL.NS,Telecom,742.46,4694270
2022-02-16,BHARTIARTL.NS,Telecom,737.73,3703121
2022-02-17,BHARTIARTL.NS,Telecom,751.8,1532556
2022-02-18,BHARTIARTL.NS,Telecom,759.71,2854877
2022-02-21,BHARTIARTL.NS,Telecom,770.85,5371235
2022-02-22,BHARTIARTL.NS,Telecom,765.13,2540104
2022-02-23,BHARTIARTL.NS,Telecom,764.25,4889898
2022-02-24,BHARTIARTL.NS,Telecom,767.54,4663547
2022-02-25,BHARTIARTL.NS,Telecom,752.76,2822503
2022-02-28,BHARTIARTL.NS,Telecom,741.64,5470954
2022-03-01,BHARTIARTL.NS,Telecom,723.06,3883205
2022-03-02,BHARTIARTL.NS,Telecom,711.23,3790629
2022-03-03,BHARTIARTL.NS,Telecom,718.77,2670153
2022-03-04,BHARTIARTL.NS,Telecom,717.83,6288048
2022-03-07,BHARTIARTL.NS,Telecom,711.58,2630670
2022-03-09,BHARTIARTL.NS,Telecom,711.78,2620217
2022-03-10,BHARTIARTL.NS,Telecom,700.74,4195530
2022-03-11,BHARTIARTL.NS,Telecom,725.54,2833092
2022-03-14,BHARTIARTL.NS,Telecom,722.76,8234103
2022-03-15,BHARTIARTL.NS,Telecom,720.48,2825482
2022-03-16,BHARTIARTL.NS,Telecom,715.0,5270373
2022-03-17,BHARTIARTL.NS,Telecom,704.07,7095925
2022-03-18,BHARTIARTL.NS,Telecom,703.25,5129328
2022-03-21,BHARTIARTL.NS,Telecom,715.7,3065330
2022-03-22,BHARTIARTL.NS,Telecom,718.55,4502671
2022-03-23,BHARTIARTL.NS,Telecom,725.3,6416292
2022-03-24,BHARTIARTL.NS,Telecom,710.12,2362671
2022-03-25,BHARTIARTL.NS,Telecom,704.35,5862903
2022-03-28,BHARTIARTL.NS,Telecom,700.1,4741593
2022-03-29,BHARTIARTL.NS,Telecom,689.67,7736828
2022-03-30,BHARTIARTL.NS,Telecom,694.29,4638626
2022-03-31,BHARTIARTL.NS,Telecom,693.36,4211230
2022-04-01,BHARTIARTL.NS,Telecom,700.49,5072403
2022-04-04,BHARTIARTL.NS,Telecom,698.36,2587023
2022-04-05,BHARTIARTL.NS,Telecom,700.27,3001199
2022-04-06,BHARTIARTL.NS,Telecom,677.13,4090891
2022-04-07,BHARTIARTL.NS,Telecom,666.22,3324098
2022-04-08,BHARTIARTL.NS,Telecom,669.54,3223458
2022-04-11,BHARTIARTL.NS,Telecom,658.1,8147881
2022-04-12,BHARTIARTL.NS,Telecom,647.13,7481091
2022-04-13,BHARTIARTL.NS,Telecom,644.35,1640453
2022-04-15,BHARTIARTL.NS,Telecom,646.43,4049203
2022-04-18,BHARTIARTL.NS,Telecom,653.67,2631025
2022-04-19,BHARTIARTL.NS,Telecom,657.43,5972747
2022-04-20,BHARTIARTL.NS,Telecom,656.27,4316243
2022-04-21,BHARTIARTL.NS,Telecom,645.03,6667753
2022-04-22,BHARTIARTL.NS,Telecom,667.44,2953539
2022-04-25,BHARTIARTL.NS,Telecom,664.47,2863269
2022-04-26,BHARTIARTL.NS,Telecom,671.44,3698186
2022-04-27,BHARTIARTL.NS,Telecom,651.34,3239659
2022-04-28,BHARTIARTL.NS,Telecom,649.22,3865728
2022-04-29,BHARTIARTL.NS,Telecom,647.84,6049204
2022-05-02,BHARTIARTL.NS,Telecom,637.42,4702348
2022-05-03,BHARTIARTL.NS,Telecom,643.75,3599227
2022-05-04,BHARTIARTL.NS,Telecom,633.14,4068854
2022-05-05,BHARTIARTL.NS,Telecom,630.06,2294700
2022-05-06,BHARTIARTL.NS,Telecom,633.64,2015704
2022-05-09,BHARTIARTL.NS,Telecom,639.3,6100500
2022-05-10,BHARTIARTL.NS,Telecom,636.49,3058781
2022-05-11,BHARTIARTL.NS,Telecom,646.03,6595222
2022-05-12,BHARTIARTL.NS,Telecom,640.79,3586653
2022-05-13,BHARTIARTL.NS,Telecom,638.7,4184945
2022-05-16,BHARTIARTL.NS,Telecom,647.86,5339817
2022-05-17,BHARTIARTL.NS,Telecom,674.37,5563031
2022-05-18,BHARTIARTL.NS,Telecom,676.18,3335071
2022-05-19,BHARTIARTL.NS,Telecom,659.37,4093377
2022-05-20,BHARTIARTL.NS,Telecom,654.7,3967445
2022-05-23,BHARTIARTL.NS,Telecom,661.71,4558147
2022-05-24,BHARTIARTL.NS,Telecom,661.73,4272066
2022-05-25,BHARTIARTL.NS,Telecom,668.7,3092393
2022-05-26,BHARTIARTL.NS,Telecom,666.0,4207231
2022-05-27,BHARTIARTL.NS,Telecom,656.66,2392470
2022-05-30,BHARTIARTL.NS,Telecom,673.12,3997064
2022-05-31,BHARTIARTL.NS,Telecom,676.26,4161729
2022-06-01,BHARTIARTL.NS,Telecom,675.97,2832908
2022-06-02,BHARTIARTL.NS,Telecom,680.31,3617578
2022-06-03,BHARTIARTL.NS,Telecom,665.9,3336033
2022-06-06,BHARTIARTL.NS,Telecom,654.58,3358234
2022-06-07,BHARTIARTL.NS,Telecom,646.02,5205228
2022-06-08,BHARTIARTL.NS,Telecom,662.15,4694126
2022-06-09,BHARTIARTL.NS,Telecom,673.7,5589821
2022-06-10,BHARTIARTL.NS,Telecom,661.6,8263821
2022-06-13,BHARTIARTL.NS,Telecom,674.64,5862454
2022-06-14,BHARTIARTL.NS,Telecom,679.3,2332247
2022-06-15,BHARTIARTL.NS,Telecom,668.07,3174184
2022-06-16,BHARTIARTL.NS,Telecom,671.87,6386703
2022-06-17,BHARTIARTL.NS,Telecom,666.49,3477368
2022-06-20,BHARTIARTL.NS,Telecom,675.42,3397413
2022-06-21,BHARTIARTL.NS,Telecom,681.54,4488123
2022-06-22,BHARTIARTL.NS,Telecom,677.49,3614145
2022-06-23,BHARTIARTL.NS,Telecom,659.18,7262858
2022-06-24,BHARTIARTL.NS,Telecom,660.4,3773547
2022-06-27,BHARTIARTL.NS,Telecom,661.12,9287076
2022-06-28,BHARTIARTL.NS,Telecom,672.87,3282083
2022-06-29,BHARTIARTL.NS,Telecom,672.01,3172403
2022-06-30,BHARTIARTL.NS,Telecom,678.89,2980674
2022-07-01,BHARTIARTL.NS,Telecom,675.85,3031463
2022-07-04,BHARTIARTL.NS,Telecom,664.23,5143322
2022-07-05,BHARTIARTL.NS,Telecom,652.97,2494564
2022-07-06,BHARTIARTL.NS,Telecom,650.63,2809389
2022-07-07,BHARTIARTL.NS,Telecom,642.11,4789176
2022-07-08,BHARTIARTL.NS,Telecom,639.54,1868267
2022-07-11,BHARTIARTL.NS,Telecom,648.5,2384731
2022-07-12,BHARTIARTL.NS,Telecom,650.63,3920809
2022-07-13,BHARTIARTL.NS,Telecom,627.4,4605789
2022-07-14,BHARTIARTL.NS,Telecom,643.81,3549519
2022-07-15,BHARTIARTL.NS,Telecom,650.75,4650424
2022-07-18,BHARTIARTL.NS,Telecom,653.95,2954340
2022-07-19,BHARTIARTL.NS,Telecom,650.53,6782545
2022-07-20,BHARTIARTL.NS,Telecom,651.81,5492224
2022-07-21,BHARTIARTL.NS,Telecom,660.9,3002654
2022-07-22,BHARTIARTL.NS,Telecom,651.99,3737933
2022-07-25,BHARTIARTL.NS,Telecom,655.75,2007642
2022-07-26,BHARTIARTL.NS,Telecom,666.17,5528215
2022-07-27,BHARTIARTL.NS,Telecom,661.79,2551573
2022-07-28,BHARTIARTL.NS,Telecom,671.07,3306760
2022-07-29,BHARTIARTL.NS,Telecom,655.68,3603612
2022-08-01,BHARTIARTL.NS,Telecom,672.44,2466338
2022-08-02,BHARTIARTL.NS,Telecom,673.09,2983075
2022-08-03,BHARTIARTL.NS,Telecom,665.51,4548673
2022-08-04,BHARTIARTL.NS,Telecom,677.92,3354103
2022-08-05,BHARTIARTL.NS,Telecom,665.9,5417323
2022-08-08,BHARTIARTL.NS,Telecom,679.6,5176208
2022-08-09,BHARTIARTL.NS,Telecom,705.83,2966518
2022-08-10,BHARTIARTL.NS,Telecom,695.64,3406595
2022-08-11,BHARTIARTL.NS,Telecom,697.27,3407188
2022-08-12,BHARTIARTL.NS,Telecom,702.88,3466375
2022-08-16,BHARTIARTL.NS,Telecom,687.69,6690343
2022-08-17,BHARTIARTL.NS,Telecom,705.77,4269789
2022-08-18,BHARTIARTL.NS,Telecom,705.99,2233896
2022-08-19,BHARTIARTL.NS,Telecom,712.65,3174972
2022-08-22,BHARTIARTL.NS,Telecom,730.48,3396474
2022-08-23,BHARTIARTL.NS,Telecom,742.89,4630756
2022-08-24,BHARTIARTL.NS,Telecom,741.14,7502586
2022-08-25,BHARTIARTL.NS,Telecom,729.16,5259554
2022-08-26,BHARTIARTL.NS,Telecom,725.66,3852654
2022-08-29,BHARTIARTL.NS,Telecom,721.07,2964556
2022-08-30,BHARTIARTL.NS,Telecom,712.29,6565581
2022-08-31,BHARTIARTL.NS,Telecom,717.83,3598891
2022-09-01,BHARTIARTL.NS,Telecom,711.25,2428597
2022-09-02,BHARTIARTL.NS,Telecom,714.11,4525234
2022-09-05,BHARTIARTL.NS,Telecom,720.48,2590848
2022-09-06,BHARTIARTL.NS,Telecom,712.93,5029803
2022-09-07,BHARTIARTL.NS,Telecom,716.01,3478518
2022-09-08,BHARTIARTL.NS,Telecom,709.79,3587614
2022-09-09,BHARTIARTL.NS,Telecom,703.81,1527365
2022-09-12,BHARTIARTL.NS,Telecom,707.36,5821890
2022-09-13,BHARTIARTL.NS,Telecom,716.32,2642698
2022-09-14,BHARTIARTL.NS,Telecom,714.77,3100851
2022-09-15,BHARTIARTL.NS,Telecom,700.79,4268670
2022-09-16,BHARTIARTL.NS,Telecom,691.48,3794047
2022-09-19,BHARTIARTL.NS,Telecom,710.23,8918937
2022-09-20,BHARTIARTL.NS,Telecom,709.27,2183149
2022-09-21,BHARTIARTL.NS,Telecom,716.99,3491782
2022-09-22,BHARTIARTL.NS,Telecom,735.98,5257484
2022-09-23,BHARTIARTL.NS,Telecom,743.79,3419271
2022-09-26,BHARTIARTL.NS,Telecom,750.28,3988138
2022-09-27,BHARTIARTL.NS,Telecom,755.41,9866573
2022-09-28,BHARTIARTL.NS,Telecom,757.63,4085870
2022-09-29,BHARTIARTL.NS,Telecom,744.44,6519029
2022-09-30,BHARTIARTL.NS,Telecom,750.68,5012188
2022-10-03,BHARTIARTL.NS,Telecom,736.76,5168643
2022-10-04,BHARTIARTL.NS,Telecom,733.89,3724916
2022-10-05,BHARTIARTL.NS,Telecom,728.25,2257715
2022-10-06,BHARTIARTL.NS,Telecom,730.39,5842560
2022-10-07,BHARTIARTL.NS,Telecom,734.17,4851865
2022-10-10,BHARTIARTL.NS,Telecom,731.77,4816121
2022-10-11,BHARTIARTL.NS,Telecom,734.62,3788587
2022-10-12,BHARTIARTL.NS,Telecom,747.36,3182417
2022-10-13,BHARTIARTL.NS,Telecom,743.21,6343306
2022-10-14,BHARTIARTL.NS,Telecom,737.22,4476496
2022-10-17,BHARTIARTL.NS,Telecom,747.45,2105218
2022-10-18,BHARTIARTL.NS,Telecom,744.65,3918729
2022-10-19,BHARTIARTL.NS,Telecom,752.13,3589810
2022-10-20,BHARTIARTL.NS,Telecom,765.93,1592420
2022-10-21,BHARTIARTL.NS,Telecom,777.59,3073052
2022-10-25,BHARTIARTL.NS,Telecom,780.08,9905823
2022-10-26,BHARTIARTL.NS,Telecom,785.59,1748028
2022-10-27,BHARTIARTL.NS,Telecom,784.65,2665854
2022-10-28,BHARTIARTL.NS,Telecom,783.9,1703864
2022-10-31,BHARTIARTL.NS,Telecom,786.74,2294381
2022-11-01,BHARTIARTL.NS,Telecom,762.34,2098164
2022-11-02,BHARTIARTL.NS,Telecom,771.52,2637742
2022-11-03,BHARTIARTL.NS,Telecom,756.56,7279627
2022-11-04,BHARTIARTL.NS,Telecom,748.16,5482565
2022-11-07,BHARTIARTL.NS,Telecom,752.48,3646677
2022-11-08,BHARTIARTL.NS,Telecom,751.92,7173048
2022-11-09,BHARTIARTL.NS,Telecom,745.72,3379969
2022-11-10,BHARTIARTL.NS,Telecom,741.21,2857966
2022-11-11,BHARTIARTL.NS,Telecom,729.35,3431276
2022-11-14,BHARTIARTL.NS,Telecom,724.74,2293892
2022-11-15,BHARTIARTL.NS,Telecom,728.02,2063393
2022-11-16,BHARTIARTL.NS,Telecom,732.87,5029964
2022-11-17,BHARTIARTL.NS,Telecom,717.89,4484242
2022-11-18,BHARTIARTL.NS,Telecom,705.06,2544537
2022-11-21,BHARTIARTL.NS,Telecom,691.46,4702302
2022-11-22,BHARTIARTL.NS,Telecom,687.83,4768555
2022-11-23,BHARTIARTL.NS,Telecom,693.52,3231521
2022-11-24,BHARTIARTL.NS,Telecom,685.07,2860433
2022-11-25,BHARTIARTL.NS,Telecom,693.86,5267493
2022-11-28,BHARTIARTL.NS,Telecom,676.96,4670242
2022-11-29,BHARTIARTL.NS,Telecom,671.88,7341111
2022-11-30,BHARTIARTL.NS,Telecom,675.34,4651052
2022-12-01,BHARTIARTL.NS,Telecom,685.48,2146892
2022-12-02,BHARTIARTL.NS,Telecom,676.95,2335426
2022-12-05,BHARTIARTL.NS,Telecom,680.13,3699858
2022-12-06,BHARTIARTL.NS,Telecom,689.18,5299585
2022-12-07,BHARTIARTL.NS,Telecom,689.33,4467384
2022-12-08,BHARTIARTL.NS,Telecom,696.23,3217510
2022-12-09,BHARTIARTL.NS,Telecom,694.42,2215661
2022-12-12,BHARTIARTL.NS,Telecom,708.68,6676457
2022-12-13,BHARTIARTL.NS,Telecom,708.92,6565674
2022-12-14,BHARTIARTL.NS,Telecom,705.79,2439871
2022-12-15,BHARTIARTL.NS,Telecom,710.58,5038218
2022-12-16,BHARTIARTL.NS,Telecom,717.15,4365906
2022-12-19,BHARTIARTL.NS,Telecom,735.27,5073120
2022-12-20,BHARTIARTL.NS,Telecom,730.14,6792174
2022-12-21,BHARTIARTL.NS,Telecom,716.66,6575331
2022-12-22,BHARTIARTL.NS,Telecom,709.56,4766986
2022-12-23,BHARTIARTL.NS,Telecom,723.67,3666255
2022-12-26,BHARTIARTL.NS,Telecom,718.92,3595519
2022-12-27,BHARTIARTL.NS,Telecom,715.61,3698482
2022-12-28,BHARTIARTL.NS,Telecom,714.85,10380889
2022-12-29,BHARTIARTL.NS,Telecom,725.2,4056467
2022-12-30,BHARTIARTL.NS,Telecom,724.25,5245672
2023-01-02,BHARTIARTL.NS,Telecom,731.61,4618650
2023-01-03,BHARTIARTL.NS,Telecom,730.75,2824192
2023-01-04,BHARTIARTL.NS,Telecom,760.86,4719512
2023-01-05,BHARTIARTL.NS,Telecom,754.77,3166699
2023-01-06,BHARTIARTL.NS,Telecom,757.55,2866838
2023-01-09,BHARTIARTL.NS,Telecom,780.12,4915864
2023-01-10,BHARTIARTL.NS,Telecom,796.08,2564786
2023-01-11,BHARTIARTL.NS,Telecom,793.87,5428299
2023-01-12,BHARTIARTL.NS,Telecom,795.34,4874705
2023-01-13,BHARTIARTL.NS,Telecom,788.38,6216528
2023-01-16,BHARTIARTL.NS,Telecom,803.98,4723170
2023-01-17,BHARTIARTL.NS,Telecom,801.98,2857736
2023-01-18,BHARTIARTL.NS,Telecom,804.34,5897099
2023-01-19,BHARTIARTL.NS,Telecom,795.32,6004604
2023-01-20,BHARTIARTL.NS,Telecom,794.82,5458649
2023-01-23,BHARTIARTL.NS,Telecom,792.48,5160704
2023-01-24,BHARTIARTL.NS,Telecom,801.96,2380286
2023-01-25,BHARTIARTL.NS,Telecom,798.41,5387493
2023-01-27,BHARTIARTL.NS,Telecom,810.54,2578703
2023-01-30,BHARTIARTL.NS,Telecom,783.89,3212085
2023-01-31,BHARTIARTL.NS,Telecom,797.27,2984418
2023-02-01,BHARTIARTL.NS,Telecom,788.05,2305911
2023-02-02,BHARTIARTL.NS,Telecom,797.47,4248502
2023-02-03,BHARTIARTL.NS,Telecom,775.38,3949585
2023-02-06,BHARTIARTL.NS,Telecom,782.14,6355805
2023-02-07,BHARTIARTL.NS,Telecom,789.63,6088174
2023-02-08,BHARTIARTL.NS,Telecom,782.35,4247801
2023-02-09,BHARTIARTL.NS,Telecom,784.22,5261044
2023-02-10,BHARTIARTL.NS,Telecom,798.0,3849767
2023-02-13,BHARTIARTL.NS,Telecom,803.93,3841368
2023-02-14,BHARTIARTL.NS,Telecom,791.26,4172217
2023-02-15,BHARTIARTL.NS,Telecom,795.8,3787603
2023-02-16,BHARTIARTL.NS,Telecom,814.45,4300415
2023-02-17,BHARTIARTL.NS,Telecom,830.8,5036410
2023-02-20,BHARTIARTL.NS,Telecom,818.61,2605448
2023-02-21,BHARTIARTL.NS,Telecom,797.57,3461325
2023-02-22,BHARTIARTL.NS,Telecom,789.12,5238555
2023-02-23,BHARTIARTL.NS,Telecom,796.08,3288713
2023-02-24,BHARTIARTL.NS,Telecom,787.68,3313037
2023-02-27,BHARTIARTL.NS,Telecom,785.69,5696764
2023-02-28,BHARTIARTL.NS,Telecom,792.77,3081777
2023-03-01,BHARTIARTL.NS,Telecom,791.4,4646885
2023-03-02,BHARTIARTL.NS,Telecom,779.21,4207733
2023-03-03,BHARTIARTL.NS,Telecom,782.81,5447432
2023-03-06,BHARTIARTL.NS,Telecom,780.24,3901473
2023-03-07,BHARTIARTL.NS,Telecom,779.63,3027737
2023-03-09,BHARTIARTL.NS,Telecom,780.11,3177901
2023-03-10,BHARTIARTL.NS,Telecom,793.25,7128089
2023-03-13,BHARTIARTL.NS,Telecom,787.32,3312554
2023-03-14,BHARTIARTL.NS,Telecom,781.85,3237640
2023-03-15,BHARTIARTL.NS,Telecom,773.3,3397045
2023-03-16,BHARTIARTL.NS,Telecom,783.85,3631971
2023-03-17,BHARTIARTL.NS,Telecom,808.81,3461322
2023-03-20,BHARTIARTL.NS,Telecom,815.4,4865236
2023-03-21,BHARTIARTL.NS,Telecom,809.03,4137356
2023-03-22,BHARTIARTL.NS,Telecom,808.83,3247593
2023-03-23,BHARTIARTL.NS,Telecom,805.75,5141679
2023-03-24,BHARTIARTL.NS,Telecom,822.53,4406490
2023-03-27,BHARTIARTL.NS,Telecom,830.07,6352928
2023-03-28,BHARTIARTL.NS,Telecom,822.4,4460332
2023-03-29,BHARTIARTL.NS,Telecom,823.47,3817680
2023-03-30,BHARTIARTL.NS,Telecom,818.69,3718273
2023-03-31,BHARTIARTL.NS,Telecom,812.25,4200874
2023-04-03,BHARTIARTL.NS,Telecom,820.28,4540062
2023-04-04,BHARTIARTL.NS,Telecom,821.39,3989919
2023-04-05,BHARTIARTL.NS,Telecom,842.33,3422026
2023-04-06,BHARTIARTL.NS,Telecom,847.27,4971978
2023-04-07,BHARTIARTL.NS,Telecom,857.47,4646257
2023-04-10,BHARTIARTL.NS,Telecom,843.78,4018926
2023-04-11,BHARTIARTL.NS,Telecom,832.57,5045194
2023-04-12,BHARTIARTL.NS,Telecom,831.44,3887482
2023-04-13,BHARTIARTL.NS,Telecom,839.34,4009819
2023-04-17,BHARTIARTL.NS,Telecom,829.76,4980482
2023-04-18,BHARTIARTL.NS,Telecom,837.39,5284647
2023-04-19,BHARTIARTL.NS,Telecom,841.3,5018631
2023-04-20,BHARTIARTL.NS,Telecom,843.52,3055336
2023-04-21,BHARTIARTL.NS,Telecom,839.58,4554150
2023-04-24,BHARTIARTL.NS,Telecom,836.26,4054055
2023-04-25,BHARTIARTL.NS,Telecom,807.63,4579702
2023-04-26,BHARTIARTL.NS,Telecom,810.1,7559003
2023-04-27,BHARTIARTL.NS,Telecom,819.13,3709184
2023-04-28,BHARTIARTL.NS,Telecom,821.37,4023684
2023-05-02,BHARTIARTL.NS,Telecom,802.77,3279011
2023-05-03,BHARTIARTL.NS,Telecom,804.11,3733605
2023-05-04,BHARTIARTL.NS,Telecom,802.73,3149997
2023-05-05,BHARTIARTL.NS,Telecom,805.34,2742693
2023-05-08,BHARTIARTL.NS,Telecom,805.33,2013776
2023-05-09,BHARTIARTL.NS,Telecom,796.95,3130263
2023-05-10,BHARTIARTL.NS,Telecom,793.02,3206645
2023-05-11,BHARTIARTL.NS,Telecom,794.23,3911433
2023-05-12,BHARTIARTL.NS,Telecom,800.42,3306032
2023-05-15,BHARTIARTL.NS,Telecom,789.74,5730847
2023-05-16,BHARTIARTL.NS,Telecom,796.74,4322581
2023-05-17,BHARTIARTL.NS,Telecom,782.72,5176891
2023-05-18,BHARTIARTL.NS,Telecom,794.44,5632502
2023-05-19,BHARTIARTL.NS,Telecom,794.6,6487836
2023-05-22,BHARTIARTL.NS,Telecom,788.98,5612751
2023-05-23,BHARTIARTL.NS,Telecom,810.6,2930452
2023-05-24,BHARTIARTL.NS,Telecom,801.2,5393612
2023-05-25,BHARTIARTL.NS,Telecom,804.87,4466535
2023-05-26,BHARTIARTL.NS,Telecom,785.98,6396598
2023-05-29,BHARTIARTL.NS,Telecom,794.37,4028992
2023-05-30,BHARTIARTL.NS,Telecom,793.55,5959994
2023-05-31,BHARTIARTL.NS,Telecom,798.01,4134840
2023-06-01,BHARTIARTL.NS,Telecom,794.52,4192939
2023-06-02,BHARTIARTL.NS,Telecom,806.95,5040970
2023-06-05,BHARTIARTL.NS,Telecom,818.82,3576513
2023-06-06,BHARTIARTL.NS,Telecom,838.99,4844880
2023-06-07,BHARTIARTL.NS,Telecom,846.48,2346695
2023-06-08,BHARTIARTL.NS,Telecom,843.03,4729088
2023-06-09,BHARTIARTL.NS,Telecom,841.3,2558337
2023-06-12,BHARTIARTL.NS,Telecom,839.81,4847709
2023-06-13,BHARTIARTL.NS,Telecom,851.15,1339442
2023-06-14,BHARTIARTL.NS,Telecom,856.62,2115670
2023-06-15,BHARTIARTL.NS,Telecom,848.87,4067352
2023-06-16,BHARTIARTL.NS,Telecom,853.13,4092405
2023-06-19,BHARTIARTL.NS,Telecom,833.72,3654834
2023-06-20,BHARTIARTL.NS,Telecom,831.51,5141444
2023-06-21,BHARTIARTL.NS,Telecom,849.44,5533787
2023-06-22,BHARTIARTL.NS,Telecom,847.69,9682371
2023-06-23,BHARTIARTL.NS,Telecom,839.28,4054698
2023-06-26,BHARTIARTL.NS,Telecom,846.86,5734839
2023-06-27,BHARTIARTL.NS,Telecom,853.17,2987619
2023-06-28,BHARTIARTL.NS,Telecom,839.33,3297197
2023-06-29,BHARTIARTL.NS,Telecom,824.18,2995694
2023-06-30,BHARTIARTL.NS,Telecom,822.51,3841832
2023-07-03,BHARTIARTL.NS,Telecom,821.38,4317251
2023-07-04,BHARTIARTL.NS,Telecom,839.22,5749721
2023-07-05,BHARTIARTL.NS,Telecom,831.3,4506258
2023-07-06,BHARTIARTL.NS,Telecom,814.45,6374782
2023-07-07,BHARTIARTL.NS,Telecom,815.23,6411500
2023-07-10,BHARTIARTL.NS,Telecom,800.19,4049556
2023-07-11,BHARTIARTL.NS,Telecom,784.62,3849744
2023-07-12,BHARTIARTL.NS,Telecom,792.68,2341533
2023-07-13,BHARTIARTL.NS,Telecom,797.98,3301917
2023-07-14,BHARTIARTL.NS,Telecom,810.98,3008025
2023-07-17,BHARTIARTL.NS,Telecom,820.6,3054288
2023-07-18,BHARTIARTL.NS,Telecom,806.74,3442388
2023-07-19,BHARTIARTL.NS,Telecom,801.39,4800137
2023-07-20,BHARTIARTL.NS,Telecom,810.83,4419333
2023-07-21,BHARTIARTL.NS,Telecom,814.92,5643029
2023-07-24,BHARTIARTL.NS,Telecom,850.5,4568324
2023-07-25,BHARTIARTL.NS,Telecom,858.28,3246219
2023-07-26,BHARTIARTL.NS,Telecom,867.86,5204057
2023-07-27,BHARTIARTL.NS,Telecom,863.05,2471194
2023-07-28,BHARTIARTL.NS,Telecom,852.48,5620916
2023-07-31,BHARTIARTL.NS,Telecom,868.02,3054072
2023-08-01,BHARTIARTL.NS,Telecom,868.06,1787772
2023-08-02,BHARTIARTL.NS,Telecom,867.93,4831097
2023-08-03,BHARTIARTL.NS,Telecom,867.76,3583467
2023-08-04,BHARTIARTL.NS,Telecom,856.31,6023308
2023-08-07,BHARTIARTL.NS,Telecom,844.79,5592674
2023-08-08,BHARTIARTL.NS,Telecom,860.33,2827298
2023-08-09,BHARTIARTL.NS,Telecom,857.33,6804303
2023-08-10,BHARTIARTL.NS,Telecom,846.56,2064655
2023-08-11,BHARTIARTL.NS,Telecom,845.17,4698265
2023-08-14,BHARTIARTL.NS,Telecom,840.96,6573834
2023-08-16,BHARTIARTL.NS,Telecom,844.19,2798310
2023-08-17,BHARTIARTL.NS,Telecom,859.13,8361823
2023-08-18,BHARTIARTL.NS,Telecom,859.0,4225883
2023-08-21,BHARTIARTL.NS,Telecom,849.22,4549171
2023-08-22,BHARTIARTL.NS,Telecom,840.83,6022879
2023-08-23,BHARTIARTL.NS,Telecom,853.42,4622016
2023-08-24,BHARTIARTL.NS,Telecom,856.27,2511251
2023-08-25,BHARTIARTL.NS,Telecom,849.09,1295252
2023-08-28,BHARTIARTL.NS,Telecom,836.41,2837433
2023-08-29,BHARTIARTL.NS,Telecom,832.09,2926847
2023-08-30,BHARTIARTL.NS,Telecom,840.72,2864946
2023-08-31,BHARTIARTL.NS,Telecom,834.98,3199810
2023-09-01,BHARTIARTL.NS,Telecom,830.76,1473749
2023-09-04,BHARTIARTL.NS,Telecom,837.11,2631050
2023-09-05,BHARTIARTL.NS,Telecom,841.27,4834104
2023-09-06,BHARTIARTL.NS,Telecom,856.29,5750205
2023-09-07,BHARTIARTL.NS,Telecom,856.7,3093962
2023-09-08,BHARTIARTL.NS,Telecom,861.07,5084705
2023-09-11,BHARTIARTL.NS,Telecom,850.28,1613162
2023-09-12,BHARTIARTL.NS,Telecom,840.17,4388690
2023-09-13,BHARTIARTL.NS,Telecom,843.11,6044404
2023-09-14,BHARTIARTL.NS,Telecom,832.54,4782536
2023-09-15,BHARTIARTL.NS,Telecom,838.6,3955903
2023-09-18,BHARTIARTL.NS,Telecom,816.91,1635340
2023-09-19,BHARTIARTL.NS,Telecom,805.46,7738012
2023-09-20,BHARTIARTL.NS,Telecom,788.02,7876030
2023-09-21,BHARTIARTL.NS,Telecom,801.33,5102876
2023-09-22,BHARTIARTL.NS,Telecom,799.04,6363932
2023-09-25,BHARTIARTL.NS,Telecom,814.12,3995686
2023-09-26,BHARTIARTL.NS,Telecom,805.14,5211960
2023-09-27,BHARTIARTL.NS,Telecom,811.87,5355971
2023-09-28,BHARTIARTL.NS,Telecom,807.61,3905130
2023-09-29,BHARTIARTL.NS,Telecom,827.82,2989510
2023-10-03,BHARTIARTL.NS,Telecom,808.43,5423580
2023-10-04,BHARTIARTL.NS,Telecom,812.55,7706266
2023-10-05,BHARTIARTL.NS,Telecom,816.85,6166729
2023-10-06,BHARTIARTL.NS,Telecom,808.3,4498703
2023-10-09,BHARTIARTL.NS,Telecom,812.45,4379023
2023-10-10,BHARTIARTL.NS,Telecom,801.75,4468015
2023-10-11,BHARTIARTL.NS,Telecom,798.82,1794528
2023-10-12,BHARTIARTL.NS,Telecom,785.3,3846807
2023-10-13,BHARTIARTL.NS,Telecom,785.0,3702157
2023-10-16,BHARTIARTL.NS,Telecom,777.42,2616726
2023-10-17,BHARTIARTL.NS,Telecom,764.7,5774748
2023-10-18,BHARTIARTL.NS,Telecom,764.51,4406768
2023-10-19,BHARTIARTL.NS,Telecom,767.77,1597650
2023-10-20,BHARTIARTL.NS,Telecom,762.16,4334851
2023-10-23,BHARTIARTL.NS,Telecom,760.24,6241615
2023-10-24,BHARTIARTL.NS,Telecom,765.89,3241263
2023-10-25,BHARTIARTL.NS,Telecom,779.07,2789384
2023-10-26,BHARTIARTL.NS,Telecom,780.43,2542893
2023-10-27,BHARTIARTL.NS,Telecom,799.32,4134727
2023-10-30,BHARTIARTL.NS,Telecom,812.75,3096745
2023-10-31,BHARTIARTL.NS,Telecom,796.77,2386434
2023-11-01,BHARTIARTL.NS,Telecom,803.73,7039423
2023-11-02,BHARTIARTL.NS,Telecom,809.16,4288074
2023-11-03,BHARTIARTL.NS,Telecom,828.16,3323574
2023-11-06,BHARTIARTL.NS,Telecom,843.51,7172840
2023-11-07,BHARTIARTL.NS,Telecom,832.46,4395127
2023-11-08,BHARTIARTL.NS,Telecom,839.65,3808796
2023-11-09,BHARTIARTL.NS,Telecom,842.66,4309361
2023-11-10,BHARTIARTL.NS,Telecom,838.56,3318354
2023-11-13,BHARTIARTL.NS,Telecom,843.54,3802383
2023-11-14,BHARTIARTL.NS,Telecom,838.24,4898448
2023-11-15,BHARTIARTL.NS,Telecom,843.63,7191869
2023-11-16,BHARTIARTL.NS,Telecom,836.01,3294628
2023-11-17,BHARTIARTL.NS,Telecom,838.05,4974175
2023-11-20,BHARTIARTL.NS,Telecom,858.52,2382792
2023-11-21,BHARTIARTL.NS,Telecom,880.04,4766169
2023-11-22,BHARTIARTL.NS,Telecom,885.95,7506609
2023-11-23,BHARTIARTL.NS,Telecom,867.97,4025843
2023-11-24,BHARTIARTL.NS,Telecom,882.91,3262170
2023-11-27,BHARTIARTL.NS,Telecom,896.17,3314950
2023-11-28,BHARTIARTL.NS,Telecom,906.26,4729768
2023-11-29,BHARTIARTL.NS,Telecom,899.69,4077755
2023-11-30,BHARTIARTL.NS,Telecom,909.63,3465610
2023-12-01,BHARTIARTL.NS,Telecom,915.4,5018828
2023-12-04,BHARTIARTL.NS,Telecom,939.28,2936613
2023-12-05,BHARTIARTL.NS,Telecom,945.87,5404636
2023-12-06,BHARTIARTL.NS,Telecom,937.34,3575969
2023-12-07,BHARTIARTL.NS,Telecom,937.08,5028410
2023-12-08,BHARTIARTL.NS,Telecom,930.56,5356988
2023-12-11,BHARTIARTL.NS,Telecom,922.68,2023088
2023-12-12,BHARTIARTL.NS,Telecom,927.0,3895014
2023-12-13,BHARTIARTL.NS,Telecom,934.16,2338096
2023-12-14,BHARTIARTL.NS,Telecom,944.65,2178533
2023-12-15,BHARTIARTL.NS,Telecom,943.91,3678075
2023-12-18,BHARTIARTL.NS,Telecom,930.24,4445906
2023-12-19,BHARTIARTL.NS,Telecom,931.61,2325170
2023-12-20,BHARTIARTL.NS,Telecom,959.97,4390548
2023-12-21,BHARTIARTL.NS,Telecom,968.83,2940166
2023-12-22,BHARTIARTL.NS,Telecom,973.19,4088816
2023-12-26,BHARTIARTL.NS,Telecom,981.36,9677499
2023-12-27,BHARTIARTL.NS,Telecom,976.8,3573038
2023-12-28,BHARTIARTL.NS,Telecom,995.39,2680639
2023-12-29,BHARTIARTL.NS,Telecom,982.14,3967833
2024-01-01,BHARTIARTL.NS,Telecom,983.19,3735738
2024-01-02,BHARTIARTL.NS,Telecom,963.9,3537925
2024-01-03,BHARTIARTL.NS,Telecom,944.03,4040968
2024-01-04,BHARTIARTL.NS,Telecom,927.06,3742662
2024-01-05,BHARTIARTL.NS,Telecom,953.68,2589096
2024-01-08,BHARTIARTL.NS,Telecom,954.58,5328254
2024-01-09,BHARTIARTL.NS,Telecom,933.66,6323157
2024-01-10,BHARTIARTL.NS,Telecom,965.72,3505192
2024-01-11,BHARTIARTL.NS,Telecom,959.12,4514186
2024-01-12,BHARTIARTL.NS,Telecom,963.36,1951394
2024-01-15,BHARTIARTL.NS,Telecom,947.08,3967236
2024-01-16,BHARTIARTL.NS,Telecom,958.95,7827897
2024-01-17,BHARTIARTL.NS,Telecom,960.9,5282969
2024-01-18,BHARTIARTL.NS,Telecom,948.28,4213959
2024-01-19,BHARTIARTL.NS,Telecom,930.57,3931421
2024-01-22,BHARTIARTL.NS,Telecom,929.78,3596114
2024-01-23,BHARTIARTL.NS,Telecom,927.72,4624677
2024-01-24,BHARTIARTL.NS,Telecom,913.16,5722715
2024-01-25,BHARTIARTL.NS,Telecom,920.46,3349854
2024-01-29,BHARTIARTL.NS,Telecom,936.05,5193368
2024-01-30,BHARTIARTL.NS,Telecom,930.98,3008670
2024-01-31,BHARTIARTL.NS,Telecom,903.87,3426332
2024-02-01,BHARTIARTL.NS,Telecom,904.13,2705956
2024-02-02,BHARTIARTL.NS,Telecom,912.62,4223171
2024-02-05,BHARTIARTL.NS,Telecom,899.91,4111164
2024-02-06,BHARTIARTL.NS,Telecom,898.11,4587220
2024-02-07,BHARTIARTL.NS,Telecom,865.8,4448135
2024-02-08,BHARTIARTL.NS,Telecom,867.11,5142781
2024-02-09,BHARTIARTL.NS,Telecom,858.27,8282958
2024-02-12,BHARTIARTL.NS,Telecom,865.96,5160445
2024-02-13,BHARTIARTL.NS,Telecom,875.02,2001428
2024-02-14,BHARTIARTL.NS,Telecom,871.86,3660916
2024-02-15,BHARTIARTL.NS,Telecom,888.81,3943842
2024-02-16,BHARTIARTL.NS,Telecom,882.49,2293024
2024-02-19,BHARTIARTL.NS,Telecom,862.43,5338850
2024-02-20,BHARTIARTL.NS,Telecom,872.8,7467006
2024-02-21,BHARTIARTL.NS,Telecom,891.66,2948149
2024-02-22,BHARTIARTL.NS,Telecom,896.63,6212695
2024-02-23,BHARTIARTL.NS,Telecom,899.02,5813241
2024-02-26,BHARTIARTL.NS,Telecom,889.49,4395024
2024-02-27,BHARTIARTL.NS,Telecom,873.83,5339926
2024-02-28,BHARTIARTL.NS,Telecom,877.56,3055408
2024-02-29,BHARTIARTL.NS,Telecom,855.83,5973277
2024-03-01,BHARTIARTL.NS,Telecom,854.7,6218940
2024-03-04,BHARTIARTL.NS,Telecom,879.51,4718408
2024-03-05,BHARTIARTL.NS,Telecom,872.64,4443335
2024-03-06,BHARTIARTL.NS,Telecom,868.34,3024734
2024-03-07,BHARTIARTL.NS,Telecom,872.76,5560629
2024-03-11,BHARTIARTL.NS,Telecom,870.65,4012820
2024-03-12,BHARTIARTL.NS,Telecom,870.88,3806568
2024-03-13,BHARTIARTL.NS,Telecom,889.16,5556383
2024-03-14,BHARTIARTL.NS,Telecom,891.26,3609048
2024-03-15,BHARTIARTL.NS,Telecom,907.91,3119185
2024-03-18,BHARTIARTL.NS,Telecom,943.29,5842766
2024-03-19,BHARTIARTL.NS,Telecom,934.79,2354270
2024-03-20,BHARTIARTL.NS,Telecom,934.95,5151311
2024-03-21,BHARTIARTL.NS,Telecom,928.88,2595042
2024-03-22,BHARTIARTL.NS,Telecom,913.89,2118785
2024-03-25,BHARTIARTL.NS,Telecom,911.27,5025219
2024-03-26,BHARTIARTL.NS,Telecom,934.1,4472913
2024-03-27,BHARTIARTL.NS,Telecom,935.8,3200345
2024-03-28,BHARTIARTL.NS,Telecom,968.65,2664426
2024-03-29,BHARTIARTL.NS,Telecom,962.12,4494845
2024-04-01,BHARTIARTL.NS,Telecom,980.01,3389403
2024-04-02,BHARTIARTL.NS,Telecom,1011.58,5266359
2024-04-03,BHARTIARTL.NS,Telecom,1014.3,3263848
2024-04-04,BHARTIARTL.NS,Telecom,1026.47,3440686
2024-04-05,BHARTIARTL.NS,Telecom,1043.82,5886154
2024-04-08,BHARTIARTL.NS,Telecom,1035.03,2786541
2024-04-09,BHARTIARTL.NS,Telecom,1060.81,2398941
2024-04-10,BHARTIARTL.NS,Telecom,1046.76,2878600
2024-04-11,BHARTIARTL.NS,Telecom,1036.24,4345507
2024-04-12,BHARTIARTL.NS,Telecom,1026.34,7794725
2024-04-15,BHARTIARTL.NS,Telecom,1042.57,4211284
2024-04-16,BHARTIARTL.NS,Telecom,1043.81,2942785
2024-04-17,BHARTIARTL.NS,Telecom,1022.39,2987264
2024-04-18,BHARTIARTL.NS,Telecom,1011.74,4609599
2024-04-19,BHARTIARTL.NS,Telecom,998.32,2176827
2024-04-22,BHARTIARTL.NS,Telecom,1008.87,2066622
2024-04-23,BHARTIARTL.NS,Telecom,1004.25,4276728
2024-04-24,BHARTIARTL.NS,Telecom,990.25,5441958
2024-04-25,BHARTIARTL.NS,Telecom,989.87,5490107
2024-04-26,BHARTIARTL.NS,Telecom,986.58,4507212
2024-04-29,BHARTIARTL.NS,Telecom,976.22,6070416
2024-04-30,BHARTIARTL.NS,Telecom,970.0,3737421
2024-05-02,BHARTIARTL.NS,Telecom,964.44,3497188
2024-05-03,BHARTIARTL.NS,Telecom,973.05,3921470
2024-05-06,BHARTIARTL.NS,Telecom,981.67,4427612
2024-05-07,BHARTIARTL.NS,Telecom,964.09,15584615
2024-05-08,BHARTIARTL.NS,Telecom,976.59,3726949
2024-05-09,BHARTIARTL.NS,Telecom,961.39,4251171
2024-05-10,BHARTIARTL.NS,Telecom,963.43,7334363
2024-05-13,BHARTIARTL.NS,Telecom,964.29,4847755
2024-05-14,BHARTIARTL.NS,Telecom,963.74,2218002
2024-05-15,BHARTIARTL.NS,Telecom,975.55,7287470
2024-05-16,BHARTIARTL.NS,Telecom,998.38,4472435
2024-05-17,BHARTIARTL.NS,Telecom,977.46,1478760
2024-05-20,BHARTIARTL.NS,Telecom,993.29,3462718
2024-05-21,BHARTIARTL.NS,Telecom,979.57,3102944
2024-05-22,BHARTIARTL.NS,Telecom,994.91,3381749
2024-05-23,BHARTIARTL.NS,Telecom,998.27,3943882
2024-05-24,BHARTIARTL.NS,Telecom,994.6,5141779
2024-05-27,BHARTIARTL.NS,Telecom,988.56,6221474
2024-05-28,BHARTIARTL.NS,Telecom,987.54,6301361
2024-05-29,BHARTIARTL.NS,Telecom,1009.12,6996891
2024-05-30,BHARTIARTL.NS,Telecom,1017.91,3722725
2024-05-31,BHARTIARTL.NS,Telecom,1026.89,1921642
2024-06-03,BHARTIARTL.NS,Telecom,1014.85,1662763
2024-06-04,BHARTIARTL.NS,Telecom,1009.01,5235280
2024-06-05,BHARTIARTL.NS,Telecom,1012.76,3909767
2024-06-06,BHARTIARTL.NS,Telecom,992.12,6743304
2024-06-07,BHARTIARTL.NS,Telecom,994.91,4696272
2024-06-10,BHARTIARTL.NS,Telecom,997.41,2160813
2024-06-11,BHARTIARTL.NS,Telecom,1023.13,3231515
2024-06-12,BHARTIARTL.NS,Telecom,1041.19,4638109
2024-06-13,BHARTIARTL.NS,Telecom,1036.45,2704120
2024-06-14,BHARTIARTL.NS,Telecom,1046.95,6761809
2024-06-17,BHARTIARTL.NS,Telecom,1062.04,3422267
2024-06-18,BHARTIARTL.NS,Telecom,1048.5,3567404
2024-06-19,BHARTIARTL.NS,Telecom,1029.05,2277261
2024-06-20,BHARTIARTL.NS,Telecom,1028.93,8147573
2024-06-21,BHARTIARTL.NS,Telecom,1021.41,3728744
2024-06-24,BHARTIARTL.NS,Telecom,1019.32,4420223
2024-06-25,BHARTIARTL.NS,Telecom,1022.85,3046526
2024-06-26,BHARTIARTL.NS,Telecom,1033.79,3477629
2024-06-27,BHARTIARTL.NS,Telecom,1053.6,4446564
2024-06-28,BHARTIARTL.NS,Telecom,1048.49,4647267
2024-07-01,BHARTIARTL.NS,Telecom,1031.43,4884865
2024-07-02,BHARTIARTL.NS,Telecom,1013.46,5688073
2024-07-03,BHARTIARTL.NS,Telecom,1027.83,5089171
2024-07-04,BHARTIARTL.NS,Telecom,1050.4,4832644
2024-07-05,BHARTIARTL.NS,Telecom,1032.3,3171583
2024-07-08,BHARTIARTL.NS,Telecom,1019.69,3689553
2024-07-09,BHARTIARTL.NS,Telecom,1003.78,2598291
2024-07-10,BHARTIARTL.NS,Telecom,1020.08,3351997
2024-07-11,BHARTIARTL.NS,Telecom,1024.35,4636259
2024-07-12,BHARTIARTL.NS,Telecom,1028.39,4594573
2024-07-15,BHARTIARTL.NS,Telecom,1027.71,5035027
2024-07-16,BHARTIARTL.NS,Telecom,1014.16,6682052
2024-07-17,BHARTIARTL.NS,Telecom,1012.87,2521433
2024-07-18,BHARTIARTL.NS,Telecom,1031.6,2077292
2024-07-19,BHARTIARTL.NS,Telecom,1021.74,3641688
2024-07-22,BHARTIARTL.NS,Telecom,1029.09,6690057
2024-07-23,BHARTIARTL.NS,Telecom,1025.88,6613861
2024-07-24,BHARTIARTL.NS,Telecom,1010.91,4280175
2024-07-25,BHARTIARTL.NS,Telecom,1008.5,3613482
2024-07-26,BHARTIARTL.NS,Telecom,1000.47,4375559
2024-07-29,BHARTIARTL.NS,Telecom,986.56,5909812
2024-07-30,BHARTIARTL.NS,Telecom,993.12,3039668
2024-07-31,BHARTIARTL.NS,Telecom,990.85,3269545
2024-08-01,BHARTIARTL.NS,Telecom,991.71,4128608
2024-08-02,BHARTIARTL.NS,Telecom,992.43,5907814
2024-08-05,BHARTIARTL.NS,Telecom,985.79,5348680
2024-08-06,BHARTIARTL.NS,Telecom,982.41,2003569
2024-08-07,BHARTIARTL.NS,Telecom,973.49,5353111
2024-08-08,BHARTIARTL.NS,Telecom,951.93,3972728
2024-08-09,BHARTIARTL.NS,Telecom,948.16,4989222
2024-08-12,BHARTIARTL.NS,Telecom,938.98,3702571
2024-08-13,BHARTIARTL.NS,Telecom,944.93,4755289
2024-08-14,BHARTIARTL.NS,Telecom,934.04,4058382
2024-08-16,BHARTIARTL.NS,Telecom,900.19,3300263
2024-08-19,BHARTIARTL.NS,Telecom,892.07,3061742
2024-08-20,BHARTIARTL.NS,Telecom,910.29,3733984
2024-08-21,BHARTIARTL.NS,Telecom,914.56,2538083
2024-08-22,BHARTIARTL.NS,Telecom,897.08,3419675
2024-08-23,BHARTIARTL.NS,Telecom,885.35,3567731
2024-08-26,BHARTIARTL.NS,Telecom,878.27,5738854
2024-08-27,BHARTIARTL.NS,Telecom,870.01,5036250
2024-08-28,BHARTIARTL.NS,Telecom,865.01,8076642
2024-08-29,BHARTIARTL.NS,Telecom,848.04,2219515
2024-08-30,BHARTIARTL.NS,Telecom,841.96,3649778
2024-09-02,BHARTIARTL.NS,Telecom,846.78,6147136
2024-09-03,BHARTIARTL.NS,Telecom,848.32,4395372
2024-09-04,BHARTIARTL.NS,Telecom,832.97,3699426
2024-09-05,BHARTIARTL.NS,Telecom,847.84,2880975
2024-09-06,BHARTIARTL.NS,Telecom,868.58,5091074
2024-09-09,BHARTIARTL.NS,Telecom,864.69,4262072
2024-09-10,BHARTIARTL.NS,Telecom,869.15,3547252
2024-09-11,BHARTIARTL.NS,Telecom,874.56,5682899
2024-09-12,BHARTIARTL.NS,Telecom,888.02,8740178
2024-09-13,BHARTIARTL.NS,Telecom,890.34,2925696
2024-09-16,BHARTIARTL.NS,Telecom,882.91,4896965
2024-09-17,BHARTIARTL.NS,Telecom,874.64,4191173
2024-09-18,BHARTIARTL.NS,Telecom,876.29,5011914
2024-09-19,BHARTIARTL.NS,Telecom,901.02,6338702
2024-09-20,BHARTIARTL.NS,Telecom,908.48,6568241
2024-09-23,BHARTIARTL.NS,Telecom,891.57,3353615
2024-09-24,BHARTIARTL.NS,Telecom,905.39,2234469
2024-09-25,BHARTIARTL.NS,Telecom,901.51,3864079
2024-09-26,BHARTIARTL.NS,Telecom,912.01,3872264
2024-09-27,BHARTIARTL.NS,Telecom,898.97,1523573
2024-09-30,BHARTIARTL.NS,Telecom,885.81,5692117
2024-10-01,BHARTIARTL.NS,Telecom,874.59,3322513
2024-10-03,BHARTIARTL.NS,Telecom,842.69,3921265
2024-10-04,BHARTIARTL.NS,Telecom,835.58,3269733
2024-10-07,BHARTIARTL.NS,Telecom,860.54,3713072
2024-10-08,BHARTIARTL.NS,Telecom,837.69,6241258
2024-10-09,BHARTIARTL.NS,Telecom,824.08,4112382
2024-10-10,BHARTIARTL.NS,Telecom,844.18,8389827
2024-10-11,BHARTIARTL.NS,Telecom,826.56,4976207
2024-10-14,BHARTIARTL.NS,Telecom,828.87,5103769
2024-10-15,BHARTIARTL.NS,Telecom,825.22,3717363
2024-10-16,BHARTIARTL.NS,Telecom,814.46,3909784
2024-10-17,BHARTIARTL.NS,Telecom,827.44,5730765
2024-10-18,BHARTIARTL.NS,Telecom,829.18,6049704
2024-10-21,BHARTIARTL.NS,Telecom,822.42,4383017
2024-10-22,BHARTIARTL.NS,Telecom,820.7,4851906
2024-10-23,BHARTIARTL.NS,Telecom,804.93,3801837
2024-10-24,BHARTIARTL.NS,Telecom,809.89,4312367
2024-10-25,BHARTIARTL.NS,Telecom,813.0,4116557
2024-10-28,BHARTIARTL.NS,Telecom,798.82,4048365
2024-10-29,BHARTIARTL.NS,Telecom,806.37,5669647
2024-10-30,BHARTIARTL.NS,Telecom,805.59,3923423
2024-10-31,BHARTIARTL.NS,Telecom,813.46,3203722
2024-11-04,BHARTIARTL.NS,Telecom,811.8,3633520
2024-11-05,BHARTIARTL.NS,Telecom,802.2,3612102
2024-11-06,BHARTIARTL.NS,Telecom,768.81,4659126
2024-11-07,BHARTIARTL.NS,Telecom,770.44,3284290
2024-11-08,BHARTIARTL.NS,Telecom,756.0,5920277
2024-11-11,BHARTIARTL.NS,Telecom,753.79,3633598
2024-11-12,BHARTIARTL.NS,Telecom,743.27,6915012
2024-11-13,BHARTIARTL.NS,Telecom,747.3,4029314
2024-11-14,BHARTIARTL.NS,Telecom,768.11,4803774
2024-11-15,BHARTIARTL.NS,Telecom,789.9,5653573
2024-11-18,BHARTIARTL.NS,Telecom,792.32,6127263
2024-11-19,BHARTIARTL.NS,Telecom,794.96,4972737
2024-11-20,BHARTIARTL.NS,Telecom,780.7,9994874
2024-11-21,BHARTIARTL.NS,Telecom,778.14,3997611
2024-11-22,BHARTIARTL.NS,Telecom,767.89,2354467
2024-11-25,BHARTIARTL.NS,Telecom,782.82,3944582
2024-11-26,BHARTIARTL.NS,Telecom,779.11,5273290
2024-11-27,BHARTIARTL.NS,Telecom,795.24,4681868
2024-11-28,BHARTIARTL.NS,Telecom,779.58,2795798
2024-11-29,BHARTIARTL.NS,Telecom,772.98,3547313
2024-12-02,BHARTIARTL.NS,Telecom,752.95,3007478
2024-12-03,BHARTIARTL.NS,Telecom,748.97,3164713
2024-12-04,BHARTIARTL.NS,Telecom,736.28,3864275
2024-12-05,BHARTIARTL.NS,Telecom,739.49,4701221
2024-12-06,BHARTIARTL.NS,Telecom,730.68,3093753
2024-12-09,BHARTIARTL.NS,Telecom,732.54,3197753
2024-12-10,BHARTIARTL.NS,Telecom,742.52,5120497
2024-12-11,BHARTIARTL.NS,Telecom,752.92,2958691
2024-12-12,BHARTIARTL.NS,Telecom,743.2,2912410
2024-12-13,BHARTIARTL.NS,Telecom,746.28,8618545
2024-12-16,BHARTIARTL.NS,Telecom,745.88,3320503
2024-12-17,BHARTIARTL.NS,Telecom,768.17,2107700
2024-12-18,BHARTIARTL.NS,Telecom,770.64,2587106
2024-12-19,BHARTIARTL.NS,Telecom,777.89,1987552
2024-12-20,BHARTIARTL.NS,Telecom,788.13,7112247
2024-12-23,BHARTIARTL.NS,Telecom,779.62,3893030
2024-12-24,BHARTIARTL.NS,Telecom,783.52,2773578
2024-12-26,BHARTIARTL.NS,Telecom,794.93,4859249
2024-12-27,BHARTIARTL.NS,Telecom,788.67,7270222
2024-12-30,BHARTIARTL.NS,Telecom,798.18,3760744
2024-12-31,BHARTIARTL.NS,Telecom,801.88,7071271
2025-01-01,BHARTIARTL.NS,Telecom,781.94,3549527
2025-01-02,BHARTIARTL.NS,Telecom,778.04,2645015
2025-01-03,BHARTIARTL.NS,Telecom,804.21,7523030
2025-01-06,BHARTIARTL.NS,Telecom,810.07,3102020
2025-01-07,BHARTIARTL.NS,Telecom,802.25,3275883
2025-01-08,BHARTIARTL.NS,Telecom,798.95,5744063
2025-01-09,BHARTIARTL.NS,Telecom,800.25,4042695
2025-01-10,BHARTIARTL.NS,Telecom,809.58,3841531
2025-01-13,BHARTIARTL.NS,Telecom,804.23,3652490
2025-01-14,BHARTIARTL.NS,Telecom,790.51,3162452
2025-01-15,BHARTIARTL.NS,Telecom,768.0,4253768
2025-01-16,BHARTIARTL.NS,Telecom,757.07,4735476
2025-01-17,BHARTIARTL.NS,Telecom,757.28,3692671
2025-01-20,BHARTIARTL.NS,Telecom,768.59,4868535
2025-01-21,BHARTIARTL.NS,Telecom,773.21,4612514
2025-01-22,BHARTIARTL.NS,Telecom,796.98,4572511
2025-01-23,BHARTIARTL.NS,Telecom,788.21,3614851
2025-01-24,BHARTIARTL.NS,Telecom,794.04,3506019
2025-01-27,BHARTIARTL.NS,Telecom,795.78,4545686
2025-01-28,BHARTIARTL.NS,Telecom,780.93,2623810
2025-01-29,BHARTIARTL.NS,Telecom,787.0,11016159
2025-01-30,BHARTIARTL.NS,Telecom,811.53,1655701
2025-01-31,BHARTIARTL.NS,Telecom,811.85,3281113
2025-02-03,BHARTIARTL.NS,Telecom,807.11,4779990
2025-02-04,BHARTIARTL.NS,Telecom,822.22,5154984
2025-02-05,BHARTIARTL.NS,Telecom,822.63,2970875
2025-02-06,BHARTIARTL.NS,Telecom,818.42,3180055
2025-02-07,BHARTIARTL.NS,Telecom,823.9,4063134
2025-02-10,BHARTIARTL.NS,Telecom,819.02,2482208
2025-02-11,BHARTIARTL.NS,Telecom,812.23,2621359
2025-02-12,BHARTIARTL.NS,Telecom,805.48,5426597
2025-02-13,BHARTIARTL.NS,Telecom,799.21,5314703
2025-02-14,BHARTIARTL.NS,Telecom,804.7,4009147
2025-02-17,BHARTIARTL.NS,Telecom,799.37,5227450
2025-02-18,BHARTIARTL.NS,Telecom,804.97,4125247
2025-02-19,BHARTIARTL.NS,Telecom,819.19,3045240
2025-02-20,BHARTIARTL.NS,Telecom,810.09,2661867
2025-02-21,BHARTIARTL.NS,Telecom,792.75,4968314
2025-02-24,BHARTIARTL.NS,Telecom,801.75,3153136
2025-02-25,BHARTIARTL.NS,Telecom,801.75,5299597
2025-02-26,BHARTIARTL.NS,Telecom,819.87,3587866
2025-02-27,BHARTIARTL.NS,Telecom,826.93,6291672
2025-02-28,BHARTIARTL.NS,Telecom,829.97,2856795
2025-03-03,BHARTIARTL.NS,Telecom,836.41,2680020
2025-03-04,BHARTIARTL.NS,Telecom,850.88,4291426
2025-03-05,BHARTIARTL.NS,Telecom,852.68,3534743
2025-03-06,BHARTIARTL.NS,Telecom,830.8,4204533
2025-03-07,BHARTIARTL.NS,Telecom,841.91,3891954
2025-03-10,BHARTIARTL.NS,Telecom,836.08,3333796
2025-03-11,BHARTIARTL.NS,Telecom,825.48,3634661
2025-03-12,BHARTIARTL.NS,Telecom,851.78,1855441
2025-03-13,BHARTIARTL.NS,Telecom,841.59,6725963
2025-03-14,BHARTIARTL.NS,Telecom,842.78,3189743
2025-03-17,BHARTIARTL.NS,Telecom,852.63,4650299
2025-03-18,BHARTIARTL.NS,Telecom,866.88,1927820
2025-03-19,BHARTIARTL.NS,Telecom,857.25,2927003
2025-03-20,BHARTIARTL.NS,Telecom,866.09,4357713
2025-03-21,BHARTIARTL.NS,Telecom,873.71,7513558
2025-03-24,BHARTIARTL.NS,Telecom,882.15,4659957
2025-03-25,BHARTIARTL.NS,Telecom,852.52,4838753
2025-03-26,BHARTIARTL.NS,Telecom,859.92,3353306
2025-03-27,BHARTIARTL.NS,Telecom,850.3,3962385
2025-03-28,BHARTIARTL.NS,Telecom,837.95,3713373
2025-03-31,BHARTIARTL.NS,Telecom,828.23,4430709
2025-04-01,BHARTIARTL.NS,Telecom,842.63,6141750
2025-04-02,BHARTIARTL.NS,Telecom,828.47,3518700
2025-04-03,BHARTIARTL.NS,Telecom,812.18,4014338
2025-04-04,BHARTIARTL.NS,Telecom,804.15,3465793
2025-04-07,BHARTIARTL.NS,Telecom,805.11,3632476
2025-04-08,BHARTIARTL.NS,Telecom,800.26,5915894
2025-04-09,BHARTIARTL.NS,Telecom,810.21,4653298
2025-04-10,BHARTIARTL.NS,Telecom,817.96,4447359
2025-04-11,BHARTIARTL.NS,Telecom,814.24,3806730
2025-04-15,BHARTIARTL.NS,Telecom,799.58,2941218
2025-04-16,BHARTIARTL.NS,Telecom,795.57,5077141
2025-04-17,BHARTIARTL.NS,Telecom,776.42,5337841
2025-04-18,BHARTIARTL.NS,Telecom,779.09,5418064
2025-04-21,BHARTIARTL.NS,Telecom,778.25,3959292
2025-04-22,BHARTIARTL.NS,Telecom,762.99,3032041
2025-04-23,BHARTIARTL.NS,Telecom,765.08,4981754
2025-04-24,BHARTIARTL.NS,Telecom,762.42,5810209
2025-04-25,BHARTIARTL.NS,Telecom,776.22,5340853
2025-04-28,BHARTIARTL.NS,Telecom,764.69,3030085
2025-04-29,BHARTIARTL.NS,Telecom,754.4,4542929
2025-04-30,BHARTIARTL.NS,Telecom,761.84,2015397
2025-05-02,BHARTIARTL.NS,Telecom,752.8,6364560
2025-05-05,BHARTIARTL.NS,Telecom,749.44,4227941
2025-05-06,BHARTIARTL.NS,Telecom,746.39,4270762
2025-05-07,BHARTIARTL.NS,Telecom,754.55,6849308
2025-05-08,BHARTIARTL.NS,Telecom,767.64,3244239
2025-05-09,BHARTIARTL.NS,Telecom,774.66,4157878
2025-05-12,BHARTIARTL.NS,Telecom,772.01,2952406
2025-05-13,BHARTIARTL.NS,Telecom,783.35,2364257
2025-05-14,BHARTIARTL.NS,Telecom,785.84,4402096
2025-05-15,BHARTIARTL.NS,Telecom,783.27,4332072
2025-05-16,BHARTIARTL.NS,Telecom,795.76,1898789
2025-05-19,BHARTIARTL.NS,Telecom,783.14,5153763
2025-05-20,BHARTIARTL.NS,Telecom,774.78,3934347
2025-05-21,BHARTIARTL.NS,Telecom,771.14,5195479
2025-05-22,BHARTIARTL.NS,Telecom,769.38,4335232
2025-05-23,BHARTIARTL.NS,Telecom,753.15,5757451
2025-05-26,BHARTIARTL.NS,Telecom,751.11,5993146
2025-05-27,BHARTIARTL.NS,Telecom,754.95,4281197
2025-05-28,BHARTIARTL.NS,Telecom,735.5,5515104
2025-05-29,BHARTIARTL.NS,Telecom,732.75,5437504
2025-05-30,BHARTIARTL.NS,Telecom,732.22,2640241
2025-06-02,BHARTIARTL.NS,Telecom,734.03,2931504
2025-06-03,BHARTIARTL.NS,Telecom,719.41,2803656
2025-06-04,BHARTIARTL.NS,Telecom,730.76,5037102
2025-06-05,BHARTIARTL.NS,Telecom,742.52,3117085
2025-06-06,BHARTIARTL.NS,Telecom,747.58,1960437
2025-06-09,BHARTIARTL.NS,Telecom,736.99,2804965
2025-06-10,BHARTIARTL.NS,Telecom,737.3,3492393
2025-06-11,BHARTIARTL.NS,Telecom,730.74,4689694
2025-06-12,BHARTIARTL.NS,Telecom,728.54,6277432
2025-06-13,BHARTIARTL.NS,Telecom,711.07,5572381
2025-06-16,BHARTIARTL.NS,Telecom,713.58,4249639
2025-06-17,BHARTIARTL.NS,Telecom,721.48,2989377
2025-06-18,BHARTIARTL.NS,Telecom,738.32,1979695
2025-06-19,BHARTIARTL.NS,Telecom,739.5,3367021
2025-06-20,BHARTIARTL.NS,Telecom,731.89,3611921
2025-06-23,BHARTIARTL.NS,Telecom,736.36,4135070
2025-06-24,BHARTIARTL.NS,Telecom,738.58,5461238
2025-06-25,BHARTIARTL.NS,Telecom,763.12,5050339
2025-06-26,BHARTIARTL.NS,Telecom,770.38,4125548
2025-06-27,BHARTIARTL.NS,Telecom,789.88,3472981
2025-06-30,BHARTIARTL.NS,Telecom,807.45,2343066
2025-07-01,BHARTIARTL.NS,Telecom,808.01,3017136
2025-07-02,BHARTIARTL.NS,Telecom,815.98,2848543
2025-07-03,BHARTIARTL.NS,Telecom,833.13,9893808
2025-07-04,BHARTIARTL.NS,Telecom,836.95,8026016
2025-07-07,BHARTIARTL.NS,Telecom,846.61,2569991
2025-07-08,BHARTIARTL.NS,Telecom,840.66,4581197
2025-07-09,BHARTIARTL.NS,Telecom,856.65,2488418
2025-07-10,BHARTIARTL.NS,Telecom,852.98,4317880
2025-07-11,BHARTIARTL.NS,Telecom,868.76,3362819
2025-07-14,BHARTIARTL.NS,Telecom,868.88,3799321
2025-07-15,BHARTIARTL.NS,Telecom,868.1,5769049
2025-07-16,BHARTIARTL.NS,Telecom,843.74,4548701
2025-07-17,BHARTIARTL.NS,Telecom,849.74,5413870
2025-07-18,BHARTIARTL.NS,Telecom,829.54,4760691
2025-07-21,BHARTIARTL.NS,Telecom,815.12,3089970
2025-07-22,BHARTIARTL.NS,Telecom,820.03,2523375
2025-07-23,BHARTIARTL.NS,Telecom,811.66,3595434
2025-07-24,BHARTIARTL.NS,Telecom,823.74,3593090
2025-07-25,BHARTIARTL.NS,Telecom,852.48,3325212
2025-07-28,BHARTIARTL.NS,Telecom,854.38,3120239
2025-07-29,BHARTIARTL.NS,Telecom,872.08,4086909
2025-07-30,BHARTIARTL.NS,Telecom,857.32,6340322
2025-07-31,BHARTIARTL.NS,Telecom,859.68,1914581
2025-08-01,BHARTIARTL.NS,Telecom,867.28,2584419
2025-08-04,BHARTIARTL.NS,Telecom,907.89,4375259
2025-08-05,BHARTIARTL.NS,Telecom,902.36,2084222
2025-08-06,BHARTIARTL.NS,Telecom,907.02,2409252
2025-08-07,BHARTIARTL.NS,Telecom,906.75,8372454
2025-08-08,BHARTIARTL.NS,Telecom,916.34,4861322
2025-08-11,BHARTIARTL.NS,Telecom,912.86,10163258
2025-08-12,BHARTIARTL.NS,Telecom,909.72,2196124
2025-08-13,BHARTIARTL.NS,Telecom,897.76,8282970
2025-08-14,BHARTIARTL.NS,Telecom,895.93,2523046
2025-08-18,BHARTIARTL.NS,Telecom,882.11,5462150
2025-08-19,BHARTIARTL.NS,Telecom,879.67,1863859
2025-08-20,BHARTIARTL.NS,Telecom,903.99,4420128
2025-08-21,BHARTIARTL.NS,Telecom,895.25,4530442
2025-08-22,BHARTIARTL.NS,Telecom,912.11,3412848
2025-08-25,BHARTIARTL.NS,Telecom,897.35,2452575
2025-08-26,BHARTIARTL.NS,Telecom,900.9,3619258
2025-08-27,BHARTIARTL.NS,Telecom,895.86,4342557
2025-08-28,BHARTIARTL.NS,Telecom,868.23,2668605
2025-08-29,BHARTIARTL.NS,Telecom,868.82,3714130
2025-09-01,BHARTIARTL.NS,Telecom,858.06,3905019
2025-09-02,BHARTIARTL.NS,Telecom,857.91,4676899
2025-09-03,BHARTIARTL.NS,Telecom,873.22,2286754
2025-09-04,BHARTIARTL.NS,Telecom,895.84,3242229
2025-09-05,BHARTIARTL.NS,Telecom,883.25,4246612
2025-09-08,BHARTIARTL.NS,Telecom,878.56,3474157
2025-09-09,BHARTIARTL.NS,Telecom,885.37,2718423
2025-09-10,BHARTIARTL.NS,Telecom,898.28,5540159
2025-09-11,BHARTIARTL.NS,Telecom,900.09,5604433
2025-09-12,BHARTIARTL.NS,Telecom,901.12,5197369
2025-09-15,BHARTIARTL.NS,Telecom,895.57,3512610
2025-09-16,BHARTIARTL.NS,Telecom,900.62,3715187
2025-09-17,BHARTIARTL.NS,Telecom,901.09,6180868
2025-09-18,BHARTIARTL.NS,Telecom,895.37,5286035
2025-09-19,BHARTIARTL.NS,Telecom,891.32,6214619
2025-09-22,BHARTIARTL.NS,Telecom,890.67,4111673
2025-09-23,BHARTIARTL.NS,Telecom,877.64,4942037
2025-09-24,BHARTIARTL.NS,Telecom,862.07,5037615
2025-09-25,BHARTIARTL.NS,Telecom,846.99,6615764
2025-09-26,BHARTIARTL.NS,Telecom,846.37,1798027
2025-09-29,BHARTIARTL.NS,Telecom,852.93,4168161
2025-09-30,BHARTIARTL.NS,Telecom,855.01,5574178
2025-10-01,BHARTIARTL.NS,Telecom,850.35,6027635
2025-10-03,BHARTIARTL.NS,Telecom,870.64,3407722
2025-10-06,BHARTIARTL.NS,Telecom,869.37,4576508
2025-10-07,BHARTIARTL.NS,Telecom,879.15,5164979
2025-10-08,BHARTIARTL.NS,Telecom,883.73,6193847
2025-10-09,BHARTIARTL.NS,Telecom,884.59,4522274
2025-10-10,BHARTIARTL.NS,Telecom,882.91,4368997
2025-10-13,BHARTIARTL.NS,Telecom,882.05,3631809
2025-10-14,BHARTIARTL.NS,Telecom,897.94,5911889
2025-10-15,BHARTIARTL.NS,Telecom,900.31,6170375
2025-10-16,BHARTIARTL.NS,Telecom,911.41,5753104
2025-10-17,BHARTIARTL.NS,Telecom,914.38,5176595
2025-10-20,BHARTIARTL.NS,Telecom,911.77,4350384
2025-10-22,BHARTIARTL.NS,Telecom,920.49,3250756
2025-10-23,BHARTIARTL.NS,Telecom,918.22,3081367
2025-10-24,BHARTIARTL.NS,Telecom,915.96,5725499
2025-10-27,BHARTIARTL.NS,Telecom,904.93,5935165
2025-10-28,BHARTIARTL.NS,Telecom,912.23,4351080
2025-10-29,BHARTIARTL.NS,Telecom,886.52,4349771
2025-10-30,BHARTIARTL.NS,Telecom,891.31,4302259
2025-10-31,BHARTIARTL.NS,Telecom,872.56,6073790
2025-11-03,BHARTIARTL.NS,Telecom,884.0,5203195
2025-11-04,BHARTIARTL.NS,Telecom,903.0,3434139
2025-11-05,BHARTIARTL.NS,Telecom,897.36,4771391
2025-11-06,BHARTIARTL.NS,Telecom,902.19,2294326
2025-11-07,BHARTIARTL.NS,Telecom,917.64,3216728
2025-11-10,BHARTIARTL.NS,Telecom,925.52,2164749
2025-11-11,BHARTIARTL.NS,Telecom,921.81,2958344
2025-11-12,BHARTIARTL.NS,Telecom,918.71,3056071
2025-11-13,BHARTIARTL.NS,Telecom,939.31,1925977
2025-11-14,BHARTIARTL.NS,Telecom,972.68,6018420
2025-11-17,BHARTIARTL.NS,Telecom,975.89,3341524
2025-11-18,BHARTIARTL.NS,Telecom,984.63,3565964
2025-11-19,BHARTIARTL.NS,Telecom,978.4,2953948
2025-11-20,BHARTIARTL.NS,Telecom,970.38,4866755
2025-11-21,BHARTIARTL.NS,Telecom,963.11,6473787
2025-11-24,BHARTIARTL.NS,Telecom,959.29,4794315
2025-11-25,BHARTIARTL.NS,Telecom,965.24,4509982
2025-11-26,BHARTIARTL.NS,Telecom,963.47,2000572
2025-11-27,BHARTIARTL.NS,Telecom,959.2,3853602
2025-11-28,BHARTIARTL.NS,Telecom,981.0,5007936
2025-12-01,BHARTIARTL.NS,Telecom,1008.33,6075130
2025-12-02,BHARTIARTL.NS,Telecom,1007.86,4937083
2025-12-03,BHARTIARTL.NS,Telecom,1002.69,8291586
2025-12-04,BHARTIARTL.NS,Telecom,1001.04,3094264
2025-12-05,BHARTIARTL.NS,Telecom,1006.45,3094297
2025-12-08,BHARTIARTL.NS,Telecom,998.89,4566109
2025-12-09,BHARTIARTL.NS,Telecom,982.99,6244410
2025-12-10,BHARTIARTL.NS,Telecom,968.27,6606722
2025-12-11,BHARTIARTL.NS,Telecom,974.13,1958367
2025-12-12,BHARTIARTL.NS,Telecom,983.53,4150138
2025-12-15,BHARTIARTL.NS,Telecom,982.54,5572604
2025-12-16,BHARTIARTL.NS,Telecom,978.75,5518510
2025-12-17,BHARTIARTL.NS,Telecom,973.34,4865600
2025-12-18,BHARTIARTL.NS,Telecom,956.88,3875446
2025-12-19,BHARTIARTL.NS,Telecom,949.42,1380078
2025-12-22,BHARTIARTL.NS,Telecom,943.09,8200374
2025-12-23,BHARTIARTL.NS,Telecom,920.24,4946669
2025-12-24,BHARTIARTL.NS,Telecom,926.11,2932545
2025-12-26,BHARTIARTL.NS,Telecom,927.44,3564898
2025-12-29,BHARTIARTL.NS,Telecom,926.15,4374141
2025-12-30,BHARTIARTL.NS,Telecom,910.58,4715270
2025-12-31,BHARTIARTL.NS,Telecom,919.06,2454851
2022-01-03,KOTAKBANK.NS,Financials,1744.1,3131060
2022-01-04,KOTAKBANK.NS,Financials,1746.41,3424354
2022-01-05,KOTAKBANK.NS,Financials,1727.19,4455051
2022-01-06,KOTAKBANK.NS,Financials,1689.91,4167628
2022-01-07,KOTAKBANK.NS,Financials,1690.42,3679299
2022-01-10,KOTAKBANK.NS,Financials,1691.56,5032565
2022-01-11,KOTAKBANK.NS,Financials,1666.32,4251328
2022-01-12,KOTAKBANK.NS,Financials,1705.85,3062002
2022-01-13,KOTAKBANK.NS,Financials,1719.32,5865168
2022-01-14,KOTAKBANK.NS,Financials,1734.13,5795408
2022-01-17,KOTAKBANK.NS,Financials,1746.41,4011429
2022-01-18,KOTAKBANK.NS,Financials,1715.89,3283951
2022-01-19,KOTAKBANK.NS,Financials,1675.78,3048038
2022-01-20,KOTAKBANK.NS,Financials,1687.28,7170707
2022-01-21,KOTAKBANK.NS,Financials,1676.75,3743399
2022-01-24,KOTAKBANK.NS,Financials,1676.78,4201518
2022-01-25,KOTAKBANK.NS,Financials,1673.65,4628680
2022-01-27,KOTAKBANK.NS,Financials,1659.01,1518388
2022-01-28,KOTAKBANK.NS,Financials,1658.34,2897728
2022-01-31,KOTAKBANK.NS,Financials,1656.42,8628252
2022-02-01,KOTAKBANK.NS,Financials,1653.64,1500186
2022-02-02,KOTAKBANK.NS,Financials,1642.34,2364929
2022-02-03,KOTAKBANK.NS,Financials,1644.8,3411490
2022-02-04,KOTAKBANK.NS,Financials,1622.84,2821394
2022-02-07,KOTAKBANK.NS,Financials,1596.36,3069987
2022-02-08,KOTAKBANK.NS,Financials,1592.13,2664977
2022-02-09,KOTAKBANK.NS,Financials,1581.98,3759602
2022-02-10,KOTAKBANK.NS,Financials,1584.41,4524435
2022-02-11,KOTAKBANK.NS,Financials,1557.65,4593773
2022-02-14,KOTAKBANK.NS,Financials,1525.12,2994651
2022-02-15,KOTAKBANK.NS,Financials,1550.25,5611884
2022-02-16,KOTAKBANK.NS,Financials,1550.2,4197722
2022-02-17,KOTAKBANK.NS,Financials,1517.26,5808832
2022-02-18,KOTAKBANK.NS,Financials,1524.05,4416623
2022-02-21,KOTAKBANK.NS,Financials,1512.44,3643483
2022-02-22,KOTAKBANK.NS,Financials,1516.57,3675112
2022-02-23,KOTAKBANK.NS,Financials,1504.75,4516715
2022-02-24,KOTAKBANK.NS,Financials,1504.31,6211106
2022-02-25,KOTAKBANK.NS,Financials,1500.51,4171536
2022-02-28,KOTAKBANK.NS,Financials,1474.76,4295799
2022-03-01,KOTAKBANK.NS,Financials,1434.65,4866050
2022-03-02,KOTAKBANK.NS,Financials,1420.34,2145191
2022-03-03,KOTAKBANK.NS,Financials,1409.45,2420219
2022-03-04,KOTAKBANK.NS,Financials,1391.55,4309090
2022-03-07,KOTAKBANK.NS,Financials,1363.24,2857110
2022-03-09,KOTAKBANK.NS,Financials,1350.22,3640223
2022-03-10,KOTAKBANK.NS,Financials,1321.08,3974145
2022-03-11,KOTAKBANK.NS,Financials,1319.12,9289928
2022-03-14,KOTAKBANK.NS,Financials,1327.98,3753300
2022-03-15,KOTAKBANK.NS,Financials,1326.84,1905022
2022-03-16,KOTAKBANK.NS,Financials,1335.74,4288166
2022-03-17,KOTAKBANK.NS,Financials,1330.25,5700830
2022-03-18,KOTAKBANK.NS,Financials,1329.08,4810605
2022-03-21,KOTAKBANK.NS,Financials,1319.94,4698000
2022-03-22,KOTAKBANK.NS,Financials,1330.57,3085180
2022-03-23,KOTAKBANK.NS,Financials,1335.51,3446427
2022-03-24,KOTAKBANK.NS,Financials,1342.1,2966284
2022-03-25,KOTAKBANK.NS,Financials,1385.62,3087132
2022-03-28,KOTAKBANK.NS,Financials,1408.12,3711927
2022-03-29,KOTAKBANK.NS,Financials,1410.41,5509750
2022-03-30,KOTAKBANK.NS,Financials,1445.09,10943953
2022-03-31,KOTAKBANK.NS,Financials,1464.82,4202956
2022-04-01,KOTAKBANK.NS,Financials,1462.48,4824273
2022-04-04,KOTAKBANK.NS,Financials,1427.81,1716377
2022-04-05,KOTAKBANK.NS,Financials,1419.53,3423284
2022-04-06,KOTAKBANK.NS,Financials,1417.5,6824964
2022-04-07,KOTAKBANK.NS,Financials,1375.93,4125760
2022-04-08,KOTAKBANK.NS,Financials,1373.97,3848825
2022-04-11,KOTAKBANK.NS,Financials,1370.31,11021007
2022-04-12,KOTAKBANK.NS,Financials,1352.99,6055135
2022-04-13,KOTAKBANK.NS,Financials,1375.93,5230756
2022-04-15,KOTAKBANK.NS,Financials,1388.55,3904824
2022-04-18,KOTAKBANK.NS,Financials,1385.43,4391579
2022-04-19,KOTAKBANK.NS,Financials,1384.33,8438120
2022-04-20,KOTAKBANK.NS,Financials,1370.87,8721659
2022-04-21,KOTAKBANK.NS,Financials,1358.43,3308189
2022-04-22,KOTAKBANK.NS,Financials,1308.55,2261735
2022-04-25,KOTAKBANK.NS,Financials,1308.55,4062429
2022-04-26,KOTAKBANK.NS,Financials,1319.61,5216267
2022-04-27,KOTAKBANK.NS,Financials,1319.28,7513290
2022-04-28,KOTAKBANK.NS,Financials,1324.14,3848708
2022-04-29,KOTAKBANK.NS,Financials,1333.63,3534076
2022-05-02,KOTAKBANK.NS,Financials,1346.02,5892586
2022-05-03,KOTAKBANK.NS,Financials,1341.7,2890570
2022-05-04,KOTAKBANK.NS,Financials,1330.36,3674361
2022-05-05,KOTAKBANK.NS,Financials,1341.63,4000471
2022-05-06,KOTAKBANK.NS,Financials,1324.3,3893886
2022-05-09,KOTAKBANK.NS,Financials,1356.15,6247709
2022-05-10,KOTAKBANK.NS,Financials,1350.92,4815891
2022-05-11,KOTAKBANK.NS,Financials,1350.55,3304774
2022-05-12,KOTAKBANK.NS,Financials,1341.81,3677157
2022-05-13,KOTAKBANK.NS,Financials,1352.58,10630338
2022-05-16,KOTAKBANK.NS,Financials,1328.72,2408999
2022-05-17,KOTAKBANK.NS,Financials,1340.96,2068892
2022-05-18,KOTAKBANK.NS,Financials,1307.45,2585830
2022-05-19,KOTAKBANK.NS,Financials,1302.16,4441172
2022-05-20,KOTAKBANK.NS,Financials,1285.94,5944209
2022-05-23,KOTAKBANK.NS,Financials,1289.86,3835178
2022-05-24,KOTAKBANK.NS,Financials,1279.75,3277551
2022-05-25,KOTAKBANK.NS,Financials,1264.16,3087623
2022-05-26,KOTAKBANK.NS,Financials,1235.9,2176977
2022-05-27,KOTAKBANK.NS,Financials,1215.62,6988552
2022-05-30,KOTAKBANK.NS,Financials,1219.26,3719577
2022-05-31,KOTAKBANK.NS,Financials,1242.74,4316217
2022-06-01,KOTAKBANK.NS,Financials,1230.08,5381696
2022-06-02,KOTAKBANK.NS,Financials,1237.54,6487505
2022-06-03,KOTAKBANK.NS,Financials,1224.41,3689296
2022-06-06,KOTAKBANK.NS,Financials,1226.84,2901524
2022-06-07,KOTAKBANK.NS,Financials,1220.82,3962709
2022-06-08,KOTAKBANK.NS,Financials,1218.18,3812934
2022-06-09,KOTAKBANK.NS,Financials,1231.48,3284653
2022-06-10,KOTAKBANK.NS,Financials,1212.51,2566899
2022-06-13,KOTAKBANK.NS,Financials,1202.9,4575285
2022-06-14,KOTAKBANK.NS,Financials,1186.35,6349290
2022-06-15,KOTAKBANK.NS,Financials,1153.64,7371355
2022-06-16,KOTAKBANK.NS,Financials,1159.98,3064076
2022-06-17,KOTAKBANK.NS,Financials,1160.43,7389264
2022-06-20,KOTAKBANK.NS,Financials,1160.16,2716323
2022-06-21,KOTAKBANK.NS,Financials,1179.8,4206860
2022-06-22,KOTAKBANK.NS,Financials,1178.16,5757102
2022-06-23,KOTAKBANK.NS,Financials,1146.37,4844638
2022-06-24,KOTAKBANK.NS,Financials,1155.47,6544850
2022-06-27,KOTAKBANK.NS,Financials,1161.4,2789363
2022-06-28,KOTAKBANK.NS,Financials,1158.1,3745590
2022-06-29,KOTAKBANK.NS,Financials,1152.57,3718835
2022-06-30,KOTAKBANK.NS,Financials,1152.25,5948903
2022-07-01,KOTAKBANK.NS,Financials,1165.53,3682116
2022-07-04,KOTAKBANK.NS,Financials,1183.82,4333153
2022-07-05,KOTAKBANK.NS,Financials,1168.3,3647656
2022-07-06,KOTAKBANK.NS,Financials,1154.31,4532034
2022-07-07,KOTAKBANK.NS,Financials,1167.9,3069679
2022-07-08,KOTAKBANK.NS,Financials,1161.54,2698415
2022-07-11,KOTAKBANK.NS,Financials,1150.62,3353325
2022-07-12,KOTAKBANK.NS,Financials,1143.45,2895382
2022-07-13,KOTAKBANK.NS,Financials,1131.14,3719201
2022-07-14,KOTAKBANK.NS,Financials,1122.75,5249325
2022-07-15,KOTAKBANK.NS,Financials,1121.75,2500138
2022-07-18,KOTAKBANK.NS,Financials,1143.4,3454340
2022-07-19,KOTAKBANK.NS,Financials,1123.82,8534443
2022-07-20,KOTAKBANK.NS,Financials,1103.11,2130394
2022-07-21,KOTAKBANK.NS,Financials,1084.99,2700837
2022-07-22,KOTAKBANK.NS,Financials,1071.93,4438227
2022-07-25,KOTAKBANK.NS,Financials,1085.04,2277590
2022-07-26,KOTAKBANK.NS,Financials,1082.46,3813791
2022-07-27,KOTAKBANK.NS,Financials,1072.47,7171085
2022-07-28,KOTAKBANK.NS,Financials,1070.52,3207330
2022-07-29,KOTAKBANK.NS,Financials,1063.37,2918446
2022-08-01,KOTAKBANK.NS,Financials,1068.55,2258243
2022-08-02,KOTAKBANK.NS,Financials,1067.35,2933343
2022-08-03,KOTAKBANK.NS,Financials,1059.78,3670615
2022-08-04,KOTAKBANK.NS,Financials,1060.53,8428586
2022-08-05,KOTAKBANK.NS,Financials,1081.45,3740322
2022-08-08,KOTAKBANK.NS,Financials,1063.14,3802866
2022-08-09,KOTAKBANK.NS,Financials,1073.27,3925313
2022-08-10,KOTAKBANK.NS,Financials,1074.52,2941812
2022-08-11,KOTAKBANK.NS,Financials,1049.7,1747756
2022-08-12,KOTAKBANK.NS,Financials,1061.15,6616431
2022-08-16,KOTAKBANK.NS,Financials,1038.02,4931965
2022-08-17,KOTAKBANK.NS,Financials,1053.71,5889248
2022-08-18,KOTAKBANK.NS,Financials,1057.72,4334727
2022-08-19,KOTAKBANK.NS,Financials,1062.27,5989858
2022-08-22,KOTAKBANK.NS,Financials,1048.58,2326272
2022-08-23,KOTAKBANK.NS,Financials,1060.19,4064271
2022-08-24,KOTAKBANK.NS,Financials,1048.59,4783122
2022-08-25,KOTAKBANK.NS,Financials,1052.37,6334193
2022-08-26,KOTAKBANK.NS,Financials,1071.49,4618899
2022-08-29,KOTAKBANK.NS,Financials,1092.7,4620178
2022-08-30,KOTAKBANK.NS,Financials,1096.92,4321564
2022-08-31,KOTAKBANK.NS,Financials,1095.53,2379961
2022-09-01,KOTAKBANK.NS,Financials,1106.76,3243756
2022-09-02,KOTAKBANK.NS,Financials,1124.11,3346333
2022-09-05,KOTAKBANK.NS,Financials,1132.5,5344618
2022-09-06,KOTAKBANK.NS,Financials,1145.7,4779404
2022-09-07,KOTAKBANK.NS,Financials,1167.59,6764079
2022-09-08,KOTAKBANK.NS,Financials,1151.61,4736574
2022-09-09,KOTAKBANK.NS,Financials,1155.73,3705656
2022-09-12,KOTAKBANK.NS,Financials,1158.98,6254958
2022-09-13,KOTAKBANK.NS,Financials,1141.82,2583106
2022-09-14,KOTAKBANK.NS,Financials,1137.11,3606297
2022-09-15,KOTAKBANK.NS,Financials,1117.36,2866339
2022-09-16,KOTAKBANK.NS,Financials,1093.44,2697171
2022-09-19,KOTAKBANK.NS,Financials,1085.11,2729564
2022-09-20,KOTAKBANK.NS,Financials,1100.53,3167606
2022-09-21,KOTAKBANK.NS,Financials,1085.84,4267865
2022-09-22,KOTAKBANK.NS,Financials,1106.32,3531654
2022-09-23,KOTAKBANK.NS,Financials,1127.54,4372759
2022-09-26,KOTAKBANK.NS,Financials,1100.7,4314165
2022-09-27,KOTAKBANK.NS,Financials,1106.66,1762289
2022-09-28,KOTAKBANK.NS,Financials,1110.77,4214870
2022-09-29,KOTAKBANK.NS,Financials,1113.47,3070935
2022-09-30,KOTAKBANK.NS,Financials,1138.45,2246974
2022-10-03,KOTAKBANK.NS,Financials,1150.08,4322144
2022-10-04,KOTAKBANK.NS,Financials,1153.43,4082766
2022-10-05,KOTAKBANK.NS,Financials,1150.52,4203874
2022-10-06,KOTAKBANK.NS,Financials,1146.34,5089603
2022-10-07,KOTAKBANK.NS,Financials,1145.2,3145492
2022-10-10,KOTAKBANK.NS,Financials,1170.65,2821091
2022-10-11,KOTAKBANK.NS,Financials,1189.37,3936005
2022-10-12,KOTAKBANK.NS,Financials,1184.03,3396419
2022-10-13,KOTAKBANK.NS,Financials,1185.5,10267305
2022-10-14,KOTAKBANK.NS,Financials,1184.44,3776049
2022-10-17,KOTAKBANK.NS,Financials,1168.68,3948755
2022-10-18,KOTAKBANK.NS,Financials,1194.48,2898384
2022-10-19,KOTAKBANK.NS,Financials,1197.47,2732731
2022-10-20,KOTAKBANK.NS,Financials,1200.06,2188603
2022-10-21,KOTAKBANK.NS,Financials,1216.13,3483525
2022-10-25,KOTAKBANK.NS,Financials,1236.86,3628324
2022-10-26,KOTAKBANK.NS,Financials,1239.92,5719072
2022-10-27,KOTAKBANK.NS,Financials,1258.66,3563963
2022-10-28,KOTAKBANK.NS,Financials,1283.15,3371402
2022-10-31,KOTAKBANK.NS,Financials,1287.5,4215197
2022-11-01,KOTAKBANK.NS,Financials,1245.14,3731225
2022-11-02,KOTAKBANK.NS,Financials,1251.69,5406782
2022-11-03,KOTAKBANK.NS,Financials,1260.67,6386664
2022-11-04,KOTAKBANK.NS,Financials,1257.19,3809272
2022-11-07,KOTAKBANK.NS,Financials,1247.06,2744972
2022-11-08,KOTAKBANK.NS,Financials,1249.01,3663924
2022-11-09,KOTAKBANK.NS,Financials,1222.41,4150658
2022-11-10,KOTAKBANK.NS,Financials,1244.32,2403242
2022-11-11,KOTAKBANK.NS,Financials,1229.24,3479764
2022-11-14,KOTAKBANK.NS,Financials,1224.13,2280583
2022-11-15,KOTAKBANK.NS,Financials,1217.66,4460064
2022-11-16,KOTAKBANK.NS,Financials,1228.98,2615131
2022-11-17,KOTAKBANK.NS,Financials,1254.18,3439644
2022-11-18,KOTAKBANK.NS,Financials,1259.43,3651652
2022-11-21,KOTAKBANK.NS,Financials,1262.2,2456187
2022-11-22,KOTAKBANK.NS,Financials,1259.16,3915344
2022-11-23,KOTAKBANK.NS,Financials,1271.43,2643010
2022-11-24,KOTAKBANK.NS,Financials,1298.97,6491469
2022-11-25,KOTAKBANK.NS,Financials,1312.12,6156735
2022-11-28,KOTAKBANK.NS,Financials,1298.82,5833694
2022-11-29,KOTAKBANK.NS,Financials,1298.12,4071650
2022-11-30,KOTAKBANK.NS,Financials,1288.94,4355336
2022-12-01,KOTAKBANK.NS,Financials,1283.68,3636360
2022-12-02,KOTAKBANK.NS,Financials,1279.98,4668090
2022-12-05,KOTAKBANK.NS,Financials,1261.42,6862700
2022-12-06,KOTAKBANK.NS,Financials,1295.11,2746435
2022-12-07,KOTAKBANK.NS,Financials,1268.99,4514176
2022-12-08,KOTAKBANK.NS,Financials,1241.01,2124798
2022-12-09,KOTAKBANK.NS,Financials,1218.3,3349293
2022-12-12,KOTAKBANK.NS,Financials,1220.16,3785729
2022-12-13,KOTAKBANK.NS,Financials,1210.89,4324756
2022-12-14,KOTAKBANK.NS,Financials,1187.72,4903658
2022-12-15,KOTAKBANK.NS,Financials,1203.29,6120089
2022-12-16,KOTAKBANK.NS,Financials,1209.21,2370044
2022-12-19,KOTAKBANK.NS,Financials,1224.57,5246638
2022-12-20,KOTAKBANK.NS,Financials,1191.97,7276150
2022-12-21,KOTAKBANK.NS,Financials,1187.07,3395485
2022-12-22,KOTAKBANK.NS,Financials,1218.99,3250179
2022-12-23,KOTAKBANK.NS,Financials,1220.92,4163760
2022-12-26,KOTAKBANK.NS,Financials,1214.0,3787179
2022-12-27,KOTAKBANK.NS,Financials,1216.17,3699448
2022-12-28,KOTAKBANK.NS,Financials,1229.48,6597664
2022-12-29,KOTAKBANK.NS,Financials,1230.51,9174201
2022-12-30,KOTAKBANK.NS,Financials,1238.05,3562952
2023-01-02,KOTAKBANK.NS,Financials,1257.72,8968877
2023-01-03,KOTAKBANK.NS,Financials,1268.19,3525545
2023-01-04,KOTAKBANK.NS,Financials,1277.21,5203448
2023-01-05,KOTAKBANK.NS,Financials,1277.23,2768736
2023-01-06,KOTAKBANK.NS,Financials,1269.15,2930823
2023-01-09,KOTAKBANK.NS,Financials,1270.35,3562960
2023-01-10,KOTAKBANK.NS,Financials,1303.45,5341282
2023-01-11,KOTAKBANK.NS,Financials,1293.36,4293866
2023-01-12,KOTAKBANK.NS,Financials,1310.46,2245286
2023-01-13,KOTAKBANK.NS,Financials,1314.4,2503760
2023-01-16,KOTAKBANK.NS,Financials,1298.13,2180523
2023-01-17,KOTAKBANK.NS,Financials,1286.94,4461538
2023-01-18,KOTAKBANK.NS,Financials,1282.46,4203591
2023-01-19,KOTAKBANK.NS,Financials,1291.6,4175464
2023-01-20,KOTAKBANK.NS,Financials,1286.64,4160043
2023-01-23,KOTAKBANK.NS,Financials,1252.41,3061331
2023-01-24,KOTAKBANK.NS,Financials,1244.84,4235146
2023-01-25,KOTAKBANK.NS,Financials,1223.87,6592488
2023-01-27,KOTAKBANK.NS,Financials,1243.29,4871141
2023-01-30,KOTAKBANK.NS,Financials,1242.02,2650410
2023-01-31,KOTAKBANK.NS,Financials,1248.25,3550338
2023-02-01,KOTAKBANK.NS,Financials,1247.41,3203787
2023-02-02,KOTAKBANK.NS,Financials,1231.52,5434880
2023-02-03,KOTAKBANK.NS,Financials,1268.09,2757110
2023-02-06,KOTAKBANK.NS,Financials,1266.1,4253615
2023-02-07,KOTAKBANK.NS,Financials,1280.29,3539664
2023-02-08,KOTAKBANK.NS,Financials,1281.28,3040189
2023-02-09,KOTAKBANK.NS,Financials,1295.75,4292224
2023-02-10,KOTAKBANK.NS,Financials,1305.55,3693945
2023-02-13,KOTAKBANK.NS,Financials,1298.49,5179657
2023-02-14,KOTAKBANK.NS,Financials,1306.25,3365049
2023-02-15,KOTAKBANK.NS,Financials,1295.98,2638778
2023-02-16,KOTAKBANK.NS,Financials,1276.91,3713279
2023-02-17,KOTAKBANK.NS,Financials,1287.08,4357980
2023-02-20,KOTAKBANK.NS,Financials,1304.98,4943769
2023-02-21,KOTAKBANK.NS,Financials,1286.66,3740734
2023-02-22,KOTAKBANK.NS,Financials,1262.31,5363153
2023-02-23,KOTAKBANK.NS,Financials,1268.42,2496850
2023-02-24,KOTAKBANK.NS,Financials,1260.79,5625984
2023-02-27,KOTAKBANK.NS,Financials,1265.42,4872792
2023-02-28,KOTAKBANK.NS,Financials,1258.24,3418717
2023-03-01,KOTAKBANK.NS,Financials,1271.66,5762379
2023-03-02,KOTAKBANK.NS,Financials,1265.39,4452283
2023-03-03,KOTAKBANK.NS,Financials,1268.52,6243495
2023-03-06,KOTAKBANK.NS,Financials,1274.67,3042168
2023-03-07,KOTAKBANK.NS,Financials,1268.0,3144220
2023-03-09,KOTAKBANK.NS,Financials,1263.27,4839891
2023-03-10,KOTAKBANK.NS,Financials,1276.66,4087952
2023-03-13,KOTAKBANK.NS,Financials,1274.64,2412322
2023-03-14,KOTAKBANK.NS,Financials,1275.15,7683098
2023-03-15,KOTAKBANK.NS,Financials,1282.31,7371572
2023-03-16,KOTAKBANK.NS,Financials,1293.44,4269489
2023-03-17,KOTAKBANK.NS,Financials,1302.32,3139525
2023-03-20,KOTAKBANK.NS,Financials,1315.45,3164510
2023-03-21,KOTAKBANK.NS,Financials,1313.72,4571603
2023-03-22,KOTAKBANK.NS,Financials,1323.04,6601305
2023-03-23,KOTAKBANK.NS,Financials,1350.48,10077658
2023-03-24,KOTAKBANK.NS,Financials,1373.7,3593038
2023-03-27,KOTAKBANK.NS,Financials,1411.01,3525025
2023-03-28,KOTAKBANK.NS,Financials,1438.84,3768215
2023-03-29,KOTAKBANK.NS,Financials,1435.33,4606619
2023-03-30,KOTAKBANK.NS,Financials,1420.07,2960501
2023-03-31,KOTAKBANK.NS,Financials,1439.4,2478196
2023-04-03,KOTAKBANK.NS,Financials,1465.47,3680226
2023-04-04,KOTAKBANK.NS,Financials,1481.1,4450228
2023-04-05,KOTAKBANK.NS,Financials,1441.86,7275262
2023-04-06,KOTAKBANK.NS,Financials,1413.59,2736562
2023-04-07,KOTAKBANK.NS,Financials,1418.35,5928568
2023-04-10,KOTAKBANK.NS,Financials,1408.33,3852487
2023-04-11,KOTAKBANK.NS,Financials,1378.74,3665978
2023-04-12,KOTAKBANK.NS,Financials,1389.67,2319474
2023-04-13,KOTAKBANK.NS,Financials,1371.57,4579819
2023-04-17,KOTAKBANK.NS,Financials,1349.26,4396080
2023-04-18,KOTAKBANK.NS,Financials,1380.31,8830458
2023-04-19,KOTAKBANK.NS,Financials,1395.36,3647970
2023-04-20,KOTAKBANK.NS,Financials,1385.12,6877340
2023-04-21,KOTAKBANK.NS,Financials,1370.67,3588766
2023-04-24,KOTAKBANK.NS,Financials,1374.9,3542676
2023-04-25,KOTAKBANK.NS,Financials,1353.79,2217406
2023-04-26,KOTAKBANK.NS,Financials,1345.96,5970983
2023-04-27,KOTAKBANK.NS,Financials,1348.61,4190023
2023-04-28,KOTAKBANK.NS,Financials,1335.02,3986031
2023-05-02,KOTAKBANK.NS,Financials,1308.68,3607151
2023-05-03,KOTAKBANK.NS,Financials,1290.51,4335801
2023-05-04,KOTAKBANK.NS,Financials,1254.62,3112996
2023-05-05,KOTAKBANK.NS,Financials,1234.45,4673393
2023-05-08,KOTAKBANK.NS,Financials,1219.03,2858746
2023-05-09,KOTAKBANK.NS,Financials,1220.63,3809945
2023-05-10,KOTAKBANK.NS,Financials,1223.13,4752035
2023-05-11,KOTAKBANK.NS,Financials,1237.18,6534881
2023-05-12,KOTAKBANK.NS,Financials,1247.68,4297089
2023-05-15,KOTAKBANK.NS,Financials,1242.18,6285941
2023-05-16,KOTAKBANK.NS,Financials,1251.26,3975283
2023-05-17,KOTAKBANK.NS,Financials,1215.49,2878308
2023-05-18,KOTAKBANK.NS,Financials,1243.13,8273415
2023-05-19,KOTAKBANK.NS,Financials,1246.74,3834521
2023-05-22,KOTAKBANK.NS,Financials,1248.58,5561483
2023-05-23,KOTAKBANK.NS,Financials,1209.48,3213061
2023-05-24,KOTAKBANK.NS,Financials,1226.76,4791050
2023-05-25,KOTAKBANK.NS,Financials,1211.57,4504484
2023-05-26,KOTAKBANK.NS,Financials,1228.92,3992524
2023-05-29,KOTAKBANK.NS,Financials,1208.24,8122622
2023-05-30,KOTAKBANK.NS,Financials,1214.4,4639251
2023-05-31,KOTAKBANK.NS,Financials,1228.35,3506521
2023-06-01,KOTAKBANK.NS,Financials,1251.73,6926835
2023-06-02,KOTAKBANK.NS,Financials,1268.11,2118130
2023-06-05,KOTAKBANK.NS,Financials,1288.16,2396872
2023-06-06,KOTAKBANK.NS,Financials,1288.6,5433076
2023-06-07,KOTAKBANK.NS,Financials,1286.71,4322575
2023-06-08,KOTAKBANK.NS,Financials,1276.97,3297769
2023-06-09,KOTAKBANK.NS,Financials,1296.13,4580324
2023-06-12,KOTAKBANK.NS,Financials,1300.99,5799213
2023-06-13,KOTAKBANK.NS,Financials,1300.17,2758386
2023-06-14,KOTAKBANK.NS,Financials,1288.89,3872278
2023-06-15,KOTAKBANK.NS,Financials,1310.41,4046948
2023-06-16,KOTAKBANK.NS,Financials,1340.03,4444555
2023-06-19,KOTAKBANK.NS,Financials,1314.0,5002667
2023-06-20,KOTAKBANK.NS,Financials,1300.03,2005086
2023-06-21,KOTAKBANK.NS,Financials,1308.25,4816994
2023-06-22,KOTAKBANK.NS,Financials,1280.84,2047209
2023-06-23,KOTAKBANK.NS,Financials,1289.34,3941392
2023-06-26,KOTAKBANK.NS,Financials,1270.2,2759780
2023-06-27,KOTAKBANK.NS,Financials,1262.89,4277184
2023-06-28,KOTAKBANK.NS,Financials,1247.27,5040249
2023-06-29,KOTAKBANK.NS,Financials,1235.9,4073504
2023-06-30,KOTAKBANK.NS,Financials,1261.28,3176813
2023-07-03,KOTAKBANK.NS,Financials,1267.25,2519151
2023-07-04,KOTAKBANK.NS,Financials,1276.0,3941446
2023-07-05,KOTAKBANK.NS,Financials,1283.58,3462547
2023-07-06,KOTAKBANK.NS,Financials,1274.62,4491844
2023-07-07,KOTAKBANK.NS,Financials,1298.66,3434124
2023-07-10,KOTAKBANK.NS,Financials,1291.52,6522364
2023-07-11,KOTAKBANK.NS,Financials,1303.8,4058563
2023-07-12,KOTAKBANK.NS,Financials,1286.8,5508493
2023-07-13,KOTAKBANK.NS,Financials,1292.45,3352824
2023-07-14,KOTAKBANK.NS,Financials,1288.69,5164253
2023-07-17,KOTAKBANK.NS,Financials,1280.81,4967234
2023-07-18,KOTAKBANK.NS,Financials,1267.24,3146370
2023-07-19,KOTAKBANK.NS,Financials,1310.93,2364044
2023-07-20,KOTAKBANK.NS,Financials,1319.02,6223797
2023-07-21,KOTAKBANK.NS,Financials,1317.85,3447020
2023-07-24,KOTAKBANK.NS,Financials,1304.75,3184686
2023-07-25,KOTAKBANK.NS,Financials,1303.34,3594396
2023-07-26,KOTAKBANK.NS,Financials,1287.36,2866639
2023-07-27,KOTAKBANK.NS,Financials,1277.44,4977825
2023-07-28,KOTAKBANK.NS,Financials,1275.24,3980278
2023-07-31,KOTAKBANK.NS,Financials,1277.41,4066612
2023-08-01,KOTAKBANK.NS,Financials,1276.73,5947269
2023-08-02,KOTAKBANK.NS,Financials,1284.7,4134654
2023-08-03,KOTAKBANK.NS,Financials,1287.95,6930544
2023-08-04,KOTAKBANK.NS,Financials,1263.29,3965206
2023-08-07,KOTAKBANK.NS,Financials,1288.42,2357093
2023-08-08,KOTAKBANK.NS,Financials,1313.38,2927611
2023-08-09,KOTAKBANK.NS,Financials,1317.56,3095453
2023-08-10,KOTAKBANK.NS,Financials,1304.68,4153547
2023-08-11,KOTAKBANK.NS,Financials,1296.4,6802016
2023-08-14,KOTAKBANK.NS,Financials,1308.22,4265302
2023-08-16,KOTAKBANK.NS,Financials,1307.8,3685817
2023-08-17,KOTAKBANK.NS,Financials,1335.22,3590765
2023-08-18,KOTAKBANK.NS,Financials,1325.33,4832651
2023-08-21,KOTAKBANK.NS,Financials,1340.97,4617756
2023-08-22,KOTAKBANK.NS,Financials,1334.97,5278726
2023-08-23,KOTAKBANK.NS,Financials,1332.31,3121139
2023-08-24,KOTAKBANK.NS,Financials,1351.73,8778242
2023-08-25,KOTAKBANK.NS,Financials,1323.87,3539236
2023-08-28,KOTAKBANK.NS,Financials,1304.66,3196695
2023-08-29,KOTAKBANK.NS,Financials,1293.52,6065487
2023-08-30,KOTAKBANK.NS,Financials,1300.75,5476004
2023-08-31,KOTAKBANK.NS,Financials,1290.28,3187191
2023-09-01,KOTAKBANK.NS,Financials,1294.58,5061861
2023-09-04,KOTAKBANK.NS,Financials,1272.63,3439694
2023-09-05,KOTAKBANK.NS,Financials,1247.22,4623288
2023-09-06,KOTAKBANK.NS,Financials,1239.17,4334566
2023-09-07,KOTAKBANK.NS,Financials,1246.2,9732810
2023-09-08,KOTAKBANK.NS,Financials,1225.12,6495485
2023-09-11,KOTAKBANK.NS,Financials,1198.34,5799682
2023-09-12,KOTAKBANK.NS,Financials,1191.7,5219678
2023-09-13,KOTAKBANK.NS,Financials,1186.21,2574929
2023-09-14,KOTAKBANK.NS,Financials,1170.91,4259904
2023-09-15,KOTAKBANK.NS,Financials,1165.54,3424226
2023-09-18,KOTAKBANK.NS,Financials,1136.65,3921735
2023-09-19,KOTAKBANK.NS,Financials,1124.3,4114753
2023-09-20,KOTAKBANK.NS,Financials,1095.54,2190871
2023-09-21,KOTAKBANK.NS,Financials,1102.83,3615158
2023-09-22,KOTAKBANK.NS,Financials,1103.48,4174357
2023-09-25,KOTAKBANK.NS,Financials,1125.97,5519963
2023-09-26,KOTAKBANK.NS,Financials,1125.59,3035016
2023-09-27,KOTAKBANK.NS,Financials,1115.23,3027901
2023-09-28,KOTAKBANK.NS,Financials,1128.27,2958398
2023-09-29,KOTAKBANK.NS,Financials,1117.31,3572048
2023-10-03,KOTAKBANK.NS,Financials,1120.25,2690705
2023-10-04,KOTAKBANK.NS,Financials,1101.06,6352815
2023-10-05,KOTAKBANK.NS,Financials,1110.7,5238617
2023-10-06,KOTAKBANK.NS,Financials,1140.39,10326979
2023-10-09,KOTAKBANK.NS,Financials,1148.28,3315120
2023-10-10,KOTAKBANK.NS,Financials,1141.49,5396001
2023-10-11,KOTAKBANK.NS,Financials,1175.72,2611077
2023-10-12,KOTAKBANK.NS,Financials,1167.36,6678076
2023-10-13,KOTAKBANK.NS,Financials,1175.11,3703920
2023-10-16,KOTAKBANK.NS,Financials,1204.41,3876765
2023-10-17,KOTAKBANK.NS,Financials,1197.69,6239450
2023-10-18,KOTAKBANK.NS,Financials,1189.08,6107953
2023-10-19,KOTAKBANK.NS,Financials,1200.21,2833469
2023-10-20,KOTAKBANK.NS,Financials,1227.1,3847352
2023-10-23,KOTAKBANK.NS,Financials,1221.74,6574605
2023-10-24,KOTAKBANK.NS,Financials,1201.31,3510358
2023-10-25,KOTAKBANK.NS,Financials,1191.91,4444056
2023-10-26,KOTAKBANK.NS,Financials,1210.65,4820167
2023-10-27,KOTAKBANK.NS,Financials,1211.17,6537932
2023-10-30,KOTAKBANK.NS,Financials,1220.82,5044071
2023-10-31,KOTAKBANK.NS,Financials,1235.02,3666623
2023-11-01,KOTAKBANK.NS,Financials,1257.0,2008317
2023-11-02,KOTAKBANK.NS,Financials,1256.72,5107601
2023-11-03,KOTAKBANK.NS,Financials,1287.36,4241063
2023-11-06,KOTAKBANK.NS,Financials,1273.55,7433843
2023-11-07,KOTAKBANK.NS,Financials,1259.6,4884179
2023-11-08,KOTAKBANK.NS,Financials,1259.82,3274499
2023-11-09,KOTAKBANK.NS,Financials,1250.89,2581266
2023-11-10,KOTAKBANK.NS,Financials,1233.29,3758862
2023-11-13,KOTAKBANK.NS,Financials,1204.42,4533360
2023-11-14,KOTAKBANK.NS,Financials,1206.34,4141828
2023-11-15,KOTAKBANK.NS,Financials,1228.74,2567022
2023-11-16,KOTAKBANK.NS,Financials,1217.78,1505464
2023-11-17,KOTAKBANK.NS,Financials,1190.37,2856355
2023-11-20,KOTAKBANK.NS,Financials,1183.33,1700204
2023-11-21,KOTAKBANK.NS,Financials,1179.3,2831869
2023-11-22,KOTAKBANK.NS,Financials,1184.16,4344933
2023-11-23,KOTAKBANK.NS,Financials,1175.78,6623504
2023-11-24,KOTAKBANK.NS,Financials,1174.92,1695234
2023-11-27,KOTAKBANK.NS,Financials,1159.44,2788895
2023-11-28,KOTAKBANK.NS,Financials,1169.8,4585277
2023-11-29,KOTAKBANK.NS,Financials,1169.22,3410286
2023-11-30,KOTAKBANK.NS,Financials,1160.96,4226645
2023-12-01,KOTAKBANK.NS,Financials,1148.73,4556327
2023-12-04,KOTAKBANK.NS,Financials,1144.06,3456840
2023-12-05,KOTAKBANK.NS,Financials,1135.07,6086854
2023-12-06,KOTAKBANK.NS,Financials,1151.19,9343041
2023-12-07,KOTAKBANK.NS,Financials,1151.51,2748265
2023-12-08,KOTAKBANK.NS,Financials,1159.1,5522958
2023-12-11,KOTAKBANK.NS,Financials,1166.88,8349726
2023-12-12,KOTAKBANK.NS,Financials,1196.14,6625948
2023-12-13,KOTAKBANK.NS,Financials,1200.15,3137168
2023-12-14,KOTAKBANK.NS,Financials,1199.76,3559534
2023-12-15,KOTAKBANK.NS,Financials,1200.85,2177305
2023-12-18,KOTAKBANK.NS,Financials,1187.63,3270695
2023-12-19,KOTAKBANK.NS,Financials,1191.4,3305562
2023-12-20,KOTAKBANK.NS,Financials,1190.74,4686205
2023-12-21,KOTAKBANK.NS,Financials,1194.6,2682661
2023-12-22,KOTAKBANK.NS,Financials,1205.93,4094954
2023-12-26,KOTAKBANK.NS,Financials,1235.19,4294784
2023-12-27,KOTAKBANK.NS,Financials,1209.27,3392058
2023-12-28,KOTAKBANK.NS,Financials,1221.15,5354357
2023-12-29,KOTAKBANK.NS,Financials,1207.04,3408521
2024-01-01,KOTAKBANK.NS,Financials,1201.16,4474538
2024-01-02,KOTAKBANK.NS,Financials,1223.62,2534072
2024-01-03,KOTAKBANK.NS,Financials,1218.13,3040491
2024-01-04,KOTAKBANK.NS,Financials,1219.72,5587851
2024-01-05,KOTAKBANK.NS,Financials,1208.87,2224729
2024-01-08,KOTAKBANK.NS,Financials,1205.31,5196153
2024-01-09,KOTAKBANK.NS,Financials,1198.54,3560418
2024-01-10,KOTAKBANK.NS,Financials,1206.5,1960750
2024-01-11,KOTAKBANK.NS,Financials,1229.89,3417153
2024-01-12,KOTAKBANK.NS,Financials,1220.57,5162689
2024-01-15,KOTAKBANK.NS,Financials,1228.35,8952177
2024-01-16,KOTAKBANK.NS,Financials,1217.67,7671167
2024-01-17,KOTAKBANK.NS,Financials,1197.25,2882960
2024-01-18,KOTAKBANK.NS,Financials,1207.32,5281372
2024-01-19,KOTAKBANK.NS,Financials,1207.61,3413571
2024-01-22,KOTAKBANK.NS,Financials,1203.68,3223568
2024-01-23,KOTAKBANK.NS,Financials,1208.83,5677879
2024-01-24,KOTAKBANK.NS,Financials,1212.98,4323209
2024-01-25,KOTAKBANK.NS,Financials,1219.16,4328954
2024-01-29,KOTAKBANK.NS,Financials,1219.91,2219760
2024-01-30,KOTAKBANK.NS,Financials,1201.81,2847062
2024-01-31,KOTAKBANK.NS,Financials,1170.11,2913231
2024-02-01,KOTAKBANK.NS,Financials,1171.62,4777547
2024-02-02,KOTAKBANK.NS,Financials,1192.17,5158513
2024-02-05,KOTAKBANK.NS,Financials,1185.35,7329392
2024-02-06,KOTAKBANK.NS,Financials,1159.05,2872288
2024-02-07,KOTAKBANK.NS,Financials,1154.88,7390578
2024-02-08,KOTAKBANK.NS,Financials,1123.57,3645120
2024-02-09,KOTAKBANK.NS,Financials,1110.35,4104760
2024-02-12,KOTAKBANK.NS,Financials,1109.43,3832732
2024-02-13,KOTAKBANK.NS,Financials,1115.66,4363136
2024-02-14,KOTAKBANK.NS,Financials,1089.99,5096328
2024-02-15,KOTAKBANK.NS,Financials,1101.19,5740998
2024-02-16,KOTAKBANK.NS,Financials,1101.62,3665453
2024-02-19,KOTAKBANK.NS,Financials,1102.35,4118748
2024-02-20,KOTAKBANK.NS,Financials,1110.29,2902595
2024-02-21,KOTAKBANK.NS,Financials,1113.9,5061828
2024-02-22,KOTAKBANK.NS,Financials,1095.34,4382428
2024-02-23,KOTAKBANK.NS,Financials,1112.83,3041874
2024-02-26,KOTAKBANK.NS,Financials,1101.96,2583897
2024-02-27,KOTAKBANK.NS,Financials,1110.53,4223937
2024-02-28,KOTAKBANK.NS,Financials,1108.99,6307707
2024-02-29,KOTAKBANK.NS,Financials,1092.44,6956284
2024-03-01,KOTAKBANK.NS,Financials,1105.15,2538929
2024-03-04,KOTAKBANK.NS,Financials,1132.63,5537577
2024-03-05,KOTAKBANK.NS,Financials,1132.65,5278350
2024-03-06,KOTAKBANK.NS,Financials,1108.9,6483038
2024-03-07,KOTAKBANK.NS,Financials,1115.64,4715858
2024-03-11,KOTAKBANK.NS,Financials,1101.09,3551816
2024-03-12,KOTAKBANK.NS,Financials,1110.75,5256997
2024-03-13,KOTAKBANK.NS,Financials,1124.07,1620275
2024-03-14,KOTAKBANK.NS,Financials,1098.96,2821998
2024-03-15,KOTAKBANK.NS,Financials,1108.21,2945148
2024-03-18,KOTAKBANK.NS,Financials,1102.19,3155190
2024-03-19,KOTAKBANK.NS,Financials,1120.03,2345412
2024-03-20,KOTAKBANK.NS,Financials,1105.25,3277118
2024-03-21,KOTAKBANK.NS,Financials,1099.92,3289440
2024-03-22,KOTAKBANK.NS,Financials,1070.04,3641002
2024-03-25,KOTAKBANK.NS,Financials,1090.73,4409805
2024-03-26,KOTAKBANK.NS,Financials,1081.54,2576819
2024-03-27,KOTAKBANK.NS,Financials,1113.1,3407630
2024-03-28,KOTAKBANK.NS,Financials,1115.29,3866934
2024-03-29,KOTAKBANK.NS,Financials,1104.79,2086773
2024-04-01,KOTAKBANK.NS,Financials,1120.76,3891151
2024-04-02,KOTAKBANK.NS,Financials,1132.34,4340733
2024-04-03,KOTAKBANK.NS,Financials,1124.52,5205967
2024-04-04,KOTAKBANK.NS,Financials,1130.19,2515646
2024-04-05,KOTAKBANK.NS,Financials,1135.7,3786465
2024-04-08,KOTAKBANK.NS,Financials,1115.01,6162051
2024-04-09,KOTAKBANK.NS,Financials,1125.96,2174770
2024-04-10,KOTAKBANK.NS,Financials,1124.66,3983346
2024-04-11,KOTAKBANK.NS,Financials,1126.27,2343415
2024-04-12,KOTAKBANK.NS,Financials,1120.52,3435471
2024-04-15,KOTAKBANK.NS,Financials,1144.05,3012409
2024-04-16,KOTAKBANK.NS,Financials,1133.26,4551626
2024-04-17,KOTAKBANK.NS,Financials,1108.98,3600798
2024-04-18,KOTAKBANK.NS,Financials,1087.98,2554036
2024-04-19,KOTAKBANK.NS,Financials,1107.59,6804726
2024-04-22,KOTAKBANK.NS,Financials,1097.46,4249522
2024-04-23,KOTAKBANK.NS,Financials,1078.19,5640002
2024-04-24,KOTAKBANK.NS,Financials,1070.69,2721431
2024-04-25,KOTAKBANK.NS,Financials,1069.25,3479480
2024-04-26,KOTAKBANK.NS,Financials,1062.55,5664261
2024-04-29,KOTAKBANK.NS,Financials,1044.91,3070989
2024-04-30,KOTAKBANK.NS,Financials,1058.49,3985701
2024-05-02,KOTAKBANK.NS,Financials,1051.51,3902346
2024-05-03,KOTAKBANK.NS,Financials,1054.88,1746226
2024-05-06,KOTAKBANK.NS,Financials,1050.97,3897843
2024-05-07,KOTAKBANK.NS,Financials,1019.71,3448322
2024-05-08,KOTAKBANK.NS,Financials,1032.48,3767563
2024-05-09,KOTAKBANK.NS,Financials,1038.16,3103936
2024-05-10,KOTAKBANK.NS,Financials,1040.96,2543070
2024-05-13,KOTAKBANK.NS,Financials,1037.65,3003421
2024-05-14,KOTAKBANK.NS,Financials,1042.58,3320502
2024-05-15,KOTAKBANK.NS,Financials,1042.11,4937779
2024-05-16,KOTAKBANK.NS,Financials,1046.37,3282321
2024-05-17,KOTAKBANK.NS,Financials,1056.38,4149394
2024-05-20,KOTAKBANK.NS,Financials,1055.05,4283990
2024-05-21,KOTAKBANK.NS,Financials,1046.05,3304138
2024-05-22,KOTAKBANK.NS,Financials,1027.1,5609612
2024-05-23,KOTAKBANK.NS,Financials,1018.64,3501602
2024-05-24,KOTAKBANK.NS,Financials,1044.49,3280868
2024-05-27,KOTAKBANK.NS,Financials,1045.31,5877866
2024-05-28,KOTAKBANK.NS,Financials,1022.09,4188875
2024-05-29,KOTAKBANK.NS,Financials,1032.6,1728709
2024-05-30,KOTAKBANK.NS,Financials,1040.54,1574457
2024-05-31,KOTAKBANK.NS,Financials,1058.36,6974030
2024-06-03,KOTAKBANK.NS,Financials,1064.03,4110335
2024-06-04,KOTAKBANK.NS,Financials,1059.7,3757045
2024-06-05,KOTAKBANK.NS,Financials,1095.85,1836759
2024-06-06,KOTAKBANK.NS,Financials,1079.07,3793533
2024-06-07,KOTAKBANK.NS,Financials,1100.03,2760334
2024-06-10,KOTAKBANK.NS,Financials,1116.46,3575246
2024-06-11,KOTAKBANK.NS,Financials,1150.34,3094279
2024-06-12,KOTAKBANK.NS,Financials,1135.36,3607954
2024-06-13,KOTAKBANK.NS,Financials,1152.13,4272661
2024-06-14,KOTAKBANK.NS,Financials,1164.53,4549256
2024-06-17,KOTAKBANK.NS,Financials,1172.93,3902532
2024-06-18,KOTAKBANK.NS,Financials,1151.36,4144579
2024-06-19,KOTAKBANK.NS,Financials,1181.38,2138140
2024-06-20,KOTAKBANK.NS,Financials,1171.2,3877212
2024-06-21,KOTAKBANK.NS,Financials,1176.72,4292680
2024-06-24,KOTAKBANK.NS,Financials,1198.76,3883497
2024-06-25,KOTAKBANK.NS,Financials,1198.37,6716324
2024-06-26,KOTAKBANK.NS,Financials,1193.85,3640062
2024-06-27,KOTAKBANK.NS,Financials,1225.27,2511728
2024-06-28,KOTAKBANK.NS,Financials,1227.46,3992120
2024-07-01,KOTAKBANK.NS,Financials,1221.47,3265773
2024-07-02,KOTAKBANK.NS,Financials,1173.82,2183169
2024-07-03,KOTAKBANK.NS,Financials,1188.85,3589064
2024-07-04,KOTAKBANK.NS,Financials,1200.94,6692780
2024-07-05,KOTAKBANK.NS,Financials,1206.8,3509142
2024-07-08,KOTAKBANK.NS,Financials,1219.07,5833617
2024-07-09,KOTAKBANK.NS,Financials,1224.13,5132725
2024-07-10,KOTAKBANK.NS,Financials,1234.64,9142171
2024-07-11,KOTAKBANK.NS,Financials,1213.54,4680262
2024-07-12,KOTAKBANK.NS,Financials,1210.52,4101054
2024-07-15,KOTAKBANK.NS,Financials,1219.73,4119684
2024-07-16,KOTAKBANK.NS,Financials,1252.12,4401553
2024-07-17,KOTAKBANK.NS,Financials,1250.36,3645606
2024-07-18,KOTAKBANK.NS,Financials,1255.97,3341889
2024-07-19,KOTAKBANK.NS,Financials,1258.27,4691974
2024-07-22,KOTAKBANK.NS,Financials,1262.98,3199731
2024-07-23,KOTAKBANK.NS,Financials,1243.27,2077304
2024-07-24,KOTAKBANK.NS,Financials,1235.6,2524104
2024-07-25,KOTAKBANK.NS,Financials,1244.82,7105703
2024-07-26,KOTAKBANK.NS,Financials,1279.97,3570949
2024-07-29,KOTAKBANK.NS,Financials,1257.24,5224729
2024-07-30,KOTAKBANK.NS,Financials,1286.14,3127573
2024-07-31,KOTAKBANK.NS,Financials,1295.0,5450614
2024-08-01,KOTAKBANK.NS,Financials,1288.71,4596545
2024-08-02,KOTAKBANK.NS,Financials,1280.26,8015307
2024-08-05,KOTAKBANK.NS,Financials,1284.47,6329998
2024-08-06,KOTAKBANK.NS,Financials,1280.93,5165388
2024-08-07,KOTAKBANK.NS,Financials,1284.87,3249267
2024-08-08,KOTAKBANK.NS,Financials,1276.29,2645801
2024-08-09,KOTAKBANK.NS,Financials,1253.33,3801502
2024-08-12,KOTAKBANK.NS,Financials,1262.07,4019479
2024-08-13,KOTAKBANK.NS,Financials,1276.08,3460327
2024-08-14,KOTAKBANK.NS,Financials,1283.69,5110453
2024-08-16,KOTAKBANK.NS,Financials,1263.82,4102594
2024-08-19,KOTAKBANK.NS,Financials,1268.01,3989408
2024-08-20,KOTAKBANK.NS,Financials,1277.29,6806835
2024-08-21,KOTAKBANK.NS,Financials,1290.85,4141742
2024-08-22,KOTAKBANK.NS,Financials,1282.15,2484694
2024-08-23,KOTAKBANK.NS,Financials,1254.04,5713674
2024-08-26,KOTAKBANK.NS,Financials,1236.79,4296573
2024-08-27,KOTAKBANK.NS,Financials,1221.73,3629562
2024-08-28,KOTAKBANK.NS,Financials,1207.32,2857374
2024-08-29,KOTAKBANK.NS,Financials,1232.14,6208438
2024-08-30,KOTAKBANK.NS,Financials,1210.05,7214485
2024-09-02,KOTAKBANK.NS,Financials,1203.59,3155505
2024-09-03,KOTAKBANK.NS,Financials,1234.55,4431084
2024-09-04,KOTAKBANK.NS,Financials,1240.11,4655921
2024-09-05,KOTAKBANK.NS,Financials,1227.57,2168965
2024-09-06,KOTAKBANK.NS,Financials,1236.05,3932185
2024-09-09,KOTAKBANK.NS,Financials,1220.0,2170737
2024-09-10,KOTAKBANK.NS,Financials,1225.46,3967345
2024-09-11,KOTAKBANK.NS,Financials,1211.27,8815787
2024-09-12,KOTAKBANK.NS,Financials,1233.9,2404369
2024-09-13,KOTAKBANK.NS,Financials,1260.59,7699678
2024-09-16,KOTAKBANK.NS,Financials,1253.35,7435180
2024-09-17,KOTAKBANK.NS,Financials,1252.25,3985003
2024-09-18,KOTAKBANK.NS,Financials,1248.51,4781689
2024-09-19,KOTAKBANK.NS,Financials,1267.31,3615733
2024-09-20,KOTAKBANK.NS,Financials,1276.36,3414314
2024-09-23,KOTAKBANK.NS,Financials,1263.36,4287289
2024-09-24,KOTAKBANK.NS,Financials,1260.42,3044476
2024-09-25,KOTAKBANK.NS,Financials,1230.93,4711832
2024-09-26,KOTAKBANK.NS,Financials,1267.8,4051209
2024-09-27,KOTAKBANK.NS,Financials,1252.96,2748127
2024-09-30,KOTAKBANK.NS,Financials,1251.51,5118320
2024-10-01,KOTAKBANK.NS,Financials,1266.79,5165419
2024-10-03,KOTAKBANK.NS,Financials,1265.56,5915296
2024-10-04,KOTAKBANK.NS,Financials,1253.77,3375677
2024-10-07,KOTAKBANK.NS,Financials,1236.73,5723721
2024-10-08,KOTAKBANK.NS,Financials,1257.19,8523536
2024-10-09,KOTAKBANK.NS,Financials,1262.47,4034481
2024-10-10,KOTAKBANK.NS,Financials,1261.71,4162135
2024-10-11,KOTAKBANK.NS,Financials,1247.41,5063321
2024-10-14,KOTAKBANK.NS,Financials,1259.99,1871053
2024-10-15,KOTAKBANK.NS,Financials,1253.84,2475273
2024-10-16,KOTAKBANK.NS,Financials,1264.75,3292783
2024-10-17,KOTAKBANK.NS,Financials,1259.51,3543531
2024-10-18,KOTAKBANK.NS,Financials,1273.4,4152688
2024-10-21,KOTAKBANK.NS,Financials,1288.61,4384302
2024-10-22,KOTAKBANK.NS,Financials,1283.06,2469312
2024-10-23,KOTAKBANK.NS,Financials,1291.61,5976159
2024-10-24,KOTAKBANK.NS,Financials,1307.3,4486546
2024-10-25,KOTAKBANK.NS,Financials,1311.4,4077248
2024-10-28,KOTAKBANK.NS,Financials,1306.29,4740678
2024-10-29,KOTAKBANK.NS,Financials,1272.63,3219165
2024-10-30,KOTAKBANK.NS,Financials,1273.15,3672993
2024-10-31,KOTAKBANK.NS,Financials,1263.42,2733407
2024-11-04,KOTAKBANK.NS,Financials,1279.52,1846118
2024-11-05,KOTAKBANK.NS,Financials,1301.09,3675742
2024-11-06,KOTAKBANK.NS,Financials,1291.74,7301665
2024-11-07,KOTAKBANK.NS,Financials,1288.09,3272166
2024-11-08,KOTAKBANK.NS,Financials,1292.48,2315553
2024-11-11,KOTAKBANK.NS,Financials,1298.78,4865374
2024-11-12,KOTAKBANK.NS,Financials,1294.97,3376844
2024-11-13,KOTAKBANK.NS,Financials,1293.63,4653267
2024-11-14,KOTAKBANK.NS,Financials,1295.78,5031791
2024-11-15,KOTAKBANK.NS,Financials,1288.06,3344115
2024-11-18,KOTAKBANK.NS,Financials,1297.57,4616632
2024-11-19,KOTAKBANK.NS,Financials,1282.06,3943546
2024-11-20,KOTAKBANK.NS,Financials,1273.45,2005182
2024-11-21,KOTAKBANK.NS,Financials,1314.65,3323059
2024-11-22,KOTAKBANK.NS,Financials,1319.09,2986419
2024-11-25,KOTAKBANK.NS,Financials,1322.32,2355222
2024-11-26,KOTAKBANK.NS,Financials,1296.75,2968141
2024-11-27,KOTAKBANK.NS,Financials,1281.83,5050118
2024-11-28,KOTAKBANK.NS,Financials,1271.16,4012432
2024-11-29,KOTAKBANK.NS,Financials,1260.44,2085441
2024-12-02,KOTAKBANK.NS,Financials,1227.46,2706555
2024-12-03,KOTAKBANK.NS,Financials,1220.21,4014057
2024-12-04,KOTAKBANK.NS,Financials,1198.18,3988638
2024-12-05,KOTAKBANK.NS,Financials,1202.7,3569187
2024-12-06,KOTAKBANK.NS,Financials,1205.57,5197483
2024-12-09,KOTAKBANK.NS,Financials,1205.78,4543236
2024-12-10,KOTAKBANK.NS,Financials,1208.31,3269084
2024-12-11,KOTAKBANK.NS,Financials,1201.21,3152312
2024-12-12,KOTAKBANK.NS,Financials,1190.03,3720831
2024-12-13,KOTAKBANK.NS,Financials,1179.12,1925649
2024-12-16,KOTAKBANK.NS,Financials,1188.83,4422604
2024-12-17,KOTAKBANK.NS,Financials,1206.89,2572098
2024-12-18,KOTAKBANK.NS,Financials,1222.63,6097168
2024-12-19,KOTAKBANK.NS,Financials,1211.9,2193060
2024-12-20,KOTAKBANK.NS,Financials,1241.65,4544195
2024-12-23,KOTAKBANK.NS,Financials,1242.52,1988856
2024-12-24,KOTAKBANK.NS,Financials,1247.05,3185203
2024-12-26,KOTAKBANK.NS,Financials,1249.88,4585598
2024-12-27,KOTAKBANK.NS,Financials,1285.81,5504529
2024-12-30,KOTAKBANK.NS,Financials,1270.85,5408347
2024-12-31,KOTAKBANK.NS,Financials,1291.78,5078614
2025-01-01,KOTAKBANK.NS,Financials,1298.49,5279705
2025-01-02,KOTAKBANK.NS,Financials,1288.62,5438234
2025-01-03,KOTAKBANK.NS,Financials,1280.49,3275211
2025-01-06,KOTAKBANK.NS,Financials,1294.73,3485441
2025-01-07,KOTAKBANK.NS,Financials,1294.85,5047302
2025-01-08,KOTAKBANK.NS,Financials,1295.58,5841355
2025-01-09,KOTAKBANK.NS,Financials,1287.25,3763295
2025-01-10,KOTAKBANK.NS,Financials,1304.61,3285718
2025-01-13,KOTAKBANK.NS,Financials,1310.68,3247437
2025-01-14,KOTAKBANK.NS,Financials,1303.8,2962418
2025-01-15,KOTAKBANK.NS,Financials,1301.41,4664378
2025-01-16,KOTAKBANK.NS,Financials,1301.55,5883355
2025-01-17,KOTAKBANK.NS,Financials,1346.64,4688963
2025-01-20,KOTAKBANK.NS,Financials,1369.17,3931746
2025-01-21,KOTAKBANK.NS,Financials,1409.62,7742168
2025-01-22,KOTAKBANK.NS,Financials,1440.33,3966747
2025-01-23,KOTAKBANK.NS,Financials,1430.93,6448127
2025-01-24,KOTAKBANK.NS,Financials,1462.77,2718687
2025-01-27,KOTAKBANK.NS,Financials,1461.23,4295384
2025-01-28,KOTAKBANK.NS,Financials,1472.54,2824218
2025-01-29,KOTAKBANK.NS,Financials,1455.95,2886241
2025-01-30,KOTAKBANK.NS,Financials,1443.83,3002926
2025-01-31,KOTAKBANK.NS,Financials,1448.8,4079051
2025-02-03,KOTAKBANK.NS,Financials,1468.3,3394180
2025-02-04,KOTAKBANK.NS,Financials,1470.39,1934129
2025-02-05,KOTAKBANK.NS,Financials,1475.77,3427695
2025-02-06,KOTAKBANK.NS,Financials,1470.66,3207260
2025-02-07,KOTAKBANK.NS,Financials,1506.96,2164827
2025-02-10,KOTAKBANK.NS,Financials,1505.28,4678318
2025-02-11,KOTAKBANK.NS,Financials,1517.6,5039445
2025-02-12,KOTAKBANK.NS,Financials,1523.0,4954693
2025-02-13,KOTAKBANK.NS,Financials,1510.41,7247194
2025-02-14,KOTAKBANK.NS,Financials,1468.97,2696005
2025-02-17,KOTAKBANK.NS,Financials,1435.93,2719351
2025-02-18,KOTAKBANK.NS,Financials,1438.93,3944983
2025-02-19,KOTAKBANK.NS,Financials,1449.18,3829819
2025-02-20,KOTAKBANK.NS,Financials,1466.97,4183892
2025-02-21,KOTAKBANK.NS,Financials,1452.81,5349884
2025-02-24,KOTAKBANK.NS,Financials,1435.73,3650807
2025-02-25,KOTAKBANK.NS,Financials,1427.69,5731563
2025-02-26,KOTAKBANK.NS,Financials,1440.14,3048128
2025-02-27,KOTAKBANK.NS,Financials,1448.56,3343585
2025-02-28,KOTAKBANK.NS,Financials,1444.92,2706361
2025-03-03,KOTAKBANK.NS,Financials,1454.11,1209819
2025-03-04,KOTAKBANK.NS,Financials,1460.42,2163952
2025-03-05,KOTAKBANK.NS,Financials,1485.78,5461471
2025-03-06,KOTAKBANK.NS,Financials,1484.5,5873092
2025-03-07,KOTAKBANK.NS,Financials,1490.06,2551805
2025-03-10,KOTAKBANK.NS,Financials,1456.98,5531709
2025-03-11,KOTAKBANK.NS,Financials,1457.32,1706669
2025-03-12,KOTAKBANK.NS,Financials,1445.29,2782827
2025-03-13,KOTAKBANK.NS,Financials,1421.84,3390021
2025-03-14,KOTAKBANK.NS,Financials,1402.34,5773579
2025-03-17,KOTAKBANK.NS,Financials,1393.83,7513779
2025-03-18,KOTAKBANK.NS,Financials,1389.18,3395309
2025-03-19,KOTAKBANK.NS,Financials,1387.88,3898295
2025-03-20,KOTAKBANK.NS,Financials,1387.92,5747347
2025-03-21,KOTAKBANK.NS,Financials,1438.29,8769002
2025-03-24,KOTAKBANK.NS,Financials,1471.53,6051278
2025-03-25,KOTAKBANK.NS,Financials,1437.96,2614145
2025-03-26,KOTAKBANK.NS,Financials,1464.72,5425188
2025-03-27,KOTAKBANK.NS,Financials,1489.94,3184768
2025-03-28,KOTAKBANK.NS,Financials,1459.77,6519726
2025-03-31,KOTAKBANK.NS,Financials,1449.43,4983018
2025-04-01,KOTAKBANK.NS,Financials,1476.95,2791264
2025-04-02,KOTAKBANK.NS,Financials,1501.56,5878453
2025-04-03,KOTAKBANK.NS,Financials,1482.06,4804840
2025-04-04,KOTAKBANK.NS,Financials,1520.3,4590257
2025-04-07,KOTAKBANK.NS,Financials,1503.91,4034911
2025-04-08,KOTAKBANK.NS,Financials,1460.32,3324131
2025-04-09,KOTAKBANK.NS,Financials,1482.98,4955715
2025-04-10,KOTAKBANK.NS,Financials,1501.75,8628264
2025-04-11,KOTAKBANK.NS,Financials,1500.44,7786272
2025-04-15,KOTAKBANK.NS,Financials,1501.0,3743242
2025-04-16,KOTAKBANK.NS,Financials,1476.71,1911946
2025-04-17,KOTAKBANK.NS,Financials,1442.59,3296410
2025-04-18,KOTAKBANK.NS,Financials,1429.9,4202242
2025-04-21,KOTAKBANK.NS,Financials,1399.39,4411965
2025-04-22,KOTAKBANK.NS,Financials,1384.28,5468191
2025-04-23,KOTAKBANK.NS,Financials,1383.92,5148180
2025-04-24,KOTAKBANK.NS,Financials,1360.44,5174875
2025-04-25,KOTAKBANK.NS,Financials,1349.29,3198842
2025-04-28,KOTAKBANK.NS,Financials,1357.22,3324860
2025-04-29,KOTAKBANK.NS,Financials,1361.04,2734582
2025-04-30,KOTAKBANK.NS,Financials,1379.02,4373094
2025-05-02,KOTAKBANK.NS,Financials,1330.15,5404863
2025-05-05,KOTAKBANK.NS,Financials,1314.26,5804592
2025-05-06,KOTAKBANK.NS,Financials,1294.27,1659632
2025-05-07,KOTAKBANK.NS,Financials,1318.39,4707548
2025-05-08,KOTAKBANK.NS,Financials,1305.84,2772572
2025-05-09,KOTAKBANK.NS,Financials,1297.12,4908955
2025-05-12,KOTAKBANK.NS,Financials,1315.79,2766148
2025-05-13,KOTAKBANK.NS,Financials,1331.73,5163265
2025-05-14,KOTAKBANK.NS,Financials,1365.21,3183227
2025-05-15,KOTAKBANK.NS,Financials,1337.38,3206937
2025-05-16,KOTAKBANK.NS,Financials,1335.39,5289476
2025-05-19,KOTAKBANK.NS,Financials,1315.25,3291779
2025-05-20,KOTAKBANK.NS,Financials,1282.38,5584913
2025-05-21,KOTAKBANK.NS,Financials,1285.17,5176668
2025-05-22,KOTAKBANK.NS,Financials,1268.15,3840277
2025-05-23,KOTAKBANK.NS,Financials,1270.61,3406768
2025-05-26,KOTAKBANK.NS,Financials,1270.68,6241174
2025-05-27,KOTAKBANK.NS,Financials,1269.89,5338707
2025-05-28,KOTAKBANK.NS,Financials,1303.21,7094788
2025-05-29,KOTAKBANK.NS,Financials,1312.26,2169546
2025-05-30,KOTAKBANK.NS,Financials,1321.37,3608551
2025-06-02,KOTAKBANK.NS,Financials,1332.13,3404549
2025-06-03,KOTAKBANK.NS,Financials,1331.24,4776715
2025-06-04,KOTAKBANK.NS,Financials,1351.05,2864258
2025-06-05,KOTAKBANK.NS,Financials,1350.09,3009095
2025-06-06,KOTAKBANK.NS,Financials,1335.34,4050454
2025-06-09,KOTAKBANK.NS,Financials,1330.37,2070949
2025-06-10,KOTAKBANK.NS,Financials,1326.38,1974722
2025-06-11,KOTAKBANK.NS,Financials,1302.26,3835054
2025-06-12,KOTAKBANK.NS,Financials,1325.04,10109039
2025-06-13,KOTAKBANK.NS,Financials,1335.04,4154627
2025-06-16,KOTAKBANK.NS,Financials,1354.66,3499784
2025-06-17,KOTAKBANK.NS,Financials,1344.98,4643529
2025-06-18,KOTAKBANK.NS,Financials,1372.99,4888675
2025-06-19,KOTAKBANK.NS,Financials,1380.21,3817590
2025-06-20,KOTAKBANK.NS,Financials,1384.35,3151350
2025-06-23,KOTAKBANK.NS,Financials,1411.33,2306083
2025-06-24,KOTAKBANK.NS,Financials,1422.67,5472313
2025-06-25,KOTAKBANK.NS,Financials,1437.09,3386312
2025-06-26,KOTAKBANK.NS,Financials,1420.77,4713691
2025-06-27,KOTAKBANK.NS,Financials,1459.63,5779497
2025-06-30,KOTAKBANK.NS,Financials,1466.35,3586138
2025-07-01,KOTAKBANK.NS,Financials,1426.45,2390715
2025-07-02,KOTAKBANK.NS,Financials,1445.93,3688496
2025-07-03,KOTAKBANK.NS,Financials,1440.18,3781279
2025-07-04,KOTAKBANK.NS,Financials,1434.72,4748265
2025-07-07,KOTAKBANK.NS,Financials,1449.31,3268470
2025-07-08,KOTAKBANK.NS,Financials,1414.52,3210596
2025-07-09,KOTAKBANK.NS,Financials,1422.11,3488755
2025-07-10,KOTAKBANK.NS,Financials,1401.94,4547849
2025-07-11,KOTAKBANK.NS,Financials,1398.09,5471075
2025-07-14,KOTAKBANK.NS,Financials,1410.85,9035452
2025-07-15,KOTAKBANK.NS,Financials,1396.18,7842867
2025-07-16,KOTAKBANK.NS,Financials,1369.75,3810349
2025-07-17,KOTAKBANK.NS,Financials,1383.54,3104655
2025-07-18,KOTAKBANK.NS,Financials,1372.99,3210053
2025-07-21,KOTAKBANK.NS,Financials,1361.03,2522027
2025-07-22,KOTAKBANK.NS,Financials,1381.96,4170308
2025-07-23,KOTAKBANK.NS,Financials,1450.47,2823136
2025-07-24,KOTAKBANK.NS,Financials,1427.89,2710297
2025-07-25,KOTAKBANK.NS,Financials,1400.12,2773592
2025-07-28,KOTAKBANK.NS,Financials,1412.84,5449104
2025-07-29,KOTAKBANK.NS,Financials,1399.81,3879035
2025-07-30,KOTAKBANK.NS,Financials,1407.59,2478214
2025-07-31,KOTAKBANK.NS,Financials,1407.61,5435240
2025-08-01,KOTAKBANK.NS,Financials,1411.41,6058216
2025-08-04,KOTAKBANK.NS,Financials,1435.54,3399329
2025-08-05,KOTAKBANK.NS,Financials,1456.18,3035103
2025-08-06,KOTAKBANK.NS,Financials,1442.61,2942220
2025-08-07,KOTAKBANK.NS,Financials,1463.07,4381215
2025-08-08,KOTAKBANK.NS,Financials,1466.37,5493342
2025-08-11,KOTAKBANK.NS,Financials,1459.22,4235411
2025-08-12,KOTAKBANK.NS,Financials,1464.54,2493042
2025-08-13,KOTAKBANK.NS,Financials,1455.18,5794718
2025-08-14,KOTAKBANK.NS,Financials,1460.29,3917616
2025-08-18,KOTAKBANK.NS,Financials,1450.67,3721580
2025-08-19,KOTAKBANK.NS,Financials,1462.92,4642944
2025-08-20,KOTAKBANK.NS,Financials,1460.7,5752760
2025-08-21,KOTAKBANK.NS,Financials,1440.02,2680391
2025-08-22,KOTAKBANK.NS,Financials,1440.13,2496644
2025-08-25,KOTAKBANK.NS,Financials,1409.1,3926331
2025-08-26,KOTAKBANK.NS,Financials,1380.26,3942562
2025-08-27,KOTAKBANK.NS,Financials,1397.98,5475624
2025-08-28,KOTAKBANK.NS,Financials,1388.76,6222896
2025-08-29,KOTAKBANK.NS,Financials,1385.27,3348212
2025-09-01,KOTAKBANK.NS,Financials,1368.48,4479034
2025-09-02,KOTAKBANK.NS,Financials,1404.42,4689338
2025-09-03,KOTAKBANK.NS,Financials,1416.76,4851886
2025-09-04,KOTAKBANK.NS,Financials,1416.51,2263873
2025-09-05,KOTAKBANK.NS,Financials,1402.51,4792635
2025-09-08,KOTAKBANK.NS,Financials,1407.02,2984654
2025-09-09,KOTAKBANK.NS,Financials,1408.62,4877637
2025-09-10,KOTAKBANK.NS,Financials,1402.12,2663470
2025-09-11,KOTAKBANK.NS,Financials,1426.35,4075518
2025-09-12,KOTAKBANK.NS,Financials,1404.58,3582699
2025-09-15,KOTAKBANK.NS,Financials,1417.71,8413763
2025-09-16,KOTAKBANK.NS,Financials,1400.9,2917095
2025-09-17,KOTAKBANK.NS,Financials,1395.95,2841393
2025-09-18,KOTAKBANK.NS,Financials,1385.65,6665094
2025-09-19,KOTAKBANK.NS,Financials,1379.94,5371443
2025-09-22,KOTAKBANK.NS,Financials,1396.99,4338926
2025-09-23,KOTAKBANK.NS,Financials,1403.36,3328685
2025-09-24,KOTAKBANK.NS,Financials,1413.87,2630090
2025-09-25,KOTAKBANK.NS,Financials,1416.11,3382459
2025-09-26,KOTAKBANK.NS,Financials,1414.15,3259661
2025-09-29,KOTAKBANK.NS,Financials,1381.73,3075986
2025-09-30,KOTAKBANK.NS,Financials,1350.36,3285818
2025-10-01,KOTAKBANK.NS,Financials,1370.33,3232673
2025-10-03,KOTAKBANK.NS,Financials,1368.86,5510237
2025-10-06,KOTAKBANK.NS,Financials,1368.4,2415496
2025-10-07,KOTAKBANK.NS,Financials,1357.93,4514905
2025-10-08,KOTAKBANK.NS,Financials,1366.05,4322128
2025-10-09,KOTAKBANK.NS,Financials,1373.36,3845766
2025-10-10,KOTAKBANK.NS,Financials,1403.9,4970909
2025-10-13,KOTAKBANK.NS,Financials,1386.09,4574194
2025-10-14,KOTAKBANK.NS,Financials,1357.2,4077820
2025-10-15,KOTAKBANK.NS,Financials,1369.1,5792306
2025-10-16,KOTAKBANK.NS,Financials,1355.82,1666700
2025-10-17,KOTAKBANK.NS,Financials,1380.25,8477070
2025-10-20,KOTAKBANK.NS,Financials,1385.91,5937738
2025-10-22,KOTAKBANK.NS,Financials,1416.63,7206042
2025-10-23,KOTAKBANK.NS,Financials,1433.84,2902609
2025-10-24,KOTAKBANK.NS,Financials,1443.01,4046664
2025-10-27,KOTAKBANK.NS,Financials,1441.55,4404018
2025-10-28,KOTAKBANK.NS,Financials,1444.7,3469508
2025-10-29,KOTAKBANK.NS,Financials,1423.43,4208829
2025-10-30,KOTAKBANK.NS,Financials,1429.23,4334625
2025-10-31,KOTAKBANK.NS,Financials,1445.19,2598967
2025-11-03,KOTAKBANK.NS,Financials,1453.8,5128420
2025-11-04,KOTAKBANK.NS,Financials,1460.62,4982468
2025-11-05,KOTAKBANK.NS,Financials,1460.8,3122188
2025-11-06,KOTAKBANK.NS,Financials,1485.2,2511858
2025-11-07,KOTAKBANK.NS,Financials,1473.9,4141262
2025-11-10,KOTAKBANK.NS,Financials,1498.16,2971286
2025-11-11,KOTAKBANK.NS,Financials,1511.79,4386753
2025-11-12,KOTAKBANK.NS,Financials,1489.68,3024683
2025-11-13,KOTAKBANK.NS,Financials,1463.94,6743875
2025-11-14,KOTAKBANK.NS,Financials,1464.33,3138923
2025-11-17,KOTAKBANK.NS,Financials,1471.09,2920118
2025-11-18,KOTAKBANK.NS,Financials,1462.96,4026441
2025-11-19,KOTAKBANK.NS,Financials,1448.91,2281809
2025-11-20,KOTAKBANK.NS,Financials,1438.64,2948962
2025-11-21,KOTAKBANK.NS,Financials,1430.62,2236369
2025-11-24,KOTAKBANK.NS,Financials,1454.67,4300732
2025-11-25,KOTAKBANK.NS,Financials,1441.77,5524415
2025-11-26,KOTAKBANK.NS,Financials,1423.5,3435284
2025-11-27,KOTAKBANK.NS,Financials,1411.65,6193517
2025-11-28,KOTAKBANK.NS,Financials,1415.77,2965126
2025-12-01,KOTAKBANK.NS,Financials,1394.97,3391436
2025-12-02,KOTAKBANK.NS,Financials,1436.64,5461283
2025-12-03,KOTAKBANK.NS,Financials,1404.67,5130102
2025-12-04,KOTAKBANK.NS,Financials,1381.71,4684303
2025-12-05,KOTAKBANK.NS,Financials,1409.19,5888315
2025-12-08,KOTAKBANK.NS,Financials,1375.06,3921508
2025-12-09,KOTAKBANK.NS,Financials,1388.57,4439436
2025-12-10,KOTAKBANK.NS,Financials,1399.32,3145834
2025-12-11,KOTAKBANK.NS,Financials,1390.65,7835018
2025-12-12,KOTAKBANK.NS,Financials,1390.58,3410811
2025-12-15,KOTAKBANK.NS,Financials,1380.43,3705983
2025-12-16,KOTAKBANK.NS,Financials,1369.85,4296701
2025-12-17,KOTAKBANK.NS,Financials,1361.67,5042966
2025-12-18,KOTAKBANK.NS,Financials,1361.7,5024853
2025-12-19,KOTAKBANK.NS,Financials,1352.86,1546944
2025-12-22,KOTAKBANK.NS,Financials,1365.61,7410858
2025-12-23,KOTAKBANK.NS,Financials,1353.86,7014169
2025-12-24,KOTAKBANK.NS,Financials,1363.49,6189298
2025-12-26,KOTAKBANK.NS,Financials,1375.76,4202905
2025-12-29,KOTAKBANK.NS,Financials,1378.62,6179171
2025-12-30,KOTAKBANK.NS,Financials,1396.73,4376350
2025-12-31,KOTAKBANK.NS,Financials,1363.86,4357287
2022-01-03,LT.NS,Infrastructure,2357.36,6742828
2022-01-04,LT.NS,Infrastructure,2358.88,3834329
2022-01-05,LT.NS,Infrastructure,2393.17,2468649
2022-01-06,LT.NS,Infrastructure,2327.36,5663519
2022-01-07,LT.NS,Infrastructure,2336.59,5004180
2022-01-10,LT.NS,Infrastructure,2301.14,4339014
2022-01-11,LT.NS,Infrastructure,2335.85,7043001
2022-01-12,LT.NS,Infrastructure,2306.21,3849612
2022-01-13,LT.NS,Infrastructure,2293.09,4403732
2022-01-14,LT.NS,Infrastructure,2310.37,2837692
2022-01-17,LT.NS,Infrastructure,2358.54,3120975
2022-01-18,LT.NS,Infrastructure,2379.44,3382576
2022-01-19,LT.NS,Infrastructure,2390.75,5088933
2022-01-20,LT.NS,Infrastructure,2345.4,3151414
2022-01-21,LT.NS,Infrastructure,2332.07,3860095
2022-01-24,LT.NS,Infrastructure,2294.4,3693114
2022-01-25,LT.NS,Infrastructure,2264.8,3919857
2022-01-27,LT.NS,Infrastructure,2270.45,3055597
2022-01-28,LT.NS,Infrastructure,2306.98,3713693
2022-01-31,LT.NS,Infrastructure,2334.21,2667364
2022-02-01,LT.NS,Infrastructure,2280.29,3937707
2022-02-02,LT.NS,Infrastructure,2273.27,3953585
2022-02-03,LT.NS,Infrastructure,2273.87,4095512
2022-02-04,LT.NS,Infrastructure,2202.51,4856369
2022-02-07,LT.NS,Infrastructure,2235.94,7521069
2022-02-08,LT.NS,Infrastructure,2254.49,2234294
2022-02-09,LT.NS,Infrastructure,2241.63,3506631
2022-02-10,LT.NS,Infrastructure,2230.24,2900576
2022-02-11,LT.NS,Infrastructure,2241.61,4452989
2022-02-14,LT.NS,Infrastructure,2246.19,5115469
2022-02-15,LT.NS,Infrastructure,2241.71,2611278
2022-02-16,LT.NS,Infrastructure,2222.59,4463097
2022-02-17,LT.NS,Infrastructure,2179.48,5405273
2022-02-18,LT.NS,Infrastructure,2219.82,4633157
2022-02-21,LT.NS,Infrastructure,2256.93,3547720
2022-02-22,LT.NS,Infrastructure,2231.02,5058554
2022-02-23,LT.NS,Infrastructure,2194.99,3651839
2022-02-24,LT.NS,Infrastructure,2155.22,5481695
2022-02-25,LT.NS,Infrastructure,2110.28,4517222
2022-02-28,LT.NS,Infrastructure,2168.46,3738111
2022-03-01,LT.NS,Infrastructure,2126.65,2570801
2022-03-02,LT.NS,Infrastructure,2157.71,4016850
2022-03-03,LT.NS,Infrastructure,2144.22,2743999
2022-03-04,LT.NS,Infrastructure,2117.89,2729251
2022-03-07,LT.NS,Infrastructure,2096.27,3534876
2022-03-09,LT.NS,Infrastructure,2097.78,3887891
2022-03-10,LT.NS,Infrastructure,2073.93,2628585
2022-03-11,LT.NS,Infrastructure,2103.18,3768415
2022-03-14,LT.NS,Infrastructure,2142.12,3674009
2022-03-15,LT.NS,Infrastructure,2125.24,3236682
2022-03-16,LT.NS,Infrastructure,2126.27,3649715
2022-03-17,LT.NS,Infrastructure,2083.73,5003362
2022-03-18,LT.NS,Infrastructure,2051.03,3486174
2022-03-21,LT.NS,Infrastructure,2043.99,4893942
2022-03-22,LT.NS,Infrastructure,2041.37,3882928
2022-03-23,LT.NS,Infrastructure,2040.61,5702786
2022-03-24,LT.NS,Infrastructure,2062.37,5304678
2022-03-25,LT.NS,Infrastructure,2077.47,3706623
2022-03-28,LT.NS,Infrastructure,2013.52,3146251
2022-03-29,LT.NS,Infrastructure,2021.33,4731521
2022-03-30,LT.NS,Infrastructure,2025.61,3323053
2022-03-31,LT.NS,Infrastructure,2014.1,2307003
2022-04-01,LT.NS,Infrastructure,2067.94,5165097
2022-04-04,LT.NS,Infrastructure,2011.15,3222686
2022-04-05,LT.NS,Infrastructure,2006.4,1934671
2022-04-06,LT.NS,Infrastructure,2054.74,3887413
2022-04-07,LT.NS,Infrastructure,2059.14,5540622
2022-04-08,LT.NS,Infrastructure,2030.1,3248182
2022-04-11,LT.NS,Infrastructure,2012.9,3534880
2022-04-12,LT.NS,Infrastructure,2055.26,4754152
2022-04-13,LT.NS,Infrastructure,2096.11,3404954
2022-04-15,LT.NS,Infrastructure,2089.29,3850254
2022-04-18,LT.NS,Infrastructure,2134.57,5461679
2022-04-19,LT.NS,Infrastructure,2158.37,5061235
2022-04-20,LT.NS,Infrastructure,2104.56,4321807
2022-04-21,LT.NS,Infrastructure,2104.99,2227834
2022-04-22,LT.NS,Infrastructure,2154.75,4898451
2022-04-25,LT.NS,Infrastructure,2142.12,3477035
2022-04-26,LT.NS,Infrastructure,2184.54,4739158
2022-04-27,LT.NS,Infrastructure,2143.6,2348066
2022-04-28,LT.NS,Infrastructure,2118.57,5543853
2022-04-29,LT.NS,Infrastructure,2156.79,2975242
2022-05-02,LT.NS,Infrastructure,2159.16,4642958
2022-05-03,LT.NS,Infrastructure,2155.02,5535164
2022-05-04,LT.NS,Infrastructure,2157.61,4577952
2022-05-05,LT.NS,Infrastructure,2135.68,4570608
2022-05-06,LT.NS,Infrastructure,2102.81,4118035
2022-05-09,LT.NS,Infrastructure,2136.74,2605358
2022-05-10,LT.NS,Infrastructure,2139.41,6349599
2022-05-11,LT.NS,Infrastructure,2162.88,5858607
2022-05-12,LT.NS,Infrastructure,2148.75,3492354
2022-05-13,LT.NS,Infrastructure,2130.32,1202867
2022-05-16,LT.NS,Infrastructure,2171.52,5679331
2022-05-17,LT.NS,Infrastructure,2160.58,2111129
2022-05-18,LT.NS,Infrastructure,2151.01,4810189
2022-05-19,LT.NS,Infrastructure,2146.12,3094042
2022-05-20,LT.NS,Infrastructure,2145.36,4723620
2022-05-23,LT.NS,Infrastructure,2140.71,2806471
2022-05-24,LT.NS,Infrastructure,2178.25,4000568
2022-05-25,LT.NS,Infrastructure,2181.45,2197399
2022-05-26,LT.NS,Infrastructure,2135.65,4014160
2022-05-27,LT.NS,Infrastructure,2091.43,3986616
2022-05-30,LT.NS,Infrastructure,2074.99,5133498
2022-05-31,LT.NS,Infrastructure,2052.4,3377277
2022-06-01,LT.NS,Infrastructure,2065.92,4408473
2022-06-02,LT.NS,Infrastructure,2085.03,3475345
2022-06-03,LT.NS,Infrastructure,2078.58,4679709
2022-06-06,LT.NS,Infrastructure,2043.66,4578535
2022-06-07,LT.NS,Infrastructure,2040.46,5432315
2022-06-08,LT.NS,Infrastructure,2036.1,2648637
2022-06-09,LT.NS,Infrastructure,2068.25,3867034
2022-06-10,LT.NS,Infrastructure,2023.77,4409745
2022-06-13,LT.NS,Infrastructure,2060.29,7547812
2022-06-14,LT.NS,Infrastructure,2082.15,7991903
2022-06-15,LT.NS,Infrastructure,2088.76,2481074
2022-06-16,LT.NS,Infrastructure,2115.97,3219700
2022-06-17,LT.NS,Infrastructure,2115.7,1665137
2022-06-20,LT.NS,Infrastructure,2091.26,8612138
2022-06-21,LT.NS,Infrastructure,2102.92,4462207
2022-06-22,LT.NS,Infrastructure,2109.67,4892523
2022-06-23,LT.NS,Infrastructure,2069.86,3574514
2022-06-24,LT.NS,Infrastructure,2096.38,3987412
2022-06-27,LT.NS,Infrastructure,2126.3,5928347
2022-06-28,LT.NS,Infrastructure,2148.71,2768531
2022-06-29,LT.NS,Infrastructure,2120.26,2689402
2022-06-30,LT.NS,Infrastructure,2049.65,3670212
2022-07-01,LT.NS,Infrastructure,2028.91,4006709
2022-07-04,LT.NS,Infrastructure,2031.69,4849551
2022-07-05,LT.NS,Infrastructure,2050.38,4020400
2022-07-06,LT.NS,Infrastructure,2006.8,2970652
2022-07-07,LT.NS,Infrastructure,1999.49,3494660
2022-07-08,LT.NS,Infrastructure,2014.48,4247920
2022-07-11,LT.NS,Infrastructure,2028.17,5031401
2022-07-12,LT.NS,Infrastructure,1998.71,5664842
2022-07-13,LT.NS,Infrastructure,1952.14,3626907
2022-07-14,LT.NS,Infrastructure,1961.08,3117015
2022-07-15,LT.NS,Infrastructure,1959.18,2915804
2022-07-18,LT.NS,Infrastructure,2000.59,6006652
2022-07-19,LT.NS,Infrastructure,1996.47,3427366
2022-07-20,LT.NS,Infrastructure,2010.28,3056288
2022-07-21,LT.NS,Infrastructure,2024.8,4233379
2022-07-22,LT.NS,Infrastructure,2002.23,7025194
2022-07-25,LT.NS,Infrastructure,2018.97,2889183
2022-07-26,LT.NS,Infrastructure,2000.02,4910769
2022-07-27,LT.NS,Infrastructure,1958.24,3405012
2022-07-28,LT.NS,Infrastructure,1945.91,4151091
2022-07-29,LT.NS,Infrastructure,1924.16,5303640
2022-08-01,LT.NS,Infrastructure,2002.88,6110980
2022-08-02,LT.NS,Infrastructure,1979.71,3317226
2022-08-03,LT.NS,Infrastructure,1970.79,5192045
2022-08-04,LT.NS,Infrastructure,1989.36,4338804
2022-08-05,LT.NS,Infrastructure,1964.03,4597273
2022-08-08,LT.NS,Infrastructure,1981.78,6153163
2022-08-09,LT.NS,Infrastructure,1978.64,3113609
2022-08-10,LT.NS,Infrastructure,1948.7,5236697
2022-08-11,LT.NS,Infrastructure,1961.09,4218137
2022-08-12,LT.NS,Infrastructure,1975.24,6042584
2022-08-16,LT.NS,Infrastructure,1957.91,4609020
2022-08-17,LT.NS,Infrastructure,1966.94,3787106
2022-08-18,LT.NS,Infrastructure,1967.76,5416343
2022-08-19,LT.NS,Infrastructure,1940.54,3273139
2022-08-22,LT.NS,Infrastructure,1956.66,3470686
2022-08-23,LT.NS,Infrastructure,1983.99,3069720
2022-08-24,LT.NS,Infrastructure,1998.15,3206293
2022-08-25,LT.NS,Infrastructure,1984.69,1532928
2022-08-26,LT.NS,Infrastructure,2022.69,3339251
2022-08-29,LT.NS,Infrastructure,2026.58,3891376
2022-08-30,LT.NS,Infrastructure,2056.3,5210152
2022-08-31,LT.NS,Infrastructure,2029.82,2892643
2022-09-01,LT.NS,Infrastructure,2011.81,3351222
2022-09-02,LT.NS,Infrastructure,2072.36,3753848
2022-09-05,LT.NS,Infrastructure,2110.43,5219531
2022-09-06,LT.NS,Infrastructure,2154.51,4252361
2022-09-07,LT.NS,Infrastructure,2182.45,4551965
2022-09-08,LT.NS,Infrastructure,2168.92,5437053
2022-09-09,LT.NS,Infrastructure,2215.96,4761204
2022-09-12,LT.NS,Infrastructure,2159.78,3233326
2022-09-13,LT.NS,Infrastructure,2170.57,7265462
2022-09-14,LT.NS,Infrastructure,2092.44,2052054
2022-09-15,LT.NS,Infrastructure,2103.16,5467912
2022-09-16,LT.NS,Infrastructure,2093.74,4657585
2022-09-19,LT.NS,Infrastructure,2089.54,6171656
2022-09-20,LT.NS,Infrastructure,2061.39,3679889
2022-09-21,LT.NS,Infrastructure,2064.95,3356118
2022-09-22,LT.NS,Infrastructure,2080.0,2714999
2022-09-23,LT.NS,Infrastructure,2103.93,2751843
2022-09-26,LT.NS,Infrastructure,2092.3,3766088
2022-09-27,LT.NS,Infrastructure,2039.97,2973545
2022-09-28,LT.NS,Infrastructure,2032.54,3112684
2022-09-29,LT.NS,Infrastructure,2074.48,2754965
2022-09-30,LT.NS,Infrastructure,2106.95,5733696
2022-10-03,LT.NS,Infrastructure,2144.82,3100554
2022-10-04,LT.NS,Infrastructure,2139.72,4595553
2022-10-05,LT.NS,Infrastructure,2116.72,3820293
2022-10-06,LT.NS,Infrastructure,2156.42,4508414
2022-10-07,LT.NS,Infrastructure,2123.88,3642525
2022-10-10,LT.NS,Infrastructure,2131.26,5236743
2022-10-11,LT.NS,Infrastructure,2126.46,4949217
2022-10-12,LT.NS,Infrastructure,2123.52,6096873
2022-10-13,LT.NS,Infrastructure,2098.08,3168274
2022-10-14,LT.NS,Infrastructure,2109.73,2968682
2022-10-17,LT.NS,Infrastructure,2141.3,3484762
2022-10-18,LT.NS,Infrastructure,2151.92,4154529
2022-10-19,LT.NS,Infrastructure,2130.3,4801474
2022-10-20,LT.NS,Infrastructure,2157.37,3206341
2022-10-21,LT.NS,Infrastructure,2155.25,4282163
2022-10-25,LT.NS,Infrastructure,2162.01,3745505
2022-10-26,LT.NS,Infrastructure,2214.7,3637605
2022-10-27,LT.NS,Infrastructure,2198.76,3980585
2022-10-28,LT.NS,Infrastructure,2222.7,6751927
2022-10-31,LT.NS,Infrastructure,2166.26,5265565
2022-11-01,LT.NS,Infrastructure,2145.86,5764160
2022-11-02,LT.NS,Infrastructure,2184.11,4532817
2022-11-03,LT.NS,Infrastructure,2182.97,7395675
2022-11-04,LT.NS,Infrastructure,2204.96,5451776
2022-11-07,LT.NS,Infrastructure,2164.76,2424375
2022-11-08,LT.NS,Infrastructure,2125.97,5150780
2022-11-09,LT.NS,Infrastructure,2110.03,4494883
2022-11-10,LT.NS,Infrastructure,2105.17,4964209
2022-11-11,LT.NS,Infrastructure,2118.7,2361977
2022-11-14,LT.NS,Infrastructure,2145.32,2392160
2022-11-15,LT.NS,Infrastructure,2156.51,3862137
2022-11-16,LT.NS,Infrastructure,2105.46,2159645
2022-11-17,LT.NS,Infrastructure,2102.49,5107195
2022-11-18,LT.NS,Infrastructure,2125.49,4204801
2022-11-21,LT.NS,Infrastructure,2107.71,7894807
2022-11-22,LT.NS,Infrastructure,2098.45,4552058
2022-11-23,LT.NS,Infrastructure,2134.71,5090316
2022-11-24,LT.NS,Infrastructure,2168.09,4889703
2022-11-25,LT.NS,Infrastructure,2202.9,4104020
2022-11-28,LT.NS,Infrastructure,2155.77,4160594
2022-11-29,LT.NS,Infrastructure,2130.49,3914722
2022-11-30,LT.NS,Infrastructure,2123.43,1731859
2022-12-01,LT.NS,Infrastructure,2069.44,5913670
2022-12-02,LT.NS,Infrastructure,2096.25,5934327
2022-12-05,LT.NS,Infrastructure,2075.37,5402281
2022-12-06,LT.NS,Infrastructure,2072.1,4118786
2022-12-07,LT.NS,Infrastructure,2052.09,3808427
2022-12-08,LT.NS,Infrastructure,2073.25,2684337
2022-12-09,LT.NS,Infrastructure,2017.71,2576037
2022-12-12,LT.NS,Infrastructure,1978.43,3243304
2022-12-13,LT.NS,Infrastructure,1960.99,4287168
2022-12-14,LT.NS,Infrastructure,1965.52,4550345
2022-12-15,LT.NS,Infrastructure,2019.69,3334183
2022-12-16,LT.NS,Infrastructure,2072.73,2529998
2022-12-19,LT.NS,Infrastructure,2078.78,3161955
2022-12-20,LT.NS,Infrastructure,2065.28,3829521
2022-12-21,LT.NS,Infrastructure,2061.81,2311510
2022-12-22,LT.NS,Infrastructure,2083.57,4256831
2022-12-23,LT.NS,Infrastructure,2035.89,7019723
2022-12-26,LT.NS,Infrastructure,2028.35,3014231
2022-12-27,LT.NS,Infrastructure,2040.37,8383273
2022-12-28,LT.NS,Infrastructure,2083.38,3120182
2022-12-29,LT.NS,Infrastructure,2102.2,3693109
2022-12-30,LT.NS,Infrastructure,2136.12,4728568
2023-01-02,LT.NS,Infrastructure,2166.09,3928595
2023-01-03,LT.NS,Infrastructure,2169.88,2205883
2023-01-04,LT.NS,Infrastructure,2147.7,4358332
2023-01-05,LT.NS,Infrastructure,2184.07,4102929
2023-01-06,LT.NS,Infrastructure,2221.21,3641842
2023-01-09,LT.NS,Infrastructure,2189.95,4094237
2023-01-10,LT.NS,Infrastructure,2247.98,4661212
2023-01-11,LT.NS,Infrastructure,2246.55,2927420
2023-01-12,LT.NS,Infrastructure,2213.15,4816531
2023-01-13,LT.NS,Infrastructure,2226.71,3225958
2023-01-16,LT.NS,Infrastructure,2214.68,6833626
2023-01-17,LT.NS,Infrastructure,2230.14,5746213
2023-01-18,LT.NS,Infrastructure,2256.5,2817022
2023-01-19,LT.NS,Infrastructure,2230.36,6140941
2023-01-20,LT.NS,Infrastructure,2207.82,4604769
2023-01-23,LT.NS,Infrastructure,2195.64,4806910
2023-01-24,LT.NS,Infrastructure,2229.0,3747109
2023-01-25,LT.NS,Infrastructure,2185.29,3541319
2023-01-27,LT.NS,Infrastructure,2200.33,3632186
2023-01-30,LT.NS,Infrastructure,2209.52,2860237
2023-01-31,LT.NS,Infrastructure,2195.4,2074337
2023-02-01,LT.NS,Infrastructure,2176.68,3193875
2023-02-02,LT.NS,Infrastructure,2196.03,3188497
2023-02-03,LT.NS,Infrastructure,2219.5,2726544
2023-02-06,LT.NS,Infrastructure,2215.68,4894948
2023-02-07,LT.NS,Infrastructure,2227.84,4348876
2023-02-08,LT.NS,Infrastructure,2273.86,3245014
2023-02-09,LT.NS,Infrastructure,2314.8,3580399
2023-02-10,LT.NS,Infrastructure,2327.87,4317045
2023-02-13,LT.NS,Infrastructure,2210.73,3095915
2023-02-14,LT.NS,Infrastructure,2218.53,1633127
2023-02-15,LT.NS,Infrastructure,2177.09,6069273
2023-02-16,LT.NS,Infrastructure,2175.67,3835805
2023-02-17,LT.NS,Infrastructure,2180.57,4388886
2023-02-20,LT.NS,Infrastructure,2174.96,4240578
2023-02-21,LT.NS,Infrastructure,2187.18,2409574
2023-02-22,LT.NS,Infrastructure,2166.92,3139454
2023-02-23,LT.NS,Infrastructure,2166.54,3974194
2023-02-24,LT.NS,Infrastructure,2158.98,3723920
2023-02-27,LT.NS,Infrastructure,2138.16,2684299
2023-02-28,LT.NS,Infrastructure,2133.85,4501410
2023-03-01,LT.NS,Infrastructure,2113.73,4873117
2023-03-02,LT.NS,Infrastructure,2118.75,3494708
2023-03-03,LT.NS,Infrastructure,2111.83,5670971
2023-03-06,LT.NS,Infrastructure,2175.33,4811457
2023-03-07,LT.NS,Infrastructure,2117.49,4571236
2023-03-09,LT.NS,Infrastructure,2154.62,3352410
2023-03-10,LT.NS,Infrastructure,2129.15,3762503
2023-03-13,LT.NS,Infrastructure,2109.76,5344861
2023-03-14,LT.NS,Infrastructure,2045.92,2404228
2023-03-15,LT.NS,Infrastructure,2059.92,2459486
2023-03-16,LT.NS,Infrastructure,2077.44,3461725
2023-03-17,LT.NS,Infrastructure,2080.26,3964629
2023-03-20,LT.NS,Infrastructure,2034.87,3858817
2023-03-21,LT.NS,Infrastructure,2007.25,4793259
2023-03-22,LT.NS,Infrastructure,2013.47,4345069
2023-03-23,LT.NS,Infrastructure,1994.49,4022064
2023-03-24,LT.NS,Infrastructure,1999.1,3592570
2023-03-27,LT.NS,Infrastructure,2028.87,5314003
2023-03-28,LT.NS,Infrastructure,2039.31,6077221
2023-03-29,LT.NS,Infrastructure,1992.05,3599714
2023-03-30,LT.NS,Infrastructure,1997.01,4575663
2023-03-31,LT.NS,Infrastructure,2042.03,3648472
2023-04-03,LT.NS,Infrastructure,2078.3,2614613
2023-04-04,LT.NS,Infrastructure,2050.29,2227738
2023-04-05,LT.NS,Infrastructure,2071.65,6025892
2023-04-06,LT.NS,Infrastructure,2076.45,5282411
2023-04-07,LT.NS,Infrastructure,2074.63,4596682
2023-04-10,LT.NS,Infrastructure,2041.06,5662545
2023-04-11,LT.NS,Infrastructure,2028.69,3016765
2023-04-12,LT.NS,Infrastructure,1986.45,5453294
2023-04-13,LT.NS,Infrastructure,1965.8,4510722
2023-04-17,LT.NS,Infrastructure,1984.55,3433847
2023-04-18,LT.NS,Infrastructure,1974.03,1782434
2023-04-19,LT.NS,Infrastructure,1957.55,2420621
2023-04-20,LT.NS,Infrastructure,1949.58,7289080
2023-04-21,LT.NS,Infrastructure,1973.7,7202024
2023-04-24,LT.NS,Infrastructure,1995.76,2430707
2023-04-25,LT.NS,Infrastructure,2010.45,1984975
2023-04-26,LT.NS,Infrastructure,1981.9,6299897
2023-04-27,LT.NS,Infrastructure,1974.64,3881193
2023-04-28,LT.NS,Infrastructure,2030.35,3102913
2023-05-02,LT.NS,Infrastructure,2006.21,2592531
2023-05-03,LT.NS,Infrastructure,2003.26,2585171
2023-05-04,LT.NS,Infrastructure,2003.19,6303381
2023-05-05,LT.NS,Infrastructure,2015.47,4356838
2023-05-08,LT.NS,Infrastructure,1982.98,2132251
2023-05-09,LT.NS,Infrastructure,1935.69,3122903
2023-05-10,LT.NS,Infrastructure,1924.32,6947633
2023-05-11,LT.NS,Infrastructure,1926.59,4437168
2023-05-12,LT.NS,Infrastructure,1886.87,2448678
2023-05-15,LT.NS,Infrastructure,1888.19,3180662
2023-05-16,LT.NS,Infrastructure,1897.16,3842625
2023-05-17,LT.NS,Infrastructure,1914.67,5566695
2023-05-18,LT.NS,Infrastructure,1907.11,3857460
2023-05-19,LT.NS,Infrastructure,1912.37,6465849
2023-05-22,LT.NS,Infrastructure,1924.27,4377040
2023-05-23,LT.NS,Infrastructure,1966.91,1790411
2023-05-24,LT.NS,Infrastructure,1990.87,4814759
2023-05-25,LT.NS,Infrastructure,2027.37,3745834
2023-05-26,LT.NS,Infrastructure,2014.54,3345232
2023-05-29,LT.NS,Infrastructure,2009.93,4583714
2023-05-30,LT.NS,Infrastructure,2040.44,3659915
2023-05-31,LT.NS,Infrastructure,2016.43,4284133
2023-06-01,LT.NS,Infrastructure,2067.74,3324460
2023-06-02,LT.NS,Infrastructure,2111.33,3278666
2023-06-05,LT.NS,Infrastructure,2109.57,5882654
2023-06-06,LT.NS,Infrastructure,2078.84,4155573
2023-06-07,LT.NS,Infrastructure,2090.18,4608157
2023-06-08,LT.NS,Infrastructure,2080.98,3261805
2023-06-09,LT.NS,Infrastructure,2052.51,5794636
2023-06-12,LT.NS,Infrastructure,2035.02,4291118
2023-06-13,LT.NS,Infrastructure,2079.56,3547525
2023-06-14,LT.NS,Infrastructure,2082.04,6220230
2023-06-15,LT.NS,Infrastructure,2074.96,3547044
2023-06-16,LT.NS,Infrastructure,2043.12,4253394
2023-06-19,LT.NS,Infrastructure,2026.14,2621121
2023-06-20,LT.NS,Infrastructure,2067.32,3207600
2023-06-21,LT.NS,Infrastructure,2069.7,5239886
2023-06-22,LT.NS,Infrastructure,2060.2,3922827
2023-06-23,LT.NS,Infrastructure,2077.33,4123687
2023-06-26,LT.NS,Infrastructure,2142.12,3869167
2023-06-27,LT.NS,Infrastructure,2179.42,3925010
2023-06-28,LT.NS,Infrastructure,2181.79,3304850
2023-06-29,LT.NS,Infrastructure,2127.82,3386323
2023-06-30,LT.NS,Infrastructure,2158.59,3602366
2023-07-03,LT.NS,Infrastructure,2156.21,3607382
2023-07-04,LT.NS,Infrastructure,2149.35,4694026
2023-07-05,LT.NS,Infrastructure,2125.24,4639719
2023-07-06,LT.NS,Infrastructure,2145.97,6332355
2023-07-07,LT.NS,Infrastructure,2173.33,5088065
2023-07-10,LT.NS,Infrastructure,2133.41,2928180
2023-07-11,LT.NS,Infrastructure,2133.46,3158308
2023-07-12,LT.NS,Infrastructure,2168.54,5529894
2023-07-13,LT.NS,Infrastructure,2189.96,5030526
2023-07-14,LT.NS,Infrastructure,2188.47,5744194
2023-07-17,LT.NS,Infrastructure,2189.02,3987189
2023-07-18,LT.NS,Infrastructure,2156.69,3645719
2023-07-19,LT.NS,Infrastructure,2205.35,4501289
2023-07-20,LT.NS,Infrastructure,2223.04,2468305
2023-07-21,LT.NS,Infrastructure,2228.85,3725835
2023-07-24,LT.NS,Infrastructure,2233.48,7926555
2023-07-25,LT.NS,Infrastructure,2246.07,3557167
2023-07-26,LT.NS,Infrastructure,2215.41,3971069
2023-07-27,LT.NS,Infrastructure,2260.92,3718734
2023-07-28,LT.NS,Infrastructure,2285.8,6756268
2023-07-31,LT.NS,Infrastructure,2318.46,2637589
2023-08-01,LT.NS,Infrastructure,2318.53,5056147
2023-08-02,LT.NS,Infrastructure,2314.45,3471529
2023-08-03,LT.NS,Infrastructure,2249.36,3180462
2023-08-04,LT.NS,Infrastructure,2216.74,2220880
2023-08-07,LT.NS,Infrastructure,2235.23,7275786
2023-08-08,LT.NS,Infrastructure,2231.78,5143357
2023-08-09,LT.NS,Infrastructure,2306.09,2509528
2023-08-10,LT.NS,Infrastructure,2289.23,2569661
2023-08-11,LT.NS,Infrastructure,2263.71,3185081
2023-08-14,LT.NS,Infrastructure,2295.76,4755217
2023-08-16,LT.NS,Infrastructure,2305.88,3817439
2023-08-17,LT.NS,Infrastructure,2369.14,2900494
2023-08-18,LT.NS,Infrastructure,2364.73,3881498
2023-08-21,LT.NS,Infrastructure,2328.43,6223016
2023-08-22,LT.NS,Infrastructure,2306.16,4917227
2023-08-23,LT.NS,Infrastructure,2333.25,2121749
2023-08-24,LT.NS,Infrastructure,2391.91,2762926
2023-08-25,LT.NS,Infrastructure,2355.13,3814014
2023-08-28,LT.NS,Infrastructure,2352.54,4184488
2023-08-29,LT.NS,Infrastructure,2388.41,6313172
2023-08-30,LT.NS,Infrastructure,2403.03,3978674
2023-08-31,LT.NS,Infrastructure,2371.74,4822115
2023-09-01,LT.NS,Infrastructure,2338.02,1857018
2023-09-04,LT.NS,Infrastructure,2323.48,3474148
2023-09-05,LT.NS,Infrastructure,2346.74,5099263
2023-09-06,LT.NS,Infrastructure,2286.5,7732745
2023-09-07,LT.NS,Infrastructure,2292.08,2498308
2023-09-08,LT.NS,Infrastructure,2271.6,3759992
2023-09-11,LT.NS,Infrastructure,2231.26,2155280
2023-09-12,LT.NS,Infrastructure,2209.15,3717815
2023-09-13,LT.NS,Infrastructure,2226.08,5749297
2023-09-14,LT.NS,Infrastructure,2245.13,5515621
2023-09-15,LT.NS,Infrastructure,2269.04,3925215
2023-09-18,LT.NS,Infrastructure,2227.6,3647499
2023-09-19,LT.NS,Infrastructure,2170.97,9922191
2023-09-20,LT.NS,Infrastructure,2152.21,3699661
2023-09-21,LT.NS,Infrastructure,2168.2,3292554
2023-09-22,LT.NS,Infrastructure,2166.18,3277723
2023-09-25,LT.NS,Infrastructure,2120.52,2387910
2023-09-26,LT.NS,Infrastructure,2140.12,4654407
2023-09-27,LT.NS,Infrastructure,2076.32,5008738
2023-09-28,LT.NS,Infrastructure,2095.01,4947446
2023-09-29,LT.NS,Infrastructure,2107.46,5234121
2023-10-03,LT.NS,Infrastructure,2120.39,3239746
2023-10-04,LT.NS,Infrastructure,2126.97,3767549
2023-10-05,LT.NS,Infrastructure,2065.39,5972293
2023-10-06,LT.NS,Infrastructure,2026.42,3385273
2023-10-09,LT.NS,Infrastructure,2001.57,3278304
2023-10-10,LT.NS,Infrastructure,2048.43,5652943
2023-10-11,LT.NS,Infrastructure,2087.5,3020258
2023-10-12,LT.NS,Infrastructure,2086.34,2673627
2023-10-13,LT.NS,Infrastructure,2065.76,2763671
2023-10-16,LT.NS,Infrastructure,2069.25,10276091
2023-10-17,LT.NS,Infrastructure,2089.25,5676399
2023-10-18,LT.NS,Infrastructure,2073.46,4961008
2023-10-19,LT.NS,Infrastructure,2029.53,2873294
2023-10-20,LT.NS,Infrastructure,2083.38,4752405
2023-10-23,LT.NS,Infrastructure,2078.12,7222652
2023-10-24,LT.NS,Infrastructure,2066.5,4529643
2023-10-25,LT.NS,Infrastructure,2079.17,2710792
2023-10-26,LT.NS,Infrastructure,2122.57,4813054
2023-10-27,LT.NS,Infrastructure,2136.99,3774599
2023-10-30,LT.NS,Infrastructure,2171.2,4188621
2023-10-31,LT.NS,Infrastructure,2216.22,2847211
2023-11-01,LT.NS,Infrastructure,2227.5,3058009
2023-11-02,LT.NS,Infrastructure,2209.63,3383648
2023-11-03,LT.NS,Infrastructure,2207.19,3040953
2023-11-06,LT.NS,Infrastructure,2224.33,3911094
2023-11-07,LT.NS,Infrastructure,2260.65,3142881
2023-11-08,LT.NS,Infrastructure,2252.92,7080622
2023-11-09,LT.NS,Infrastructure,2224.25,4742485
2023-11-10,LT.NS,Infrastructure,2271.15,5206196
2023-11-13,LT.NS,Infrastructure,2217.62,3803128
2023-11-14,LT.NS,Infrastructure,2210.91,1979124
2023-11-15,LT.NS,Infrastructure,2196.2,5356229
2023-11-16,LT.NS,Infrastructure,2214.35,3842530
2023-11-17,LT.NS,Infrastructure,2184.8,4619440
2023-11-20,LT.NS,Infrastructure,2240.84,3894390
2023-11-21,LT.NS,Infrastructure,2283.23,1831544
2023-11-22,LT.NS,Infrastructure,2248.01,3434420
2023-11-23,LT.NS,Infrastructure,2246.96,2989934
2023-11-24,LT.NS,Infrastructure,2219.05,4293736
2023-11-27,LT.NS,Infrastructure,2268.63,4687359
2023-11-28,LT.NS,Infrastructure,2290.55,8487795
2023-11-29,LT.NS,Infrastructure,2243.17,4701331
2023-11-30,LT.NS,Infrastructure,2277.02,3281664
2023-12-01,LT.NS,Infrastructure,2265.64,3443410
2023-12-04,LT.NS,Infrastructure,2217.63,4782565
2023-12-05,LT.NS,Infrastructure,2192.02,5366613
2023-12-06,LT.NS,Infrastructure,2215.87,2581777
2023-12-07,LT.NS,Infrastructure,2134.91,3661691
2023-12-08,LT.NS,Infrastructure,2126.56,3782244
2023-12-11,LT.NS,Infrastructure,2139.36,2268366
2023-12-12,LT.NS,Infrastructure,2135.31,5137416
2023-12-13,LT.NS,Infrastructure,2148.66,4320093
2023-12-14,LT.NS,Infrastructure,2156.32,3727544
2023-12-15,LT.NS,Infrastructure,2126.1,4347910
2023-12-18,LT.NS,Infrastructure,2095.09,5018632
2023-12-19,LT.NS,Infrastructure,2066.55,7856916
2023-12-20,LT.NS,Infrastructure,2104.71,5021222
2023-12-21,LT.NS,Infrastructure,2051.67,2674418
2023-12-22,LT.NS,Infrastructure,2023.06,10713528
2023-12-26,LT.NS,Infrastructure,2020.91,2695704
2023-12-27,LT.NS,Infrastructure,1981.66,4576297
2023-12-28,LT.NS,Infrastructure,1981.49,3713885
2023-12-29,LT.NS,Infrastructure,1970.8,3830581
2024-01-01,LT.NS,Infrastructure,1956.1,4559461
2024-01-02,LT.NS,Infrastructure,1971.17,4682169
2024-01-03,LT.NS,Infrastructure,1942.09,6472900
2024-01-04,LT.NS,Infrastructure,1919.75,3171182
2024-01-05,LT.NS,Infrastructure,1909.69,4592327
2024-01-08,LT.NS,Infrastructure,1920.43,4939238
2024-01-09,LT.NS,Infrastructure,1901.29,9099085
2024-01-10,LT.NS,Infrastructure,1878.11,4755823
2024-01-11,LT.NS,Infrastructure,1938.11,2669513
2024-01-12,LT.NS,Infrastructure,1916.18,6459408
2024-01-15,LT.NS,Infrastructure,1870.26,3419067
2024-01-16,LT.NS,Infrastructure,1858.54,2953883
2024-01-17,LT.NS,Infrastructure,1884.6,6352011
2024-01-18,LT.NS,Infrastructure,1892.41,4182404
2024-01-19,LT.NS,Infrastructure,1937.01,3723646
2024-01-22,LT.NS,Infrastructure,1924.74,7203420
2024-01-23,LT.NS,Infrastructure,1932.78,3336975
2024-01-24,LT.NS,Infrastructure,1972.08,3328538
2024-01-25,LT.NS,Infrastructure,1942.28,4750672
2024-01-29,LT.NS,Infrastructure,1968.17,1812181
2024-01-30,LT.NS,Infrastructure,1965.66,4224418
2024-01-31,LT.NS,Infrastructure,1933.33,4105472
2024-02-01,LT.NS,Infrastructure,1893.68,2961400
2024-02-02,LT.NS,Infrastructure,1920.25,3968976
2024-02-05,LT.NS,Infrastructure,1959.99,4372274
2024-02-06,LT.NS,Infrastructure,1963.66,3932726
2024-02-07,LT.NS,Infrastructure,1966.42,5313171
2024-02-08,LT.NS,Infrastructure,1979.2,4388330
2024-02-09,LT.NS,Infrastructure,1983.46,3762963
2024-02-12,LT.NS,Infrastructure,2003.12,5103779
2024-02-13,LT.NS,Infrastructure,1947.55,4386033
2024-02-14,LT.NS,Infrastructure,1937.43,11415613
2024-02-15,LT.NS,Infrastructure,1913.33,5712397
2024-02-16,LT.NS,Infrastructure,1920.05,3317345
2024-02-19,LT.NS,Infrastructure,1900.55,2187370
2024-02-20,LT.NS,Infrastructure,1910.26,3149367
2024-02-21,LT.NS,Infrastructure,1930.65,1953748
2024-02-22,LT.NS,Infrastructure,1877.09,5039272
2024-02-23,LT.NS,Infrastructure,1831.37,3606220
2024-02-26,LT.NS,Infrastructure,1840.76,3050961
2024-02-27,LT.NS,Infrastructure,1819.44,4922348
2024-02-28,LT.NS,Infrastructure,1870.97,3508587
2024-02-29,LT.NS,Infrastructure,1884.69,4583340
2024-03-01,LT.NS,Infrastructure,1842.21,3637645
2024-03-04,LT.NS,Infrastructure,1835.63,4101774
2024-03-05,LT.NS,Infrastructure,1836.91,6272074
2024-03-06,LT.NS,Infrastructure,1823.68,5499808
2024-03-07,LT.NS,Infrastructure,1817.94,6593025
2024-03-11,LT.NS,Infrastructure,1786.61,4504059
2024-03-12,LT.NS,Infrastructure,1797.55,2119283
2024-03-13,LT.NS,Infrastructure,1810.25,3142284
2024-03-14,LT.NS,Infrastructure,1833.24,2268443
2024-03-15,LT.NS,Infrastructure,1836.09,5506923
2024-03-18,LT.NS,Infrastructure,1826.24,4014358
2024-03-19,LT.NS,Infrastructure,1826.89,6204644
2024-03-20,LT.NS,Infrastructure,1832.5,5741670
2024-03-21,LT.NS,Infrastructure,1822.22,3820783
2024-03-22,LT.NS,Infrastructure,1821.7,7356026
2024-03-25,LT.NS,Infrastructure,1800.35,5585899
2024-03-26,LT.NS,Infrastructure,1833.11,4108240
2024-03-27,LT.NS,Infrastructure,1810.1,4649159
2024-03-28,LT.NS,Infrastructure,1831.32,6549289
2024-03-29,LT.NS,Infrastructure,1776.87,4669908
2024-04-01,LT.NS,Infrastructure,1783.98,3162530
2024-04-02,LT.NS,Infrastructure,1822.44,2645062
2024-04-03,LT.NS,Infrastructure,1820.06,3639582
2024-04-04,LT.NS,Infrastructure,1830.88,3146276
2024-04-05,LT.NS,Infrastructure,1848.65,4288583
2024-04-08,LT.NS,Infrastructure,1792.44,3333987
2024-04-09,LT.NS,Infrastructure,1805.05,3491218
2024-04-10,LT.NS,Infrastructure,1778.23,6103741
2024-04-11,LT.NS,Infrastructure,1782.74,7128299
2024-04-12,LT.NS,Infrastructure,1775.06,3041633
2024-04-15,LT.NS,Infrastructure,1794.28,3521158
2024-04-16,LT.NS,Infrastructure,1764.18,3684122
2024-04-17,LT.NS,Infrastructure,1763.13,4456276
2024-04-18,LT.NS,Infrastructure,1749.62,4503767
2024-04-19,LT.NS,Infrastructure,1717.06,3342862
2024-04-22,LT.NS,Infrastructure,1694.22,4772714
2024-04-23,LT.NS,Infrastructure,1686.2,3396865
2024-04-24,LT.NS,Infrastructure,1675.97,3503654
2024-04-25,LT.NS,Infrastructure,1692.49,2904617
2024-04-26,LT.NS,Infrastructure,1689.66,5736799
2024-04-29,LT.NS,Infrastructure,1708.12,5488229
2024-04-30,LT.NS,Infrastructure,1743.64,4507982
2024-05-02,LT.NS,Infrastructure,1710.49,5035518
2024-05-03,LT.NS,Infrastructure,1711.63,5885369
2024-05-06,LT.NS,Infrastructure,1743.81,5194986
2024-05-07,LT.NS,Infrastructure,1756.44,5151201
2024-05-08,LT.NS,Infrastructure,1758.83,3436211
2024-05-09,LT.NS,Infrastructure,1716.92,2359281
2024-05-10,LT.NS,Infrastructure,1705.27,3027724
2024-05-13,LT.NS,Infrastructure,1699.15,8608233
2024-05-14,LT.NS,Infrastructure,1733.42,3674459
2024-05-15,LT.NS,Infrastructure,1759.3,6991752
2024-05-16,LT.NS,Infrastructure,1760.21,4826008
2024-05-17,LT.NS,Infrastructure,1742.25,3951123
2024-05-20,LT.NS,Infrastructure,1699.7,2911559
2024-05-21,LT.NS,Infrastructure,1713.6,3121607
2024-05-22,LT.NS,Infrastructure,1712.65,3812857
2024-05-23,LT.NS,Infrastructure,1643.22,3809036
2024-05-24,LT.NS,Infrastructure,1663.3,4834232
2024-05-27,LT.NS,Infrastructure,1674.83,3148957
2024-05-28,LT.NS,Infrastructure,1599.51,3189472
2024-05-29,LT.NS,Infrastructure,1587.06,5418620
2024-05-30,LT.NS,Infrastructure,1640.36,7760135
2024-05-31,LT.NS,Infrastructure,1646.03,4114052
2024-06-03,LT.NS,Infrastructure,1693.06,4663169
2024-06-04,LT.NS,Infrastructure,1690.52,3792904
2024-06-05,LT.NS,Infrastructure,1708.53,3904049
2024-06-06,LT.NS,Infrastructure,1708.54,3707544
2024-06-07,LT.NS,Infrastructure,1689.65,3532742
2024-06-10,LT.NS,Infrastructure,1660.96,4848921
2024-06-11,LT.NS,Infrastructure,1677.43,4955183
2024-06-12,LT.NS,Infrastructure,1664.77,3666087
2024-06-13,LT.NS,Infrastructure,1635.59,3265806
2024-06-14,LT.NS,Infrastructure,1595.83,3378582
2024-06-17,LT.NS,Infrastructure,1607.97,5015778
2024-06-18,LT.NS,Infrastructure,1601.73,3015139
2024-06-19,LT.NS,Infrastructure,1584.71,2797265
2024-06-20,LT.NS,Infrastructure,1579.95,4407483
2024-06-21,LT.NS,Infrastructure,1610.17,3900403
2024-06-24,LT.NS,Infrastructure,1576.33,3803144
2024-06-25,LT.NS,Infrastructure,1619.75,5344981
2024-06-26,LT.NS,Infrastructure,1583.65,3921162
2024-06-27,LT.NS,Infrastructure,1587.16,3175066
2024-06-28,LT.NS,Infrastructure,1596.05,4238682
2024-07-01,LT.NS,Infrastructure,1617.99,3177916
2024-07-02,LT.NS,Infrastructure,1575.41,5442823
2024-07-03,LT.NS,Infrastructure,1586.51,4024330
2024-07-04,LT.NS,Infrastructure,1589.08,2785585
2024-07-05,LT.NS,Infrastructure,1607.03,4216211
2024-07-08,LT.NS,Infrastructure,1604.78,3022905
2024-07-09,LT.NS,Infrastructure,1557.24,5720741
2024-07-10,LT.NS,Infrastructure,1563.31,3857030
2024-07-11,LT.NS,Infrastructure,1557.62,4977087
2024-07-12,LT.NS,Infrastructure,1602.61,3215957
2024-07-15,LT.NS,Infrastructure,1628.54,3731403
2024-07-16,LT.NS,Infrastructure,1622.44,4616308
2024-07-17,LT.NS,Infrastructure,1636.83,3778869
2024-07-18,LT.NS,Infrastructure,1639.15,2922294
2024-07-19,LT.NS,Infrastructure,1648.92,5133404
2024-07-22,LT.NS,Infrastructure,1650.56,4407820
2024-07-23,LT.NS,Infrastructure,1630.66,2740683
2024-07-24,LT.NS,Infrastructure,1642.15,3516746
2024-07-25,LT.NS,Infrastructure,1642.73,2996719
2024-07-26,LT.NS,Infrastructure,1599.41,3368474
2024-07-29,LT.NS,Infrastructure,1599.52,3408934
2024-07-30,LT.NS,Infrastructure,1596.48,3674443
2024-07-31,LT.NS,Infrastructure,1596.4,2429789
2024-08-01,LT.NS,Infrastructure,1563.05,3451999
2024-08-02,LT.NS,Infrastructure,1588.03,5593911
2024-08-05,LT.NS,Infrastructure,1605.72,7300376
2024-08-06,LT.NS,Infrastructure,1580.25,2678634
2024-08-07,LT.NS,Infrastructure,1587.23,5824110
2024-08-08,LT.NS,Infrastructure,1596.05,8732544
2024-08-09,LT.NS,Infrastructure,1603.9,3727757
2024-08-12,LT.NS,Infrastructure,1569.89,4774375
2024-08-13,LT.NS,Infrastructure,1554.55,5695376
2024-08-14,LT.NS,Infrastructure,1536.77,3427914
2024-08-16,LT.NS,Infrastructure,1521.71,5568835
2024-08-19,LT.NS,Infrastructure,1552.52,3734527
2024-08-20,LT.NS,Infrastructure,1568.71,5583043
2024-08-21,LT.NS,Infrastructure,1585.51,6789352
2024-08-22,LT.NS,Infrastructure,1563.86,6202635
2024-08-23,LT.NS,Infrastructure,1536.98,3577603
2024-08-26,LT.NS,Infrastructure,1522.12,4923397
2024-08-27,LT.NS,Infrastructure,1504.54,3388881
2024-08-28,LT.NS,Infrastructure,1518.08,2679387
2024-08-29,LT.NS,Infrastructure,1514.89,3695444
2024-08-30,LT.NS,Infrastructure,1507.78,5316154
2024-09-02,LT.NS,Infrastructure,1511.92,3630173
2024-09-03,LT.NS,Infrastructure,1507.59,6646095
2024-09-04,LT.NS,Infrastructure,1487.67,4102795
2024-09-05,LT.NS,Infrastructure,1474.22,2745365
2024-09-06,LT.NS,Infrastructure,1509.58,3627641
2024-09-09,LT.NS,Infrastructure,1524.44,3191804
2024-09-10,LT.NS,Infrastructure,1559.48,6332059
2024-09-11,LT.NS,Infrastructure,1535.88,4765086
2024-09-12,LT.NS,Infrastructure,1548.98,3907409
2024-09-13,LT.NS,Infrastructure,1561.2,5181956
2024-09-16,LT.NS,Infrastructure,1537.88,3046586
2024-09-17,LT.NS,Infrastructure,1507.06,2683418
2024-09-18,LT.NS,Infrastructure,1531.9,2572337
2024-09-19,LT.NS,Infrastructure,1519.98,2105713
2024-09-20,LT.NS,Infrastructure,1540.28,2754194
2024-09-23,LT.NS,Infrastructure,1516.44,4865136
2024-09-24,LT.NS,Infrastructure,1500.14,5155840
2024-09-25,LT.NS,Infrastructure,1486.2,2946588
2024-09-26,LT.NS,Infrastructure,1492.03,1976631
2024-09-27,LT.NS,Infrastructure,1483.46,3465344
2024-09-30,LT.NS,Infrastructure,1489.97,4755852
2024-10-01,LT.NS,Infrastructure,1452.36,5345496
2024-10-03,LT.NS,Infrastructure,1408.27,4347800
2024-10-04,LT.NS,Infrastructure,1377.0,2807302
2024-10-07,LT.NS,Infrastructure,1387.06,5151683
2024-10-08,LT.NS,Infrastructure,1420.73,4584084
2024-10-09,LT.NS,Infrastructure,1416.21,5172466
2024-10-10,LT.NS,Infrastructure,1429.63,2923270
2024-10-11,LT.NS,Infrastructure,1436.18,4778761
2024-10-14,LT.NS,Infrastructure,1470.5,5410993
2024-10-15,LT.NS,Infrastructure,1485.0,2488508
2024-10-16,LT.NS,Infrastructure,1476.08,3218824
2024-10-17,LT.NS,Infrastructure,1480.26,2344568
2024-10-18,LT.NS,Infrastructure,1501.16,3004697
2024-10-21,LT.NS,Infrastructure,1524.36,3850607
2024-10-22,LT.NS,Infrastructure,1521.82,2405710
2024-10-23,LT.NS,Infrastructure,1516.0,5893004
2024-10-24,LT.NS,Infrastructure,1540.81,5922909
2024-10-25,LT.NS,Infrastructure,1531.23,3814670
2024-10-28,LT.NS,Infrastructure,1504.26,3172798
2024-10-29,LT.NS,Infrastructure,1507.95,3931939
2024-10-30,LT.NS,Infrastructure,1528.35,6653702
2024-10-31,LT.NS,Infrastructure,1554.9,4968651
2024-11-04,LT.NS,Infrastructure,1562.94,2127056
2024-11-05,LT.NS,Infrastructure,1541.51,1814244
2024-11-06,LT.NS,Infrastructure,1526.18,2907817
2024-11-07,LT.NS,Infrastructure,1570.14,3933007
2024-11-08,LT.NS,Infrastructure,1562.09,2200410
2024-11-11,LT.NS,Infrastructure,1546.85,3714964
2024-11-12,LT.NS,Infrastructure,1580.2,2220565
2024-11-13,LT.NS,Infrastructure,1579.31,4003983
2024-11-14,LT.NS,Infrastructure,1569.28,4308661
2024-11-15,LT.NS,Infrastructure,1579.1,7249676
2024-11-18,LT.NS,Infrastructure,1569.35,3812344
2024-11-19,LT.NS,Infrastructure,1584.86,3526044
2024-11-20,LT.NS,Infrastructure,1521.59,6367779
2024-11-21,LT.NS,Infrastructure,1496.58,5018342
2024-11-22,LT.NS,Infrastructure,1500.19,4052830
2024-11-25,LT.NS,Infrastructure,1517.9,3589499
2024-11-26,LT.NS,Infrastructure,1517.16,7241281
2024-11-27,LT.NS,Infrastructure,1509.18,3090210
2024-11-28,LT.NS,Infrastructure,1501.38,2380796
2024-11-29,LT.NS,Infrastructure,1481.72,3733697
2024-12-02,LT.NS,Infrastructure,1431.93,3574339
2024-12-03,LT.NS,Infrastructure,1436.57,6088555
2024-12-04,LT.NS,Infrastructure,1425.8,4216373
2024-12-05,LT.NS,Infrastructure,1444.87,5500292
2024-12-06,LT.NS,Infrastructure,1412.09,1629621
2024-12-09,LT.NS,Infrastructure,1442.12,3552006
2024-12-10,LT.NS,Infrastructure,1440.53,6692621
2024-12-11,LT.NS,Infrastructure,1471.6,2737036
2024-12-12,LT.NS,Infrastructure,1427.31,3621071
2024-12-13,LT.NS,Infrastructure,1419.39,5355710
2024-12-16,LT.NS,Infrastructure,1451.7,3346241
2024-12-17,LT.NS,Infrastructure,1463.63,5250605
2024-12-18,LT.NS,Infrastructure,1423.57,3231816
2024-12-19,LT.NS,Infrastructure,1411.24,3940899
2024-12-20,LT.NS,Infrastructure,1428.07,5049786
2024-12-23,LT.NS,Infrastructure,1458.44,2724795
2024-12-24,LT.NS,Infrastructure,1460.7,3002828
2024-12-26,LT.NS,Infrastructure,1475.77,5498496
2024-12-27,LT.NS,Infrastructure,1485.67,3030533
2024-12-30,LT.NS,Infrastructure,1465.01,4173397
2024-12-31,LT.NS,Infrastructure,1467.53,5614414
2025-01-01,LT.NS,Infrastructure,1481.47,4123644
2025-01-02,LT.NS,Infrastructure,1482.64,4392840
2025-01-03,LT.NS,Infrastructure,1472.47,6867642
2025-01-06,LT.NS,Infrastructure,1454.1,8932805
2025-01-07,LT.NS,Infrastructure,1461.83,4187658
2025-01-08,LT.NS,Infrastructure,1453.81,3442060
2025-01-09,LT.NS,Infrastructure,1468.12,5344911
2025-01-10,LT.NS,Infrastructure,1477.67,3042260
2025-01-13,LT.NS,Infrastructure,1474.54,6322130
2025-01-14,LT.NS,Infrastructure,1465.7,3296845
2025-01-15,LT.NS,Infrastructure,1438.99,3442923
2025-01-16,LT.NS,Infrastructure,1444.62,2788122
2025-01-17,LT.NS,Infrastructure,1467.47,2966161
2025-01-20,LT.NS,Infrastructure,1518.36,6035296
2025-01-21,LT.NS,Infrastructure,1504.45,4501239
2025-01-22,LT.NS,Infrastructure,1503.23,3919915
2025-01-23,LT.NS,Infrastructure,1483.25,8183420
2025-01-24,LT.NS,Infrastructure,1483.29,4161621
2025-01-27,LT.NS,Infrastructure,1500.84,3968265
2025-01-28,LT.NS,Infrastructure,1511.92,2704758
2025-01-29,LT.NS,Infrastructure,1534.22,3008075
2025-01-30,LT.NS,Infrastructure,1554.31,2877782
2025-01-31,LT.NS,Infrastructure,1531.3,3140904
2025-02-03,LT.NS,Infrastructure,1526.82,3389615
2025-02-04,LT.NS,Infrastructure,1487.62,3613537
2025-02-05,LT.NS,Infrastructure,1476.09,5100343
2025-02-06,LT.NS,Infrastructure,1479.2,3957791
2025-02-07,LT.NS,Infrastructure,1498.95,7465882
2025-02-10,LT.NS,Infrastructure,1511.8,4978323
2025-02-11,LT.NS,Infrastructure,1501.05,3118042
2025-02-12,LT.NS,Infrastructure,1492.78,4677415
2025-02-13,LT.NS,Infrastructure,1492.57,4209827
2025-02-14,LT.NS,Infrastructure,1498.84,6509513
2025-02-17,LT.NS,Infrastructure,1507.71,5322428
2025-02-18,LT.NS,Infrastructure,1505.76,4088604
2025-02-19,LT.NS,Infrastructure,1508.98,7363203
2025-02-20,LT.NS,Infrastructure,1471.05,4852754
2025-02-21,LT.NS,Infrastructure,1449.08,4927870
2025-02-24,LT.NS,Infrastructure,1408.91,6757065
2025-02-25,LT.NS,Infrastructure,1399.12,5389033
2025-02-26,LT.NS,Infrastructure,1417.78,4306266
2025-02-27,LT.NS,Infrastructure,1442.85,3885356
2025-02-28,LT.NS,Infrastructure,1454.28,1969568
2025-03-03,LT.NS,Infrastructure,1483.39,2092777
2025-03-04,LT.NS,Infrastructure,1515.51,3832047
2025-03-05,LT.NS,Infrastructure,1523.05,3287577
2025-03-06,LT.NS,Infrastructure,1486.72,4019177
2025-03-07,LT.NS,Infrastructure,1538.19,5699967
2025-03-10,LT.NS,Infrastructure,1527.87,3046760
2025-03-11,LT.NS,Infrastructure,1525.26,2299680
2025-03-12,LT.NS,Infrastructure,1558.8,2533977
2025-03-13,LT.NS,Infrastructure,1559.28,2829294
2025-03-14,LT.NS,Infrastructure,1605.32,2678978
2025-03-17,LT.NS,Infrastructure,1598.59,4053615
2025-03-18,LT.NS,Infrastructure,1634.1,6842412
2025-03-19,LT.NS,Infrastructure,1616.88,4951440
2025-03-20,LT.NS,Infrastructure,1623.86,5081285
2025-03-21,LT.NS,Infrastructure,1622.9,4311077
2025-03-24,LT.NS,Infrastructure,1626.46,2588079
2025-03-25,LT.NS,Infrastructure,1631.93,8747095
2025-03-26,LT.NS,Infrastructure,1663.56,3572281
2025-03-27,LT.NS,Infrastructure,1677.92,5238680
2025-03-28,LT.NS,Infrastructure,1627.77,1824330
2025-03-31,LT.NS,Infrastructure,1582.08,3870292
2025-04-01,LT.NS,Infrastructure,1572.18,3759670
2025-04-02,LT.NS,Infrastructure,1566.32,3636413
2025-04-03,LT.NS,Infrastructure,1562.76,2444814
2025-04-04,LT.NS,Infrastructure,1576.98,4279791
2025-04-07,LT.NS,Infrastructure,1603.48,6119247
2025-04-08,LT.NS,Infrastructure,1628.35,8326350
2025-04-09,LT.NS,Infrastructure,1629.02,7110580
2025-04-10,LT.NS,Infrastructure,1622.42,6215848
2025-04-11,LT.NS,Infrastructure,1631.66,7261534
2025-04-15,LT.NS,Infrastructure,1622.94,7565452
2025-04-16,LT.NS,Infrastructure,1631.82,2889837
2025-04-17,LT.NS,Infrastructure,1655.22,4360379
2025-04-18,LT.NS,Infrastructure,1638.61,2554181
2025-04-21,LT.NS,Infrastructure,1649.59,4821149
2025-04-22,LT.NS,Infrastructure,1621.63,3663284
2025-04-23,LT.NS,Infrastructure,1639.78,3782491
2025-04-24,LT.NS,Infrastructure,1614.91,3628161
2025-04-25,LT.NS,Infrastructure,1610.62,1666989
2025-04-28,LT.NS,Infrastructure,1620.57,2047007
2025-04-29,LT.NS,Infrastructure,1609.01,5387244
2025-04-30,LT.NS,Infrastructure,1613.87,3153955
2025-05-02,LT.NS,Infrastructure,1587.22,5711625
2025-05-05,LT.NS,Infrastructure,1594.6,3773705
2025-05-06,LT.NS,Infrastructure,1603.95,2291802
2025-05-07,LT.NS,Infrastructure,1648.35,2445594
2025-05-08,LT.NS,Infrastructure,1640.91,3156355
2025-05-09,LT.NS,Infrastructure,1623.1,2885804
2025-05-12,LT.NS,Infrastructure,1637.36,3871088
2025-05-13,LT.NS,Infrastructure,1614.82,4361103
2025-05-14,LT.NS,Infrastructure,1644.69,4497537
2025-05-15,LT.NS,Infrastructure,1656.94,4324757
2025-05-16,LT.NS,Infrastructure,1640.95,5440659
2025-05-19,LT.NS,Infrastructure,1608.82,5671467
2025-05-20,LT.NS,Infrastructure,1571.22,2883907
2025-05-21,LT.NS,Infrastructure,1590.23,2078897
2025-05-22,LT.NS,Infrastructure,1578.05,3148758
2025-05-23,LT.NS,Infrastructure,1583.83,4111050
2025-05-26,LT.NS,Infrastructure,1601.28,3322032
2025-05-27,LT.NS,Infrastructure,1590.27,4983049
2025-05-28,LT.NS,Infrastructure,1618.55,2504865
2025-05-29,LT.NS,Infrastructure,1647.16,6942164
2025-05-30,LT.NS,Infrastructure,1656.41,5254147
2025-06-02,LT.NS,Infrastructure,1683.26,3489161
2025-06-03,LT.NS,Infrastructure,1669.4,3056378
2025-06-04,LT.NS,Infrastructure,1718.06,3786001
2025-06-05,LT.NS,Infrastructure,1709.57,5966789
2025-06-06,LT.NS,Infrastructure,1683.43,3472197
2025-06-09,LT.NS,Infrastructure,1703.19,3257452
2025-06-10,LT.NS,Infrastructure,1694.53,3985881
2025-06-11,LT.NS,Infrastructure,1686.84,2573083
2025-06-12,LT.NS,Infrastructure,1672.0,5817949
2025-06-13,LT.NS,Infrastructure,1650.55,4962836
2025-06-16,LT.NS,Infrastructure,1706.49,5482117
2025-06-17,LT.NS,Infrastructure,1686.59,6484520
2025-06-18,LT.NS,Infrastructure,1733.09,3027572
2025-06-19,LT.NS,Infrastructure,1730.87,4014488
2025-06-20,LT.NS,Infrastructure,1710.68,3862703
2025-06-23,LT.NS,Infrastructure,1698.75,6951737
2025-06-24,LT.NS,Infrastructure,1702.98,3453716
2025-06-25,LT.NS,Infrastructure,1672.12,2133864
2025-06-26,LT.NS,Infrastructure,1697.68,3398976
2025-06-27,LT.NS,Infrastructure,1720.84,5444415
2025-06-30,LT.NS,Infrastructure,1724.48,4811628
2025-07-01,LT.NS,Infrastructure,1703.71,3864163
2025-07-02,LT.NS,Infrastructure,1705.13,3495393
2025-07-03,LT.NS,Infrastructure,1737.81,4498890
2025-07-04,LT.NS,Infrastructure,1702.06,4867860
2025-07-07,LT.NS,Infrastructure,1698.07,4307907
2025-07-08,LT.NS,Infrastructure,1724.8,3533766
2025-07-09,LT.NS,Infrastructure,1680.85,3949709
2025-07-10,LT.NS,Infrastructure,1666.07,3297249
2025-07-11,LT.NS,Infrastructure,1647.2,5733705
2025-07-14,LT.NS,Infrastructure,1624.71,3812975
2025-07-15,LT.NS,Infrastructure,1633.59,2878454
2025-07-16,LT.NS,Infrastructure,1647.32,8804709
2025-07-17,LT.NS,Infrastructure,1633.98,3094263
2025-07-18,LT.NS,Infrastructure,1592.25,2920812
2025-07-21,LT.NS,Infrastructure,1568.2,2620211
2025-07-22,LT.NS,Infrastructure,1585.41,3139291
2025-07-23,LT.NS,Infrastructure,1588.97,5184477
2025-07-24,LT.NS,Infrastructure,1568.95,2295891
2025-07-25,LT.NS,Infrastructure,1557.07,4224331
2025-07-28,LT.NS,Infrastructure,1577.66,3255923
2025-07-29,LT.NS,Infrastructure,1588.67,3005555
2025-07-30,LT.NS,Infrastructure,1565.73,2172473
2025-07-31,LT.NS,Infrastructure,1559.65,3931388
2025-08-01,LT.NS,Infrastructure,1550.43,2191762
2025-08-04,LT.NS,Infrastructure,1556.66,3619248
2025-08-05,LT.NS,Infrastructure,1558.32,4499545
2025-08-06,LT.NS,Infrastructure,1543.39,1810945
2025-08-07,LT.NS,Infrastructure,1534.16,5090338
2025-08-08,LT.NS,Infrastructure,1575.14,1998565
2025-08-11,LT.NS,Infrastructure,1620.41,7538792
2025-08-12,LT.NS,Infrastructure,1591.88,3730398
2025-08-13,LT.NS,Infrastructure,1573.63,2951886
2025-08-14,LT.NS,Infrastructure,1587.49,4289622
2025-08-18,LT.NS,Infrastructure,1551.32,2912749
2025-08-19,LT.NS,Infrastructure,1552.98,1706195
2025-08-20,LT.NS,Infrastructure,1596.84,5947246
2025-08-21,LT.NS,Infrastructure,1575.07,3535768
2025-08-22,LT.NS,Infrastructure,1579.04,4100000
2025-08-25,LT.NS,Infrastructure,1536.0,3768338
2025-08-26,LT.NS,Infrastructure,1538.63,2985651
2025-08-27,LT.NS,Infrastructure,1500.14,2700794
2025-08-28,LT.NS,Infrastructure,1489.7,5154174
2025-08-29,LT.NS,Infrastructure,1463.14,4776995
2025-09-01,LT.NS,Infrastructure,1457.83,3932689
2025-09-02,LT.NS,Infrastructure,1497.46,5709269
2025-09-03,LT.NS,Infrastructure,1502.11,3890156
2025-09-04,LT.NS,Infrastructure,1509.9,5904230
2025-09-05,LT.NS,Infrastructure,1519.15,6693052
2025-09-08,LT.NS,Infrastructure,1515.36,5832128
2025-09-09,LT.NS,Infrastructure,1552.75,4609654
2025-09-10,LT.NS,Infrastructure,1587.06,2804147
2025-09-11,LT.NS,Infrastructure,1565.12,4663186
2025-09-12,LT.NS,Infrastructure,1579.11,3382384
2025-09-15,LT.NS,Infrastructure,1586.41,5137401
2025-09-16,LT.NS,Infrastructure,1600.6,7027588
2025-09-17,LT.NS,Infrastructure,1558.35,3868759
2025-09-18,LT.NS,Infrastructure,1556.48,2698205
2025-09-19,LT.NS,Infrastructure,1553.36,5103753
2025-09-22,LT.NS,Infrastructure,1545.09,3981163
2025-09-23,LT.NS,Infrastructure,1549.69,6836069
2025-09-24,LT.NS,Infrastructure,1502.93,4069140
2025-09-25,LT.NS,Infrastructure,1554.14,3895750
2025-09-26,LT.NS,Infrastructure,1531.11,4129067
2025-09-29,LT.NS,Infrastructure,1525.22,4447322
2025-09-30,LT.NS,Infrastructure,1526.94,1995528
2025-10-01,LT.NS,Infrastructure,1559.43,3005445
2025-10-03,LT.NS,Infrastructure,1591.28,5882296
2025-10-06,LT.NS,Infrastructure,1585.29,3178047
2025-10-07,LT.NS,Infrastructure,1590.48,3952327
2025-10-08,LT.NS,Infrastructure,1596.34,3685076
2025-10-09,LT.NS,Infrastructure,1576.44,3139600
2025-10-10,LT.NS,Infrastructure,1577.55,3773914
2025-10-13,LT.NS,Infrastructure,1578.72,2792370
2025-10-14,LT.NS,Infrastructure,1578.54,2377759
2025-10-15,LT.NS,Infrastructure,1583.98,4291385
2025-10-16,LT.NS,Infrastructure,1591.44,7018892
2025-10-17,LT.NS,Infrastructure,1611.54,5186139
2025-10-20,LT.NS,Infrastructure,1583.91,5224190
2025-10-22,LT.NS,Infrastructure,1593.62,5774827
2025-10-23,LT.NS,Infrastructure,1621.94,4290619
2025-10-24,LT.NS,Infrastructure,1602.48,4025956
2025-10-27,LT.NS,Infrastructure,1603.93,2955769
2025-10-28,LT.NS,Infrastructure,1595.67,5261174
2025-10-29,LT.NS,Infrastructure,1602.24,4399420
2025-10-30,LT.NS,Infrastructure,1622.69,3138094
2025-10-31,LT.NS,Infrastructure,1644.48,3576058
2025-11-03,LT.NS,Infrastructure,1665.04,2691796
2025-11-04,LT.NS,Infrastructure,1650.82,4798623
2025-11-05,LT.NS,Infrastructure,1643.35,6856324
2025-11-06,LT.NS,Infrastructure,1671.19,2688904
2025-11-07,LT.NS,Infrastructure,1655.29,5756030
2025-11-10,LT.NS,Infrastructure,1685.4,6096311
2025-11-11,LT.NS,Infrastructure,1717.54,2657706
2025-11-12,LT.NS,Infrastructure,1718.45,1936490
2025-11-13,LT.NS,Infrastructure,1747.52,4081668
2025-11-14,LT.NS,Infrastructure,1752.7,3757253
2025-11-17,LT.NS,Infrastructure,1774.29,3696581
2025-11-18,LT.NS,Infrastructure,1812.14,5922863
2025-11-19,LT.NS,Infrastructure,1863.03,3529993
2025-11-20,LT.NS,Infrastructure,1906.35,9311534
2025-11-21,LT.NS,Infrastructure,1917.77,2332545
2025-11-24,LT.NS,Infrastructure,1900.8,2947361
2025-11-25,LT.NS,Infrastructure,1913.05,2942018
2025-11-26,LT.NS,Infrastructure,1889.9,3739428
2025-11-27,LT.NS,Infrastructure,1900.77,6564179
2025-11-28,LT.NS,Infrastructure,1912.12,2700932
2025-12-01,LT.NS,Infrastructure,1924.96,2910306
2025-12-02,LT.NS,Infrastructure,1944.01,3197418
2025-12-03,LT.NS,Infrastructure,1882.96,3869269
2025-12-04,LT.NS,Infrastructure,1910.27,4225126
2025-12-05,LT.NS,Infrastructure,1921.25,3483074
2025-12-08,LT.NS,Infrastructure,1938.16,2543115
2025-12-09,LT.NS,Infrastructure,1937.9,3859150
2025-12-10,LT.NS,Infrastructure,1977.29,6594457
2025-12-11,LT.NS,Infrastructure,1970.87,5500824
2025-12-12,LT.NS,Infrastructure,1965.17,3402701
2025-12-15,LT.NS,Infrastructure,1943.62,4093902
2025-12-16,LT.NS,Infrastructure,1900.88,4755232
2025-12-17,LT.NS,Infrastructure,1907.77,5442462
2025-12-18,LT.NS,Infrastructure,1926.34,6831725
2025-12-19,LT.NS,Infrastructure,1925.32,4386361
2025-12-22,LT.NS,Infrastructure,1989.73,2648761
2025-12-23,LT.NS,Infrastructure,1950.28,2336863
2025-12-24,LT.NS,Infrastructure,1904.74,4930752
2025-12-26,LT.NS,Infrastructure,1893.65,2405786
2025-12-29,LT.NS,Infrastructure,1894.07,5312164
2025-12-30,LT.NS,Infrastructure,1930.27,3240655
2025-12-31,LT.NS,Infrastructure,1921.22,2609523
2022-01-03,AXISBANK.NS,Financials,988.21,7133802
2022-01-04,AXISBANK.NS,Financials,968.6,4137656
2022-01-05,AXISBANK.NS,Financials,968.27,2228904
2022-01-06,AXISBANK.NS,Financials,968.25,2624937
2022-01-07,AXISBANK.NS,Financials,956.45,3046365
2022-01-10,AXISBANK.NS,Financials,976.7,2646541
2022-01-11,AXISBANK.NS,Financials,998.64,4816297
2022-01-12,AXISBANK.NS,Financials,1018.92,2951584
2022-01-13,AXISBANK.NS,Financials,1023.8,3620571
2022-01-14,AXISBANK.NS,Financials,1010.32,3228349
2022-01-17,AXISBANK.NS,Financials,1033.88,2475939
2022-01-18,AXISBANK.NS,Financials,1038.37,2518298
2022-01-19,AXISBANK.NS,Financials,991.58,5493124
2022-01-20,AXISBANK.NS,Financials,968.29,4476771
2022-01-21,AXISBANK.NS,Financials,964.14,1303727
2022-01-24,AXISBANK.NS,Financials,982.77,3197273
2022-01-25,AXISBANK.NS,Financials,972.35,5457301
2022-01-27,AXISBANK.NS,Financials,955.44,4865592
2022-01-28,AXISBANK.NS,Financials,941.37,8400593
2022-01-31,AXISBANK.NS,Financials,936.29,3648362
2022-02-01,AXISBANK.NS,Financials,953.82,4553705
2022-02-02,AXISBANK.NS,Financials,931.8,2931267
2022-02-03,AXISBANK.NS,Financials,942.76,2323743
2022-02-04,AXISBANK.NS,Financials,928.0,4536085
2022-02-07,AXISBANK.NS,Financials,950.81,3479790
2022-02-08,AXISBANK.NS,Financials,953.13,10148940
2022-02-09,AXISBANK.NS,Financials,955.6,3249908
2022-02-10,AXISBANK.NS,Financials,951.3,3445715
2022-02-11,AXISBANK.NS,Financials,948.08,4107654
2022-02-14,AXISBANK.NS,Financials,929.76,5549400
2022-02-15,AXISBANK.NS,Financials,931.55,5387424
2022-02-16,AXISBANK.NS,Financials,932.36,2232678
2022-02-17,AXISBANK.NS,Financials,927.85,6309202
2022-02-18,AXISBANK.NS,Financials,947.67,3770901
2022-02-21,AXISBANK.NS,Financials,963.87,1563544
2022-02-22,AXISBANK.NS,Financials,988.19,3996476
2022-02-23,AXISBANK.NS,Financials,986.79,2795677
2022-02-24,AXISBANK.NS,Financials,978.17,6041356
2022-02-25,AXISBANK.NS,Financials,990.83,4505108
2022-02-28,AXISBANK.NS,Financials,994.28,5818578
2022-03-01,AXISBANK.NS,Financials,983.55,6063947
2022-03-02,AXISBANK.NS,Financials,1010.86,3402779
2022-03-03,AXISBANK.NS,Financials,1020.43,4357566
2022-03-04,AXISBANK.NS,Financials,1003.56,5943718
2022-03-07,AXISBANK.NS,Financials,1000.79,4316142
2022-03-09,AXISBANK.NS,Financials,1000.64,2992811
2022-03-10,AXISBANK.NS,Financials,989.96,6619526
2022-03-11,AXISBANK.NS,Financials,1006.95,4028213
2022-03-14,AXISBANK.NS,Financials,991.28,3031173
2022-03-15,AXISBANK.NS,Financials,986.96,7806349
2022-03-16,AXISBANK.NS,Financials,989.04,2049587
2022-03-17,AXISBANK.NS,Financials,994.84,3161892
2022-03-18,AXISBANK.NS,Financials,992.61,3266435
2022-03-21,AXISBANK.NS,Financials,992.28,5428327
2022-03-22,AXISBANK.NS,Financials,973.06,3531842
2022-03-23,AXISBANK.NS,Financials,969.39,3141699
2022-03-24,AXISBANK.NS,Financials,974.94,5752936
2022-03-25,AXISBANK.NS,Financials,980.1,5249132
2022-03-28,AXISBANK.NS,Financials,989.85,3610378
2022-03-29,AXISBANK.NS,Financials,995.89,4332524
2022-03-30,AXISBANK.NS,Financials,1026.99,2691101
2022-03-31,AXISBANK.NS,Financials,1014.47,3685240
2022-04-01,AXISBANK.NS,Financials,1041.88,3896040
2022-04-04,AXISBANK.NS,Financials,1034.37,2537822
2022-04-05,AXISBANK.NS,Financials,1042.04,2238375
2022-04-06,AXISBANK.NS,Financials,1045.67,3472741
2022-04-07,AXISBANK.NS,Financials,1027.26,5776821
2022-04-08,AXISBANK.NS,Financials,1025.3,4891834
2022-04-11,AXISBANK.NS,Financials,1025.89,3237107
2022-04-12,AXISBANK.NS,Financials,1020.58,9899470
2022-04-13,AXISBANK.NS,Financials,1024.84,2743615
2022-04-15,AXISBANK.NS,Financials,1037.68,4840014
2022-04-18,AXISBANK.NS,Financials,1035.09,3318148
2022-04-19,AXISBANK.NS,Financials,1013.47,6106195
2022-04-20,AXISBANK.NS,Financials,1031.12,3836966
2022-04-21,AXISBANK.NS,Financials,1039.87,3672479
2022-04-22,AXISBANK.NS,Financials,1058.11,5594755
2022-04-25,AXISBANK.NS,Financials,1052.38,3768369
2022-04-26,AXISBANK.NS,Financials,1054.56,5170829
2022-04-27,AXISBANK.NS,Financials,1052.02,3842472
2022-04-28,AXISBANK.NS,Financials,1067.96,1592294
2022-04-29,AXISBANK.NS,Financials,1072.66,8491791
2022-05-02,AXISBANK.NS,Financials,1061.95,4787045
2022-05-03,AXISBANK.NS,Financials,1060.87,3583738
2022-05-04,AXISBANK.NS,Financials,1043.8,6436495
2022-05-05,AXISBANK.NS,Financials,1074.9,2846441
2022-05-06,AXISBANK.NS,Financials,1082.71,2902372
2022-05-09,AXISBANK.NS,Financials,1085.72,2433537
2022-05-10,AXISBANK.NS,Financials,1083.43,3722422
2022-05-11,AXISBANK.NS,Financials,1108.99,3167739
2022-05-12,AXISBANK.NS,Financials,1077.71,3606908
2022-05-13,AXISBANK.NS,Financials,1073.29,2387400
2022-05-16,AXISBANK.NS,Financials,1050.07,3140541
2022-05-17,AXISBANK.NS,Financials,1099.71,4682464
2022-05-18,AXISBANK.NS,Financials,1071.76,6439467
2022-05-19,AXISBANK.NS,Financials,1059.83,4055659
2022-05-20,AXISBANK.NS,Financials,1061.26,3354163
2022-05-23,AXISBANK.NS,Financials,1043.23,4977771
2022-05-24,AXISBANK.NS,Financials,1035.51,6029108
2022-05-25,AXISBANK.NS,Financials,1028.88,5914767
2022-05-26,AXISBANK.NS,Financials,996.4,4775514
2022-05-27,AXISBANK.NS,Financials,972.12,3066920
2022-05-30,AXISBANK.NS,Financials,973.47,3916461
2022-05-31,AXISBANK.NS,Financials,1003.28,4346631
2022-06-01,AXISBANK.NS,Financials,1023.96,1691329
2022-06-02,AXISBANK.NS,Financials,1056.6,4031338
2022-06-03,AXISBANK.NS,Financials,1041.12,7301633
2022-06-06,AXISBANK.NS,Financials,1046.08,3191664
2022-06-07,AXISBANK.NS,Financials,1056.35,2115347
2022-06-08,AXISBANK.NS,Financials,1041.59,3162778
2022-06-09,AXISBANK.NS,Financials,1018.58,3123290
2022-06-10,AXISBANK.NS,Financials,985.49,5871609
2022-06-13,AXISBANK.NS,Financials,979.89,10037028
2022-06-14,AXISBANK.NS,Financials,945.59,4216468
2022-06-15,AXISBANK.NS,Financials,920.37,2962630
2022-06-16,AXISBANK.NS,Financials,921.73,2613931
2022-06-17,AXISBANK.NS,Financials,901.34,5728225
2022-06-20,AXISBANK.NS,Financials,919.58,5143471
2022-06-21,AXISBANK.NS,Financials,932.88,6016808
2022-06-22,AXISBANK.NS,Financials,919.0,3318651
2022-06-23,AXISBANK.NS,Financials,893.78,7067499
2022-06-24,AXISBANK.NS,Financials,903.7,4243911
2022-06-27,AXISBANK.NS,Financials,884.69,3111095
2022-06-28,AXISBANK.NS,Financials,905.28,1946418
2022-06-29,AXISBANK.NS,Financials,898.01,3335358
2022-06-30,AXISBANK.NS,Financials,884.84,3321984
2022-07-01,AXISBANK.NS,Financials,889.98,2744665
2022-07-04,AXISBANK.NS,Financials,911.69,4669344
2022-07-05,AXISBANK.NS,Financials,913.48,3133301
2022-07-06,AXISBANK.NS,Financials,909.78,2861754
2022-07-07,AXISBANK.NS,Financials,898.76,2896540
2022-07-08,AXISBANK.NS,Financials,895.3,2429680
2022-07-11,AXISBANK.NS,Financials,898.51,3269449
2022-07-12,AXISBANK.NS,Financials,896.66,3299036
2022-07-13,AXISBANK.NS,Financials,883.08,3664829
2022-07-14,AXISBANK.NS,Financials,859.42,4564033
2022-07-15,AXISBANK.NS,Financials,876.92,6823212
2022-07-18,AXISBANK.NS,Financials,882.36,5686536
2022-07-19,AXISBANK.NS,Financials,861.73,2310021
2022-07-20,AXISBANK.NS,Financials,860.05,5458839
2022-07-21,AXISBANK.NS,Financials,868.2,5832605
2022-07-22,AXISBANK.NS,Financials,853.67,5205246
2022-07-25,AXISBANK.NS,Financials,859.84,3409081
2022-07-26,AXISBANK.NS,Financials,855.79,6666173
2022-07-27,AXISBANK.NS,Financials,833.0,2916068
2022-07-28,AXISBANK.NS,Financials,828.43,5799999
2022-07-29,AXISBANK.NS,Financials,816.73,5738988
2022-08-01,AXISBANK.NS,Financials,832.39,4755508
2022-08-02,AXISBANK.NS,Financials,822.56,2127973
2022-08-03,AXISBANK.NS,Financials,816.01,4285437
2022-08-04,AXISBANK.NS,Financials,821.51,5343415
2022-08-05,AXISBANK.NS,Financials,827.07,4060719
2022-08-08,AXISBANK.NS,Financials,841.85,3879567
2022-08-09,AXISBANK.NS,Financials,843.09,3502916
2022-08-10,AXISBANK.NS,Financials,838.86,3319992
2022-08-11,AXISBANK.NS,Financials,813.39,3861962
2022-08-12,AXISBANK.NS,Financials,832.19,6073302
2022-08-16,AXISBANK.NS,Financials,825.63,3121489
2022-08-17,AXISBANK.NS,Financials,855.78,4580705
2022-08-18,AXISBANK.NS,Financials,876.22,1557646
2022-08-19,AXISBANK.NS,Financials,883.74,3322053
2022-08-22,AXISBANK.NS,Financials,909.96,5125621
2022-08-23,AXISBANK.NS,Financials,943.32,5677078
2022-08-24,AXISBANK.NS,Financials,955.62,2704925
2022-08-25,AXISBANK.NS,Financials,944.82,4408689
2022-08-26,AXISBANK.NS,Financials,941.49,5243941
2022-08-29,AXISBANK.NS,Financials,935.2,3007351
2022-08-30,AXISBANK.NS,Financials,914.32,2220165
2022-08-31,AXISBANK.NS,Financials,913.77,2485475
2022-09-01,AXISBANK.NS,Financials,914.33,2279304
2022-09-02,AXISBANK.NS,Financials,943.73,5105371
2022-09-05,AXISBANK.NS,Financials,975.27,4125282
2022-09-06,AXISBANK.NS,Financials,961.91,3423034
2022-09-07,AXISBANK.NS,Financials,967.79,2912589
2022-09-08,AXISBANK.NS,Financials,983.24,5848977
2022-09-09,AXISBANK.NS,Financials,954.27,3691603
2022-09-12,AXISBANK.NS,Financials,930.13,4444944
2022-09-13,AXISBANK.NS,Financials,930.61,2890792
2022-09-14,AXISBANK.NS,Financials,922.53,2630308
2022-09-15,AXISBANK.NS,Financials,897.69,5666143
2022-09-16,AXISBANK.NS,Financials,886.53,4091654
2022-09-19,AXISBANK.NS,Financials,885.84,4218055
2022-09-20,AXISBANK.NS,Financials,905.14,4452951
2022-09-21,AXISBANK.NS,Financials,913.73,5615756
2022-09-22,AXISBANK.NS,Financials,937.89,5974498
2022-09-23,AXISBANK.NS,Financials,932.07,2687387
2022-09-26,AXISBANK.NS,Financials,925.78,3628334
2022-09-27,AXISBANK.NS,Financials,905.04,2770480
2022-09-28,AXISBANK.NS,Financials,903.4,4229976
2022-09-29,AXISBANK.NS,Financials,894.35,3468505
2022-09-30,AXISBANK.NS,Financials,894.14,3563799
2022-10-03,AXISBANK.NS,Financials,876.61,3674881
2022-10-04,AXISBANK.NS,Financials,896.46,3608319
2022-10-05,AXISBANK.NS,Financials,898.54,9614631
2022-10-06,AXISBANK.NS,Financials,893.08,2020759
2022-10-07,AXISBANK.NS,Financials,880.67,3769783
2022-10-10,AXISBANK.NS,Financials,899.21,2354665
2022-10-11,AXISBANK.NS,Financials,899.46,4212781
2022-10-12,AXISBANK.NS,Financials,896.25,2422910
2022-10-13,AXISBANK.NS,Financials,891.9,3888242
2022-10-14,AXISBANK.NS,Financials,881.25,3079187
2022-10-17,AXISBANK.NS,Financials,875.67,5798140
2022-10-18,AXISBANK.NS,Financials,873.01,2363751
2022-10-19,AXISBANK.NS,Financials,879.01,2474986
2022-10-20,AXISBANK.NS,Financials,896.08,2663959
2022-10-21,AXISBANK.NS,Financials,907.6,4533637
2022-10-25,AXISBANK.NS,Financials,917.77,4274891
2022-10-26,AXISBANK.NS,Financials,940.02,3580603
2022-10-27,AXISBANK.NS,Financials,921.29,4967493
2022-10-28,AXISBANK.NS,Financials,958.0,1796244
2022-10-31,AXISBANK.NS,Financials,969.03,3644878
2022-11-01,AXISBANK.NS,Financials,943.42,3943393
2022-11-02,AXISBANK.NS,Financials,962.09,4224292
2022-11-03,AXISBANK.NS,Financials,994.36,4061071
2022-11-04,AXISBANK.NS,Financials,1009.49,4334643
2022-11-07,AXISBANK.NS,Financials,990.41,4644663
2022-11-08,AXISBANK.NS,Financials,981.09,7849282
2022-11-09,AXISBANK.NS,Financials,981.57,5100688
2022-11-10,AXISBANK.NS,Financials,986.11,2344540
2022-11-11,AXISBANK.NS,Financials,975.53,5327850
2022-11-14,AXISBANK.NS,Financials,988.73,3770561
2022-11-15,AXISBANK.NS,Financials,974.22,3252631
2022-11-16,AXISBANK.NS,Financials,1001.38,2393341
2022-11-17,AXISBANK.NS,Financials,1008.8,3584021
2022-11-18,AXISBANK.NS,Financials,1002.47,4257904
2022-11-21,AXISBANK.NS,Financials,975.15,5165426
2022-11-22,AXISBANK.NS,Financials,968.29,2701925
2022-11-23,AXISBANK.NS,Financials,996.34,3434446
2022-11-24,AXISBANK.NS,Financials,1001.01,3340700
2022-11-25,AXISBANK.NS,Financials,1024.15,3255275
2022-11-28,AXISBANK.NS,Financials,1017.95,2332312
2022-11-29,AXISBANK.NS,Financials,1027.63,2739455
2022-11-30,AXISBANK.NS,Financials,990.97,3575527
2022-12-01,AXISBANK.NS,Financials,1007.04,4950975
2022-12-02,AXISBANK.NS,Financials,996.41,3664593
2022-12-05,AXISBANK.NS,Financials,979.02,2614421
2022-12-06,AXISBANK.NS,Financials,976.68,3626628
2022-12-07,AXISBANK.NS,Financials,1009.98,2573718
2022-12-08,AXISBANK.NS,Financials,1011.64,5155142
2022-12-09,AXISBANK.NS,Financials,999.1,6713591
2022-12-12,AXISBANK.NS,Financials,1009.28,4108018
2022-12-13,AXISBANK.NS,Financials,1012.71,5031736
2022-12-14,AXISBANK.NS,Financials,1014.02,3095260
2022-12-15,AXISBANK.NS,Financials,1041.33,4306984
2022-12-16,AXISBANK.NS,Financials,1056.24,3888064
2022-12-19,AXISBANK.NS,Financials,1073.86,5568539
2022-12-20,AXISBANK.NS,Financials,1066.19,3189894
2022-12-21,AXISBANK.NS,Financials,1069.84,3814571
2022-12-22,AXISBANK.NS,Financials,1110.35,2666683
2022-12-23,AXISBANK.NS,Financials,1121.52,4905340
2022-12-26,AXISBANK.NS,Financials,1121.82,3135436
2022-12-27,AXISBANK.NS,Financials,1109.29,3500308
2022-12-28,AXISBANK.NS,Financials,1110.36,2861598
2022-12-29,AXISBANK.NS,Financials,1103.18,3657537
2022-12-30,AXISBANK.NS,Financials,1142.91,5019653
2023-01-02,AXISBANK.NS,Financials,1148.83,4425641
2023-01-03,AXISBANK.NS,Financials,1155.03,6108653
2023-01-04,AXISBANK.NS,Financials,1141.3,3106541
2023-01-05,AXISBANK.NS,Financials,1139.89,3916884
2023-01-06,AXISBANK.NS,Financials,1109.52,5841256
2023-01-09,AXISBANK.NS,Financials,1069.73,2814100
2023-01-10,AXISBANK.NS,Financials,1074.25,5953645
2023-01-11,AXISBANK.NS,Financials,1074.91,6675724
2023-01-12,AXISBANK.NS,Financials,1067.66,2662561
2023-01-13,AXISBANK.NS,Financials,1076.28,9194813
2023-01-16,AXISBANK.NS,Financials,1097.16,3560594
2023-01-17,AXISBANK.NS,Financials,1103.51,2171165
2023-01-18,AXISBANK.NS,Financials,1074.96,2669083
2023-01-19,AXISBANK.NS,Financials,1067.4,3711044
2023-01-20,AXISBANK.NS,Financials,1087.85,3395241
2023-01-23,AXISBANK.NS,Financials,1073.26,2974795
2023-01-24,AXISBANK.NS,Financials,1075.34,2540088
2023-01-25,AXISBANK.NS,Financials,1063.31,2397371
2023-01-27,AXISBANK.NS,Financials,1051.43,6991619
2023-01-30,AXISBANK.NS,Financials,1062.42,4440616
2023-01-31,AXISBANK.NS,Financials,1055.38,5569980
2023-02-01,AXISBANK.NS,Financials,1057.07,2826618
2023-02-02,AXISBANK.NS,Financials,1064.78,3417286
2023-02-03,AXISBANK.NS,Financials,1063.5,2751235
2023-02-06,AXISBANK.NS,Financials,1089.64,3297587
2023-02-07,AXISBANK.NS,Financials,1079.14,5700446
2023-02-08,AXISBANK.NS,Financials,1110.75,3375466
2023-02-09,AXISBANK.NS,Financials,1133.19,3790910
2023-02-10,AXISBANK.NS,Financials,1125.1,3109151
2023-02-13,AXISBANK.NS,Financials,1118.66,5151500
2023-02-14,AXISBANK.NS,Financials,1108.12,3225692
2023-02-15,AXISBANK.NS,Financials,1083.01,6134524
2023-02-16,AXISBANK.NS,Financials,1054.0,3483447
2023-02-17,AXISBANK.NS,Financials,1071.36,9323813
2023-02-20,AXISBANK.NS,Financials,1066.91,6072450
2023-02-21,AXISBANK.NS,Financials,1056.76,3920258
2023-02-22,AXISBANK.NS,Financials,1038.52,4089471
2023-02-23,AXISBANK.NS,Financials,1025.57,6451072
2023-02-24,AXISBANK.NS,Financials,1012.73,4475137
2023-02-27,AXISBANK.NS,Financials,1028.64,4925588
2023-02-28,AXISBANK.NS,Financials,1036.57,8368135
2023-03-01,AXISBANK.NS,Financials,1062.95,4291894
2023-03-02,AXISBANK.NS,Financials,1049.04,1913835
2023-03-03,AXISBANK.NS,Financials,1040.11,4241417
2023-03-06,AXISBANK.NS,Financials,1049.1,6019081
2023-03-07,AXISBANK.NS,Financials,1030.5,4457488
2023-03-09,AXISBANK.NS,Financials,1011.49,2662229
2023-03-10,AXISBANK.NS,Financials,995.91,3875566
2023-03-13,AXISBANK.NS,Financials,1021.74,6711765
2023-03-14,AXISBANK.NS,Financials,1034.33,2430191
2023-03-15,AXISBANK.NS,Financials,1059.78,2186402
2023-03-16,AXISBANK.NS,Financials,1092.27,2978690
2023-03-17,AXISBANK.NS,Financials,1095.02,5964134
2023-03-20,AXISBANK.NS,Financials,1102.07,1949968
2023-03-21,AXISBANK.NS,Financials,1080.17,4165339
2023-03-22,AXISBANK.NS,Financials,1091.13,4750200
2023-03-23,AXISBANK.NS,Financials,1106.63,3995231
2023-03-24,AXISBANK.NS,Financials,1115.32,2377738
2023-03-27,AXISBANK.NS,Financials,1128.38,4179740
2023-03-28,AXISBANK.NS,Financials,1160.22,2726416
2023-03-29,AXISBANK.NS,Financials,1138.73,4201693
2023-03-30,AXISBANK.NS,Financials,1126.69,2923335
2023-03-31,AXISBANK.NS,Financials,1140.94,4484486
2023-04-03,AXISBANK.NS,Financials,1135.01,3923923
2023-04-04,AXISBANK.NS,Financials,1140.5,2565711
2023-04-05,AXISBANK.NS,Financials,1137.72,4844567
2023-04-06,AXISBANK.NS,Financials,1159.58,3792800
2023-04-07,AXISBANK.NS,Financials,1171.48,4462875
2023-04-10,AXISBANK.NS,Financials,1154.2,4276189
2023-04-11,AXISBANK.NS,Financials,1189.57,5669648
2023-04-12,AXISBANK.NS,Financials,1186.37,4883446
2023-04-13,AXISBANK.NS,Financials,1194.3,4599531
2023-04-17,AXISBANK.NS,Financials,1189.18,2051346
2023-04-18,AXISBANK.NS,Financials,1171.98,3425482
2023-04-19,AXISBANK.NS,Financials,1181.05,1585496
2023-04-20,AXISBANK.NS,Financials,1169.97,2360522
2023-04-21,AXISBANK.NS,Financials,1182.03,5754313
2023-04-24,AXISBANK.NS,Financials,1193.05,3254089
2023-04-25,AXISBANK.NS,Financials,1182.6,5706927
2023-04-26,AXISBANK.NS,Financials,1171.63,2902804
2023-04-27,AXISBANK.NS,Financials,1198.63,3641520
2023-04-28,AXISBANK.NS,Financials,1208.33,4025595
2023-05-02,AXISBANK.NS,Financials,1189.88,6567216
2023-05-03,AXISBANK.NS,Financials,1199.02,5429382
2023-05-04,AXISBANK.NS,Financials,1184.18,3213874
2023-05-05,AXISBANK.NS,Financials,1188.2,3221091
2023-05-08,AXISBANK.NS,Financials,1202.04,4091745
2023-05-09,AXISBANK.NS,Financials,1201.52,8839209
2023-05-10,AXISBANK.NS,Financials,1199.01,3948125
2023-05-11,AXISBANK.NS,Financials,1198.08,2885262
2023-05-12,AXISBANK.NS,Financials,1160.34,2935065
2023-05-15,AXISBANK.NS,Financials,1167.29,3612030
2023-05-16,AXISBANK.NS,Financials,1185.57,4307722
2023-05-17,AXISBANK.NS,Financials,1183.3,2807693
2023-05-18,AXISBANK.NS,Financials,1246.32,5374938
2023-05-19,AXISBANK.NS,Financials,1245.37,3065706
2023-05-22,AXISBANK.NS,Financials,1217.44,6075927
2023-05-23,AXISBANK.NS,Financials,1233.55,4224390
2023-05-24,AXISBANK.NS,Financials,1259.31,3433912
2023-05-25,AXISBANK.NS,Financials,1289.12,1441613
2023-05-26,AXISBANK.NS,Financials,1269.81,3410518
2023-05-29,AXISBANK.NS,Financials,1247.61,3886656
2023-05-30,AXISBANK.NS,Financials,1221.18,3947784
2023-05-31,AXISBANK.NS,Financials,1274.94,4772654
2023-06-01,AXISBANK.NS,Financials,1272.58,3391525
2023-06-02,AXISBANK.NS,Financials,1272.41,4794771
2023-06-05,AXISBANK.NS,Financials,1268.42,2828004
2023-06-06,AXISBANK.NS,Financials,1286.52,5528831
2023-06-07,AXISBANK.NS,Financials,1316.12,5556167
2023-06-08,AXISBANK.NS,Financials,1316.3,4377417
2023-06-09,AXISBANK.NS,Financials,1317.7,5110505
2023-06-12,AXISBANK.NS,Financials,1303.77,3521144
2023-06-13,AXISBANK.NS,Financials,1318.34,3677682
2023-06-14,AXISBANK.NS,Financials,1343.4,3601478
2023-06-15,AXISBANK.NS,Financials,1363.63,6171474
2023-06-16,AXISBANK.NS,Financials,1389.51,4201032
2023-06-19,AXISBANK.NS,Financials,1364.5,2996656
2023-06-20,AXISBANK.NS,Financials,1338.98,3837806
2023-06-21,AXISBANK.NS,Financials,1362.7,3317621
2023-06-22,AXISBANK.NS,Financials,1370.99,4171055
2023-06-23,AXISBANK.NS,Financials,1378.88,3699260
2023-06-26,AXISBANK.NS,Financials,1359.2,2440042
2023-06-27,AXISBANK.NS,Financials,1347.79,2692555
2023-06-28,AXISBANK.NS,Financials,1359.48,3441443
2023-06-29,AXISBANK.NS,Financials,1380.57,6352748
2023-06-30,AXISBANK.NS,Financials,1385.35,2066281
2023-07-03,AXISBANK.NS,Financials,1419.53,4509416
2023-07-04,AXISBANK.NS,Financials,1464.95,6888513
2023-07-05,AXISBANK.NS,Financials,1478.88,5597787
2023-07-06,AXISBANK.NS,Financials,1508.8,3957643
2023-07-07,AXISBANK.NS,Financials,1529.65,3687580
2023-07-10,AXISBANK.NS,Financials,1541.0,4997036
2023-07-11,AXISBANK.NS,Financials,1537.35,6768862
2023-07-12,AXISBANK.NS,Financials,1513.08,5133702
2023-07-13,AXISBANK.NS,Financials,1538.97,4260933
2023-07-14,AXISBANK.NS,Financials,1541.48,6098659
2023-07-17,AXISBANK.NS,Financials,1527.85,4249836
2023-07-18,AXISBANK.NS,Financials,1541.49,4123720
2023-07-19,AXISBANK.NS,Financials,1574.12,4986369
2023-07-20,AXISBANK.NS,Financials,1562.53,3193595
2023-07-21,AXISBANK.NS,Financials,1564.41,11373256
2023-07-24,AXISBANK.NS,Financials,1545.25,4219729
2023-07-25,AXISBANK.NS,Financials,1532.39,3742707
2023-07-26,AXISBANK.NS,Financials,1535.15,5365363
2023-07-27,AXISBANK.NS,Financials,1544.0,5860401
2023-07-28,AXISBANK.NS,Financials,1517.66,3141923
2023-07-31,AXISBANK.NS,Financials,1556.99,2195276
2023-08-01,AXISBANK.NS,Financials,1578.18,3556162
2023-08-02,AXISBANK.NS,Financials,1545.27,4411108
2023-08-03,AXISBANK.NS,Financials,1529.75,3079976
2023-08-04,AXISBANK.NS,Financials,1518.02,3957535
2023-08-07,AXISBANK.NS,Financials,1555.5,3817603
2023-08-08,AXISBANK.NS,Financials,1615.19,2252294
2023-08-09,AXISBANK.NS,Financials,1592.65,5032460
2023-08-10,AXISBANK.NS,Financials,1631.9,5467825
2023-08-11,AXISBANK.NS,Financials,1635.92,4277514
2023-08-14,AXISBANK.NS,Financials,1633.97,4573560
2023-08-16,AXISBANK.NS,Financials,1603.84,3176706
2023-08-17,AXISBANK.NS,Financials,1669.11,3829246
2023-08-18,AXISBANK.NS,Financials,1672.39,5052923
2023-08-21,AXISBANK.NS,Financials,1640.72,2474679
2023-08-22,AXISBANK.NS,Financials,1675.68,2792070
2023-08-23,AXISBANK.NS,Financials,1684.96,2424065
2023-08-24,AXISBANK.NS,Financials,1685.51,7198946
2023-08-25,AXISBANK.NS,Financials,1657.65,3623653
2023-08-28,AXISBANK.NS,Financials,1641.21,6602071
2023-08-29,AXISBANK.NS,Financials,1676.85,3890558
2023-08-30,AXISBANK.NS,Financials,1640.36,7480650
2023-08-31,AXISBANK.NS,Financials,1593.31,6146097
2023-09-01,AXISBANK.NS,Financials,1589.77,3142144
2023-09-04,AXISBANK.NS,Financials,1646.41,4154489
2023-09-05,AXISBANK.NS,Financials,1611.6,2809849
2023-09-06,AXISBANK.NS,Financials,1601.52,5033884
2023-09-07,AXISBANK.NS,Financials,1606.98,5822309
2023-09-08,AXISBANK.NS,Financials,1601.88,7708717
2023-09-11,AXISBANK.NS,Financials,1604.92,6466991
2023-09-12,AXISBANK.NS,Financials,1582.83,4645735
2023-09-13,AXISBANK.NS,Financials,1568.3,4519047
2023-09-14,AXISBANK.NS,Financials,1556.09,3662865
2023-09-15,AXISBANK.NS,Financials,1577.58,7559288
2023-09-18,AXISBANK.NS,Financials,1584.81,2950778
2023-09-19,AXISBANK.NS,Financials,1552.33,2776617
2023-09-20,AXISBANK.NS,Financials,1536.27,2719462
2023-09-21,AXISBANK.NS,Financials,1575.85,5816002
2023-09-22,AXISBANK.NS,Financials,1561.36,5593055
2023-09-25,AXISBANK.NS,Financials,1605.45,4665404
2023-09-26,AXISBANK.NS,Financials,1596.13,4455107
2023-09-27,AXISBANK.NS,Financials,1601.88,2639026
2023-09-28,AXISBANK.NS,Financials,1636.73,4390667
2023-09-29,AXISBANK.NS,Financials,1646.01,6147795
2023-10-03,AXISBANK.NS,Financials,1604.78,2734085
2023-10-04,AXISBANK.NS,Financials,1615.83,2604625
2023-10-05,AXISBANK.NS,Financials,1634.91,4452686
2023-10-06,AXISBANK.NS,Financials,1595.82,5220873
2023-10-09,AXISBANK.NS,Financials,1609.02,5312179
2023-10-10,AXISBANK.NS,Financials,1600.6,6099198
2023-10-11,AXISBANK.NS,Financials,1659.02,4223439
2023-10-12,AXISBANK.NS,Financials,1641.43,2235609
2023-10-13,AXISBANK.NS,Financials,1646.01,4783339
2023-10-16,AXISBANK.NS,Financials,1632.98,6052505
2023-10-17,AXISBANK.NS,Financials,1620.96,3212020
2023-10-18,AXISBANK.NS,Financials,1548.99,3805625
2023-10-19,AXISBANK.NS,Financials,1546.71,1863871
2023-10-20,AXISBANK.NS,Financials,1599.85,3620094
2023-10-23,AXISBANK.NS,Financials,1575.04,6984577
2023-10-24,AXISBANK.NS,Financials,1593.09,3417594
2023-10-25,AXISBANK.NS,Financials,1584.57,2758968
2023-10-26,AXISBANK.NS,Financials,1622.07,7928952
2023-10-27,AXISBANK.NS,Financials,1636.2,4951728
2023-10-30,AXISBANK.NS,Financials,1669.35,4716690
2023-10-31,AXISBANK.NS,Financials,1701.34,4216656
2023-11-01,AXISBANK.NS,Financials,1696.42,3153387
2023-11-02,AXISBANK.NS,Financials,1673.82,3641091
2023-11-03,AXISBANK.NS,Financials,1718.21,7141821
2023-11-06,AXISBANK.NS,Financials,1714.41,3139883
2023-11-07,AXISBANK.NS,Financials,1703.11,6438907
2023-11-08,AXISBANK.NS,Financials,1700.26,4511689
2023-11-09,AXISBANK.NS,Financials,1721.85,4520106
2023-11-10,AXISBANK.NS,Financials,1743.96,2225395
2023-11-13,AXISBANK.NS,Financials,1688.81,4633359
2023-11-14,AXISBANK.NS,Financials,1679.46,3903625
2023-11-15,AXISBANK.NS,Financials,1707.53,2270247
2023-11-16,AXISBANK.NS,Financials,1717.59,4051520
2023-11-17,AXISBANK.NS,Financials,1718.85,3440175
2023-11-20,AXISBANK.NS,Financials,1725.81,4380717
2023-11-21,AXISBANK.NS,Financials,1770.12,2961339
2023-11-22,AXISBANK.NS,Financials,1749.01,2798815
2023-11-23,AXISBANK.NS,Financials,1746.72,4127718
2023-11-24,AXISBANK.NS,Financials,1734.53,3476849
2023-11-27,AXISBANK.NS,Financials,1738.84,3547952
2023-11-28,AXISBANK.NS,Financials,1744.94,2604743
2023-11-29,AXISBANK.NS,Financials,1765.33,3913435
2023-11-30,AXISBANK.NS,Financials,1782.49,4997070
2023-12-01,AXISBANK.NS,Financials,1776.08,4395467
2023-12-04,AXISBANK.NS,Financials,1754.95,3509547
2023-12-05,AXISBANK.NS,Financials,1738.67,2247655
2023-12-06,AXISBANK.NS,Financials,1739.46,2963337
2023-12-07,AXISBANK.NS,Financials,1750.71,3077118
2023-12-08,AXISBANK.NS,Financials,1724.79,5355477
2023-12-11,AXISBANK.NS,Financials,1755.68,5287730
2023-12-12,AXISBANK.NS,Financials,1785.14,4452470
2023-12-13,AXISBANK.NS,Financials,1761.38,3536543
2023-12-14,AXISBANK.NS,Financials,1773.95,6300753
2023-12-15,AXISBANK.NS,Financials,1786.45,4976033
2023-12-18,AXISBANK.NS,Financials,1758.28,1931044
2023-12-19,AXISBANK.NS,Financials,1746.84,6946215
2023-12-20,AXISBANK.NS,Financials,1772.08,3772078
2023-12-21,AXISBANK.NS,Financials,1761.08,5549260
2023-12-22,AXISBANK.NS,Financials,1729.5,4707626
2023-12-26,AXISBANK.NS,Financials,1755.37,2541938
2023-12-27,AXISBANK.NS,Financials,1767.75,3390270
2023-12-28,AXISBANK.NS,Financials,1738.45,2034548
2023-12-29,AXISBANK.NS,Financials,1725.51,3045255
2024-01-01,AXISBANK.NS,Financials,1749.22,4196047
2024-01-02,AXISBANK.NS,Financials,1770.95,4089549
2024-01-03,AXISBANK.NS,Financials,1743.34,3158195
2024-01-04,AXISBANK.NS,Financials,1771.66,3654451
2024-01-05,AXISBANK.NS,Financials,1716.61,4149697
2024-01-08,AXISBANK.NS,Financials,1724.67,5050538
2024-01-09,AXISBANK.NS,Financials,1689.96,3206691
2024-01-10,AXISBANK.NS,Financials,1698.23,3787899
2024-01-11,AXISBANK.NS,Financials,1674.38,2574363
2024-01-12,AXISBANK.NS,Financials,1654.92,2606460
2024-01-15,AXISBANK.NS,Financials,1587.56,5930013
2024-01-16,AXISBANK.NS,Financials,1578.3,6818758
2024-01-17,AXISBANK.NS,Financials,1580.56,4290458
2024-01-18,AXISBANK.NS,Financials,1597.7,3563118
2024-01-19,AXISBANK.NS,Financials,1641.88,3386031
2024-01-22,AXISBANK.NS,Financials,1632.59,6120976
2024-01-23,AXISBANK.NS,Financials,1676.3,1023921
2024-01-24,AXISBANK.NS,Financials,1688.45,8849388
2024-01-25,AXISBANK.NS,Financials,1687.7,4107358
2024-01-29,AXISBANK.NS,Financials,1687.03,1639068
2024-01-30,AXISBANK.NS,Financials,1686.03,9446886
2024-01-31,AXISBANK.NS,Financials,1701.15,1721498
2024-02-01,AXISBANK.NS,Financials,1693.65,1812253
2024-02-02,AXISBANK.NS,Financials,1691.87,2917661
2024-02-05,AXISBANK.NS,Financials,1701.9,3778383
2024-02-06,AXISBANK.NS,Financials,1664.46,6079870
2024-02-07,AXISBANK.NS,Financials,1646.76,3538824
2024-02-08,AXISBANK.NS,Financials,1665.86,3011846
2024-02-09,AXISBANK.NS,Financials,1642.65,3584581
2024-02-12,AXISBANK.NS,Financials,1637.74,3577793
2024-02-13,AXISBANK.NS,Financials,1654.28,6607185
2024-02-14,AXISBANK.NS,Financials,1646.2,5776453
2024-02-15,AXISBANK.NS,Financials,1616.7,3232106
2024-02-16,AXISBANK.NS,Financials,1636.36,3539247
2024-02-19,AXISBANK.NS,Financials,1603.5,2082840
2024-02-20,AXISBANK.NS,Financials,1582.87,4980989
2024-02-21,AXISBANK.NS,Financials,1597.1,3921292
2024-02-22,AXISBANK.NS,Financials,1586.09,4573180
2024-02-23,AXISBANK.NS,Financials,1597.39,4981097
2024-02-26,AXISBANK.NS,Financials,1604.97,6883626
2024-02-27,AXISBANK.NS,Financials,1574.15,3483748
2024-02-28,AXISBANK.NS,Financials,1594.22,4069054
2024-02-29,AXISBANK.NS,Financials,1582.43,6908341
2024-03-01,AXISBANK.NS,Financials,1599.67,3757424
2024-03-04,AXISBANK.NS,Financials,1595.54,3868574
2024-03-05,AXISBANK.NS,Financials,1572.41,10057574
2024-03-06,AXISBANK.NS,Financials,1558.5,3930316
2024-03-07,AXISBANK.NS,Financials,1569.61,7329012
2024-03-11,AXISBANK.NS,Financials,1604.44,3283654
2024-03-12,AXISBANK.NS,Financials,1584.45,3406047
2024-03-13,AXISBANK.NS,Financials,1603.58,1978510
2024-03-14,AXISBANK.NS,Financials,1571.69,4945971
2024-03-15,AXISBANK.NS,Financials,1582.35,5131999
2024-03-18,AXISBANK.NS,Financials,1594.13,4119693
2024-03-19,AXISBANK.NS,Financials,1606.31,4687951
2024-03-20,AXISBANK.NS,Financials,1573.93,5423609
2024-03-21,AXISBANK.NS,Financials,1559.89,2376967
2024-03-22,AXISBANK.NS,Financials,1525.0,4091961
2024-03-25,AXISBANK.NS,Financials,1536.89,7135430
2024-03-26,AXISBANK.NS,Financials,1561.26,3616440
2024-03-27,AXISBANK.NS,Financials,1569.79,2466808
2024-03-28,AXISBANK.NS,Financials,1610.23,5830457
2024-03-29,AXISBANK.NS,Financials,1631.61,4205697
2024-04-01,AXISBANK.NS,Financials,1638.93,3954905
2024-04-02,AXISBANK.NS,Financials,1652.13,3462603
2024-04-03,AXISBANK.NS,Financials,1664.29,5510235
2024-04-04,AXISBANK.NS,Financials,1712.03,3293569
2024-04-05,AXISBANK.NS,Financials,1737.8,6623260
2024-04-08,AXISBANK.NS,Financials,1689.29,4113007
2024-04-09,AXISBANK.NS,Financials,1715.78,5692324
2024-04-10,AXISBANK.NS,Financials,1718.39,5463843
2024-04-11,AXISBANK.NS,Financials,1747.24,2640799
2024-04-12,AXISBANK.NS,Financials,1728.15,4719467
2024-04-15,AXISBANK.NS,Financials,1766.13,3634883
2024-04-16,AXISBANK.NS,Financials,1770.95,5024306
2024-04-17,AXISBANK.NS,Financials,1737.59,3909248
2024-04-18,AXISBANK.NS,Financials,1686.48,2065880
2024-04-19,AXISBANK.NS,Financials,1698.4,5265444
2024-04-22,AXISBANK.NS,Financials,1680.87,1828062
2024-04-23,AXISBANK.NS,Financials,1652.66,4195617
2024-04-24,AXISBANK.NS,Financials,1631.87,7750275
2024-04-25,AXISBANK.NS,Financials,1610.29,6520012
2024-04-26,AXISBANK.NS,Financials,1614.38,4596536
2024-04-29,AXISBANK.NS,Financials,1598.37,3338549
2024-04-30,AXISBANK.NS,Financials,1610.15,3906072
2024-05-02,AXISBANK.NS,Financials,1635.77,5768838
2024-05-03,AXISBANK.NS,Financials,1628.4,3029098
2024-05-06,AXISBANK.NS,Financials,1649.6,4621867
2024-05-07,AXISBANK.NS,Financials,1643.89,2964458
2024-05-08,AXISBANK.NS,Financials,1699.65,3618090
2024-05-09,AXISBANK.NS,Financials,1699.81,3384917
2024-05-10,AXISBANK.NS,Financials,1658.15,4615797
2024-05-13,AXISBANK.NS,Financials,1653.53,4837908
2024-05-14,AXISBANK.NS,Financials,1746.05,8484280
2024-05-15,AXISBANK.NS,Financials,1726.0,3785029
2024-05-16,AXISBANK.NS,Financials,1763.57,4470239
2024-05-17,AXISBANK.NS,Financials,1833.9,6024251
2024-05-20,AXISBANK.NS,Financials,1806.66,3957923
2024-05-21,AXISBANK.NS,Financials,1836.27,4131185
2024-05-22,AXISBANK.NS,Financials,1852.01,4941817
2024-05-23,AXISBANK.NS,Financials,1819.48,3151054
2024-05-24,AXISBANK.NS,Financials,1800.4,4283659
2024-05-27,AXISBANK.NS,Financials,1813.11,3005887
2024-05-28,AXISBANK.NS,Financials,1790.19,3571372
2024-05-29,AXISBANK.NS,Financials,1811.64,8464102
2024-05-30,AXISBANK.NS,Financials,1833.25,3795961
2024-05-31,AXISBANK.NS,Financials,1855.94,4314994
2024-06-03,AXISBANK.NS,Financials,1815.9,1581368
2024-06-04,AXISBANK.NS,Financials,1799.81,4658559
2024-06-05,AXISBANK.NS,Financials,1817.04,7973166
2024-06-06,AXISBANK.NS,Financials,1828.81,2966907
2024-06-07,AXISBANK.NS,Financials,1864.08,5835048
2024-06-10,AXISBANK.NS,Financials,1839.86,3214007
2024-06-11,AXISBANK.NS,Financials,1878.09,2236839
2024-06-12,AXISBANK.NS,Financials,1878.35,3425884
2024-06-13,AXISBANK.NS,Financials,1873.02,3143509
2024-06-14,AXISBANK.NS,Financials,1874.36,4157222
2024-06-17,AXISBANK.NS,Financials,1879.32,3591415
2024-06-18,AXISBANK.NS,Financials,1842.5,2815052
2024-06-19,AXISBANK.NS,Financials,1860.07,4811162
2024-06-20,AXISBANK.NS,Financials,1848.18,6020857
2024-06-21,AXISBANK.NS,Financials,1841.46,5011796
2024-06-24,AXISBANK.NS,Financials,1818.98,4249576
2024-06-25,AXISBANK.NS,Financials,1854.14,3885988
2024-06-26,AXISBANK.NS,Financials,1866.92,4900896
2024-06-27,AXISBANK.NS,Financials,1864.68,3293123
2024-06-28,AXISBANK.NS,Financials,1905.7,5360096
2024-07-01,AXISBANK.NS,Financials,1918.85,2549786
2024-07-02,AXISBANK.NS,Financials,1873.35,2168112
2024-07-03,AXISBANK.NS,Financials,1890.91,4949338
2024-07-04,AXISBANK.NS,Financials,1948.64,2742457
2024-07-05,AXISBANK.NS,Financials,1897.19,3064982
2024-07-08,AXISBANK.NS,Financials,1867.29,2776616
2024-07-09,AXISBANK.NS,Financials,1828.79,4919767
2024-07-10,AXISBANK.NS,Financials,1794.71,3020373
2024-07-11,AXISBANK.NS,Financials,1796.94,6494941
2024-07-12,AXISBANK.NS,Financials,1791.34,5224332
2024-07-15,AXISBANK.NS,Financials,1779.78,4379867
2024-07-16,AXISBANK.NS,Financials,1849.57,6988547
2024-07-17,AXISBANK.NS,Financials,1874.65,2879114
2024-07-18,AXISBANK.NS,Financials,1841.27,4178796
2024-07-19,AXISBANK.NS,Financials,1869.66,1791778
2024-07-22,AXISBANK.NS,Financials,1946.92,3319324
2024-07-23,AXISBANK.NS,Financials,1917.55,2518141
2024-07-24,AXISBANK.NS,Financials,1897.89,5490251
2024-07-25,AXISBANK.NS,Financials,1839.45,6207109
2024-07-26,AXISBANK.NS,Financials,1824.44,3630954
2024-07-29,AXISBANK.NS,Financials,1802.85,8885649
2024-07-30,AXISBANK.NS,Financials,1828.04,2970873
2024-07-31,AXISBANK.NS,Financials,1828.96,2634945
2024-08-01,AXISBANK.NS,Financials,1842.05,3304588
2024-08-02,AXISBANK.NS,Financials,1897.31,4564119
2024-08-05,AXISBANK.NS,Financials,1884.56,5560564
2024-08-06,AXISBANK.NS,Financials,1878.55,5270231
2024-08-07,AXISBANK.NS,Financials,1874.37,3546016
2024-08-08,AXISBANK.NS,Financials,1880.02,5915631
2024-08-09,AXISBANK.NS,Financials,1908.32,3329400
2024-08-12,AXISBANK.NS,Financials,1889.14,11052493
2024-08-13,AXISBANK.NS,Financials,1934.41,5815090
2024-08-14,AXISBANK.NS,Financials,2011.03,1972406
2024-08-16,AXISBANK.NS,Financials,2027.23,3366937
2024-08-19,AXISBANK.NS,Financials,2010.01,3064536
2024-08-20,AXISBANK.NS,Financials,2025.9,8383429
2024-08-21,AXISBANK.NS,Financials,2003.92,2881089
2024-08-22,AXISBANK.NS,Financials,2001.3,1815715
2024-08-23,AXISBANK.NS,Financials,1932.68,5700803
2024-08-26,AXISBANK.NS,Financials,1977.56,1460126
2024-08-27,AXISBANK.NS,Financials,1924.74,3533860
2024-08-28,AXISBANK.NS,Financials,1927.52,5309238
2024-08-29,AXISBANK.NS,Financials,1935.54,3498637
2024-08-30,AXISBANK.NS,Financials,1898.63,6597747
2024-09-02,AXISBANK.NS,Financials,1913.81,4601622
2024-09-03,AXISBANK.NS,Financials,1958.36,2913819
2024-09-04,AXISBANK.NS,Financials,1950.83,4328420
2024-09-05,AXISBANK.NS,Financials,1945.73,7388597
2024-09-06,AXISBANK.NS,Financials,1931.44,4371463
2024-09-09,AXISBANK.NS,Financials,1926.43,4825025
2024-09-10,AXISBANK.NS,Financials,1927.71,4722202
2024-09-11,AXISBANK.NS,Financials,1949.56,3116899
2024-09-12,AXISBANK.NS,Financials,1983.05,2243448
2024-09-13,AXISBANK.NS,Financials,2005.84,4594347
2024-09-16,AXISBANK.NS,Financials,1980.88,6675044
2024-09-17,AXISBANK.NS,Financials,1928.49,4945894
2024-09-18,AXISBANK.NS,Financials,1951.07,2507422
2024-09-19,AXISBANK.NS,Financials,1958.08,4657281
2024-09-20,AXISBANK.NS,Financials,1922.69,5587003
2024-09-23,AXISBANK.NS,Financials,1877.96,6098510
2024-09-24,AXISBANK.NS,Financials,1902.42,4990176
2024-09-25,AXISBANK.NS,Financials,1900.72,4397366
2024-09-26,AXISBANK.NS,Financials,1938.11,3215379
2024-09-27,AXISBANK.NS,Financials,1920.59,3768753
2024-09-30,AXISBANK.NS,Financials,1920.01,5701845
2024-10-01,AXISBANK.NS,Financials,1915.64,2991190
2024-10-03,AXISBANK.NS,Financials,1948.07,2951864
2024-10-04,AXISBANK.NS,Financials,1953.92,5164636
2024-10-07,AXISBANK.NS,Financials,2021.68,4588781
2024-10-08,AXISBANK.NS,Financials,2097.22,6709375
2024-10-09,AXISBANK.NS,Financials,2061.26,5526219
2024-10-10,AXISBANK.NS,Financials,2103.26,3312514
2024-10-11,AXISBANK.NS,Financials,2058.46,6909414
2024-10-14,AXISBANK.NS,Financials,2092.57,4473475
2024-10-15,AXISBANK.NS,Financials,2030.46,5147964
2024-10-16,AXISBANK.NS,Financials,2043.33,3556282
2024-10-17,AXISBANK.NS,Financials,2124.72,4814822
2024-10-18,AXISBANK.NS,Financials,2112.38,3355077
2024-10-21,AXISBANK.NS,Financials,2151.94,1914653
2024-10-22,AXISBANK.NS,Financials,2115.56,7610824
2024-10-23,AXISBANK.NS,Financials,2096.04,2976514
2024-10-24,AXISBANK.NS,Financials,2145.62,3315074
2024-10-25,AXISBANK.NS,Financials,2165.0,3241554
2024-10-28,AXISBANK.NS,Financials,2161.51,7625769
2024-10-29,AXISBANK.NS,Financials,2121.5,4783762
2024-10-30,AXISBANK.NS,Financials,2153.45,5042665
2024-10-31,AXISBANK.NS,Financials,2148.06,5667079
2024-11-04,AXISBANK.NS,Financials,2240.21,5265173
2024-11-05,AXISBANK.NS,Financials,2198.05,4366668
2024-11-06,AXISBANK.NS,Financials,2160.41,4316929
2024-11-07,AXISBANK.NS,Financials,2212.62,6827821
2024-11-08,AXISBANK.NS,Financials,2197.93,2644569
2024-11-11,AXISBANK.NS,Financials,2187.05,2965912
2024-11-12,AXISBANK.NS,Financials,2178.67,5071575
2024-11-13,AXISBANK.NS,Financials,2132.79,4536028
2024-11-14,AXISBANK.NS,Financials,2115.55,3578748
2024-11-15,AXISBANK.NS,Financials,2130.75,9284563
2024-11-18,AXISBANK.NS,Financials,2118.3,2666442
2024-11-19,AXISBANK.NS,Financials,2137.89,4105837
2024-11-20,AXISBANK.NS,Financials,2093.82,4452788
2024-11-21,AXISBANK.NS,Financials,2147.31,3498600
2024-11-22,AXISBANK.NS,Financials,2099.94,3192399
2024-11-25,AXISBANK.NS,Financials,2101.77,3619994
2024-11-26,AXISBANK.NS,Financials,2083.01,7029160
2024-11-27,AXISBANK.NS,Financials,2039.92,3523466
2024-11-28,AXISBANK.NS,Financials,2042.37,4618049
2024-11-29,AXISBANK.NS,Financials,1974.91,3255444
2024-12-02,AXISBANK.NS,Financials,1952.01,5163044
2024-12-03,AXISBANK.NS,Financials,1942.2,5866581
2024-12-04,AXISBANK.NS,Financials,1909.66,3763139
2024-12-05,AXISBANK.NS,Financials,1989.5,5114720
2024-12-06,AXISBANK.NS,Financials,1981.26,3842164
2024-12-09,AXISBANK.NS,Financials,1970.68,4060022
2024-12-10,AXISBANK.NS,Financials,2014.71,4680970
2024-12-11,AXISBANK.NS,Financials,2020.25,4462122
2024-12-12,AXISBANK.NS,Financials,2008.02,4341153
2024-12-13,AXISBANK.NS,Financials,2033.2,2384878
2024-12-16,AXISBANK.NS,Financials,2048.86,2591485
2024-12-17,AXISBANK.NS,Financials,2126.2,2180027
2024-12-18,AXISBANK.NS,Financials,2061.27,2445117
2024-12-19,AXISBANK.NS,Financials,2087.0,4690432
2024-12-20,AXISBANK.NS,Financials,2167.27,3528708
2024-12-23,AXISBANK.NS,Financials,2145.25,3200658
2024-12-24,AXISBANK.NS,Financials,2173.78,7503700
2024-12-26,AXISBANK.NS,Financials,2184.36,6082049
2024-12-27,AXISBANK.NS,Financials,2218.08,2288755
2024-12-30,AXISBANK.NS,Financials,2185.72,2946704
2024-12-31,AXISBANK.NS,Financials,2190.11,2864809
2025-01-01,AXISBANK.NS,Financials,2172.22,4080905
2025-01-02,AXISBANK.NS,Financials,2272.24,2540743
2025-01-03,AXISBANK.NS,Financials,2302.68,3145912
2025-01-06,AXISBANK.NS,Financials,2407.94,4621182
2025-01-07,AXISBANK.NS,Financials,2430.09,3810280
2025-01-08,AXISBANK.NS,Financials,2437.81,2524282
2025-01-09,AXISBANK.NS,Financials,2445.91,4137307
2025-01-10,AXISBANK.NS,Financials,2451.95,4177852
2025-01-13,AXISBANK.NS,Financials,2387.06,4304371
2025-01-14,AXISBANK.NS,Financials,2386.45,2439570
2025-01-15,AXISBANK.NS,Financials,2387.25,5628329
2025-01-16,AXISBANK.NS,Financials,2407.02,3354906
2025-01-17,AXISBANK.NS,Financials,2462.66,2668552
2025-01-20,AXISBANK.NS,Financials,2457.87,4091953
2025-01-21,AXISBANK.NS,Financials,2464.55,5034834
2025-01-22,AXISBANK.NS,Financials,2515.12,4919421
2025-01-23,AXISBANK.NS,Financials,2481.25,6265040
2025-01-24,AXISBANK.NS,Financials,2561.45,3197031
2025-01-27,AXISBANK.NS,Financials,2629.08,2265225
2025-01-28,AXISBANK.NS,Financials,2586.92,3560186
2025-01-29,AXISBANK.NS,Financials,2595.98,1484336
2025-01-30,AXISBANK.NS,Financials,2633.68,2982361
2025-01-31,AXISBANK.NS,Financials,2629.25,3551235
2025-02-03,AXISBANK.NS,Financials,2606.05,3359536
2025-02-04,AXISBANK.NS,Financials,2588.59,4772364
2025-02-05,AXISBANK.NS,Financials,2594.71,3963145
2025-02-06,AXISBANK.NS,Financials,2595.93,4669821
2025-02-07,AXISBANK.NS,Financials,2670.82,4405533
2025-02-10,AXISBANK.NS,Financials,2666.75,2374861
2025-02-11,AXISBANK.NS,Financials,2646.46,4928351
2025-02-12,AXISBANK.NS,Financials,2652.3,3305528
2025-02-13,AXISBANK.NS,Financials,2669.42,4305097
2025-02-14,AXISBANK.NS,Financials,2637.55,4693134
2025-02-17,AXISBANK.NS,Financials,2584.37,3022594
2025-02-18,AXISBANK.NS,Financials,2660.14,3134999
2025-02-19,AXISBANK.NS,Financials,2623.74,4040248
2025-02-20,AXISBANK.NS,Financials,2636.21,3373533
2025-02-21,AXISBANK.NS,Financials,2665.43,7289457
2025-02-24,AXISBANK.NS,Financials,2681.89,4006982
2025-02-25,AXISBANK.NS,Financials,2744.41,2658255
2025-02-26,AXISBANK.NS,Financials,2711.53,8282710
2025-02-27,AXISBANK.NS,Financials,2689.59,4515072
2025-02-28,AXISBANK.NS,Financials,2737.72,3941146
2025-03-03,AXISBANK.NS,Financials,2792.58,6791978
2025-03-04,AXISBANK.NS,Financials,2846.28,4447476
2025-03-05,AXISBANK.NS,Financials,2837.49,3880221
2025-03-06,AXISBANK.NS,Financials,2838.64,2281316
2025-03-07,AXISBANK.NS,Financials,2833.82,1790744
2025-03-10,AXISBANK.NS,Financials,2766.41,6120541
2025-03-11,AXISBANK.NS,Financials,2769.22,4433747
2025-03-12,AXISBANK.NS,Financials,2777.24,3721494
2025-03-13,AXISBANK.NS,Financials,2789.71,3800434
2025-03-14,AXISBANK.NS,Financials,2870.35,4445023
2025-03-17,AXISBANK.NS,Financials,2951.97,4986166
2025-03-18,AXISBANK.NS,Financials,2961.93,3041244
2025-03-19,AXISBANK.NS,Financials,2910.53,4271703
2025-03-20,AXISBANK.NS,Financials,2910.83,4800436
2025-03-21,AXISBANK.NS,Financials,3026.41,3350247
2025-03-24,AXISBANK.NS,Financials,3116.13,1832297
2025-03-25,AXISBANK.NS,Financials,2998.45,3049622
2025-03-26,AXISBANK.NS,Financials,3053.73,2530173
2025-03-27,AXISBANK.NS,Financials,3099.05,6045518
2025-03-28,AXISBANK.NS,Financials,3061.27,2851059
2025-03-31,AXISBANK.NS,Financials,3096.14,2816715
2025-04-01,AXISBANK.NS,Financials,3142.11,3182261
2025-04-02,AXISBANK.NS,Financials,3153.8,5348322
2025-04-03,AXISBANK.NS,Financials,3157.92,5431243
2025-04-04,AXISBANK.NS,Financials,3154.28,3012281
2025-04-07,AXISBANK.NS,Financials,3195.79,3410108
2025-04-08,AXISBANK.NS,Financials,3176.92,3754077
2025-04-09,AXISBANK.NS,Financials,3219.51,6496861
2025-04-10,AXISBANK.NS,Financials,3303.3,1946979
2025-04-11,AXISBANK.NS,Financials,3284.49,2429100
2025-04-15,AXISBANK.NS,Financials,3340.46,9349765
2025-04-16,AXISBANK.NS,Financials,3320.71,6029764
2025-04-17,AXISBANK.NS,Financials,3324.46,2369925
2025-04-18,AXISBANK.NS,Financials,3376.26,11964917
2025-04-21,AXISBANK.NS,Financials,3410.66,4991982
2025-04-22,AXISBANK.NS,Financials,3473.96,4154060
2025-04-23,AXISBANK.NS,Financials,3526.94,6696815
2025-04-24,AXISBANK.NS,Financials,3471.02,2940398
2025-04-25,AXISBANK.NS,Financials,3475.39,3368764
2025-04-28,AXISBANK.NS,Financials,3513.13,4101328
2025-04-29,AXISBANK.NS,Financials,3517.75,4764438
2025-04-30,AXISBANK.NS,Financials,3557.57,4493471
2025-05-02,AXISBANK.NS,Financials,3493.27,4289981
2025-05-05,AXISBANK.NS,Financials,3501.62,3475926
2025-05-06,AXISBANK.NS,Financials,3455.44,4517591
2025-05-07,AXISBANK.NS,Financials,3410.85,4386893
2025-05-08,AXISBANK.NS,Financials,3373.53,3978519
2025-05-09,AXISBANK.NS,Financials,3426.75,3639087
2025-05-12,AXISBANK.NS,Financials,3421.1,3329174
2025-05-13,AXISBANK.NS,Financials,3484.53,2391958
2025-05-14,AXISBANK.NS,Financials,3415.42,6572125
2025-05-15,AXISBANK.NS,Financials,3341.39,5191239
2025-05-16,AXISBANK.NS,Financials,3404.11,5679659
2025-05-19,AXISBANK.NS,Financials,3431.27,2661672
2025-05-20,AXISBANK.NS,Financials,3382.77,3351931
2025-05-21,AXISBANK.NS,Financials,3498.96,3895921
2025-05-22,AXISBANK.NS,Financials,3465.95,4524727
2025-05-23,AXISBANK.NS,Financials,3495.6,3050154
2025-05-26,AXISBANK.NS,Financials,3490.8,7325775
2025-05-27,AXISBANK.NS,Financials,3562.67,5433011
2025-05-28,AXISBANK.NS,Financials,3632.27,4254170
2025-05-29,AXISBANK.NS,Financials,3599.11,4439724
2025-05-30,AXISBANK.NS,Financials,3656.69,3695686
2025-06-02,AXISBANK.NS,Financials,3669.96,3145517
2025-06-03,AXISBANK.NS,Financials,3599.99,1717139
2025-06-04,AXISBANK.NS,Financials,3693.77,5425929
2025-06-05,AXISBANK.NS,Financials,3786.16,4075429
2025-06-06,AXISBANK.NS,Financials,3719.51,6041916
2025-06-09,AXISBANK.NS,Financials,3690.84,4894353
2025-06-10,AXISBANK.NS,Financials,3669.5,3953326
2025-06-11,AXISBANK.NS,Financials,3617.12,4120956
2025-06-12,AXISBANK.NS,Financials,3621.43,3086448
2025-06-13,AXISBANK.NS,Financials,3573.32,2628133
2025-06-16,AXISBANK.NS,Financials,3619.38,2823705
2025-06-17,AXISBANK.NS,Financials,3658.59,2853085
2025-06-18,AXISBANK.NS,Financials,3691.97,3730545
2025-06-19,AXISBANK.NS,Financials,3781.35,5251623
2025-06-20,AXISBANK.NS,Financials,3870.34,5073975
2025-06-23,AXISBANK.NS,Financials,3865.63,2346809
2025-06-24,AXISBANK.NS,Financials,3863.91,5395655
2025-06-25,AXISBANK.NS,Financials,3947.97,4195757
2025-06-26,AXISBANK.NS,Financials,3904.91,5102104
2025-06-27,AXISBANK.NS,Financials,3961.62,4780657
2025-06-30,AXISBANK.NS,Financials,4036.19,2222188
2025-07-01,AXISBANK.NS,Financials,3999.1,4279569
2025-07-02,AXISBANK.NS,Financials,4049.83,6682480
2025-07-03,AXISBANK.NS,Financials,4064.26,2635556
2025-07-04,AXISBANK.NS,Financials,4066.56,2889174
2025-07-07,AXISBANK.NS,Financials,4068.1,1990267
2025-07-08,AXISBANK.NS,Financials,4017.46,3410406
2025-07-09,AXISBANK.NS,Financials,4107.2,2385422
2025-07-10,AXISBANK.NS,Financials,3984.12,2954372
2025-07-11,AXISBANK.NS,Financials,4050.94,4352450
2025-07-14,AXISBANK.NS,Financials,4112.51,5312122
2025-07-15,AXISBANK.NS,Financials,4135.38,2024743
2025-07-16,AXISBANK.NS,Financials,4123.62,3399177
2025-07-17,AXISBANK.NS,Financials,4190.91,3680170
2025-07-18,AXISBANK.NS,Financials,4088.4,3815327
2025-07-21,AXISBANK.NS,Financials,4034.58,5281896
2025-07-22,AXISBANK.NS,Financials,4060.36,5286659
2025-07-23,AXISBANK.NS,Financials,4111.14,5443973
2025-07-24,AXISBANK.NS,Financials,4146.09,4346945
2025-07-25,AXISBANK.NS,Financials,4116.38,3656762
2025-07-28,AXISBANK.NS,Financials,4105.08,3340754
2025-07-29,AXISBANK.NS,Financials,4098.85,4931954
2025-07-30,AXISBANK.NS,Financials,4054.23,2973401
2025-07-31,AXISBANK.NS,Financials,3993.27,2980276
2025-08-01,AXISBANK.NS,Financials,3953.61,4754612
2025-08-04,AXISBANK.NS,Financials,3938.05,5187021
2025-08-05,AXISBANK.NS,Financials,3915.61,3995010
2025-08-06,AXISBANK.NS,Financials,3956.59,4986181
2025-08-07,AXISBANK.NS,Financials,3937.86,3635730
2025-08-08,AXISBANK.NS,Financials,4085.24,3790079
2025-08-11,AXISBANK.NS,Financials,4082.96,4539544
2025-08-12,AXISBANK.NS,Financials,4029.68,3034222
2025-08-13,AXISBANK.NS,Financials,3962.45,5133886
2025-08-14,AXISBANK.NS,Financials,3848.12,3668895
2025-08-18,AXISBANK.NS,Financials,3821.59,3752340
2025-08-19,AXISBANK.NS,Financials,3874.37,4117922
2025-08-20,AXISBANK.NS,Financials,3909.44,5340945
2025-08-21,AXISBANK.NS,Financials,3854.29,1844938
2025-08-22,AXISBANK.NS,Financials,3912.96,2562216
2025-08-25,AXISBANK.NS,Financials,3868.78,5719004
2025-08-26,AXISBANK.NS,Financials,3863.72,4737467
2025-08-27,AXISBANK.NS,Financials,3851.47,3422199
2025-08-28,AXISBANK.NS,Financials,3857.55,4089025
2025-08-29,AXISBANK.NS,Financials,3904.54,4920668
2025-09-01,AXISBANK.NS,Financials,3856.87,6876134
2025-09-02,AXISBANK.NS,Financials,3844.31,3447586
2025-09-03,AXISBANK.NS,Financials,3858.87,6331171
2025-09-04,AXISBANK.NS,Financials,3873.61,4870697
2025-09-05,AXISBANK.NS,Financials,3935.22,2889791
2025-09-08,AXISBANK.NS,Financials,3918.56,3227851
2025-09-09,AXISBANK.NS,Financials,3911.77,6096979
2025-09-10,AXISBANK.NS,Financials,3886.93,6550693
2025-09-11,AXISBANK.NS,Financials,3958.05,3924841
2025-09-12,AXISBANK.NS,Financials,3941.19,5868467
2025-09-15,AXISBANK.NS,Financials,4019.8,4519909
2025-09-16,AXISBANK.NS,Financials,4115.8,3900485
2025-09-17,AXISBANK.NS,Financials,4028.04,4266764
2025-09-18,AXISBANK.NS,Financials,4051.94,2450901
2025-09-19,AXISBANK.NS,Financials,4141.91,3631408
2025-09-22,AXISBANK.NS,Financials,4144.5,3321759
2025-09-23,AXISBANK.NS,Financials,4152.12,5670046
2025-09-24,AXISBANK.NS,Financials,3946.78,4356708
2025-09-25,AXISBANK.NS,Financials,3930.03,3675099
2025-09-26,AXISBANK.NS,Financials,3893.51,5895151
2025-09-29,AXISBANK.NS,Financials,3881.87,2352399
2025-09-30,AXISBANK.NS,Financials,3845.99,2859852
2025-10-01,AXISBANK.NS,Financials,3933.2,6214589
2025-10-03,AXISBANK.NS,Financials,3974.63,4998320
2025-10-06,AXISBANK.NS,Financials,3935.77,2293694
2025-10-07,AXISBANK.NS,Financials,3959.14,4309547
2025-10-08,AXISBANK.NS,Financials,4059.49,2562720
2025-10-09,AXISBANK.NS,Financials,3966.18,3439583
2025-10-10,AXISBANK.NS,Financials,4007.11,4686621
2025-10-13,AXISBANK.NS,Financials,3990.62,3945616
2025-10-14,AXISBANK.NS,Financials,4018.58,3897604
2025-10-15,AXISBANK.NS,Financials,4096.43,2993152
2025-10-16,AXISBANK.NS,Financials,4152.73,5979326
2025-10-17,AXISBANK.NS,Financials,4229.63,4750826
2025-10-20,AXISBANK.NS,Financials,4179.25,3012305
2025-10-22,AXISBANK.NS,Financials,4159.2,4167454
2025-10-23,AXISBANK.NS,Financials,4143.71,3582442
2025-10-24,AXISBANK.NS,Financials,4228.14,3296037
2025-10-27,AXISBANK.NS,Financials,4191.43,4199721
2025-10-28,AXISBANK.NS,Financials,4195.27,7168584
2025-10-29,AXISBANK.NS,Financials,4216.86,2947652
2025-10-30,AXISBANK.NS,Financials,4213.85,4861365
2025-10-31,AXISBANK.NS,Financials,4290.31,5386085
2025-11-03,AXISBANK.NS,Financials,4338.66,4736527
2025-11-04,AXISBANK.NS,Financials,4415.57,5495641
2025-11-05,AXISBANK.NS,Financials,4405.96,3898111
2025-11-06,AXISBANK.NS,Financials,4407.7,4742205
2025-11-07,AXISBANK.NS,Financials,4295.87,4168156
2025-11-10,AXISBANK.NS,Financials,4363.2,2548131
2025-11-11,AXISBANK.NS,Financials,4314.1,2773630
2025-11-12,AXISBANK.NS,Financials,4216.59,5775791
2025-11-13,AXISBANK.NS,Financials,4238.15,3400052
2025-11-14,AXISBANK.NS,Financials,4421.45,3563923
2025-11-17,AXISBANK.NS,Financials,4577.94,5219263
2025-11-18,AXISBANK.NS,Financials,4495.2,3824505
2025-11-19,AXISBANK.NS,Financials,4489.17,5120324
2025-11-20,AXISBANK.NS,Financials,4549.29,3846354
2025-11-21,AXISBANK.NS,Financials,4534.63,2784327
2025-11-24,AXISBANK.NS,Financials,4505.98,5699399
2025-11-25,AXISBANK.NS,Financials,4472.18,2993012
2025-11-26,AXISBANK.NS,Financials,4437.64,6209089
2025-11-27,AXISBANK.NS,Financials,4411.69,4879326
2025-11-28,AXISBANK.NS,Financials,4512.45,3326136
2025-12-01,AXISBANK.NS,Financials,4583.74,4916269
2025-12-02,AXISBANK.NS,Financials,4692.37,3393911
2025-12-03,AXISBANK.NS,Financials,4697.02,3055482
2025-12-04,AXISBANK.NS,Financials,4701.09,4299862
2025-12-05,AXISBANK.NS,Financials,4819.48,5242525
2025-12-08,AXISBANK.NS,Financials,4755.39,4399554
2025-12-09,AXISBANK.NS,Financials,4603.15,3085357
2025-12-10,AXISBANK.NS,Financials,4489.02,2491336
2025-12-11,AXISBANK.NS,Financials,4397.16,3754111
2025-12-12,AXISBANK.NS,Financials,4427.72,2721769
2025-12-15,AXISBANK.NS,Financials,4388.06,3857138
2025-12-16,AXISBANK.NS,Financials,4437.7,3945227
2025-12-17,AXISBANK.NS,Financials,4472.85,5122850
2025-12-18,AXISBANK.NS,Financials,4545.23,5005655
2025-12-19,AXISBANK.NS,Financials,4603.18,5631426
2025-12-22,AXISBANK.NS,Financials,4682.2,3968128
2025-12-23,AXISBANK.NS,Financials,4689.46,3469012
2025-12-24,AXISBANK.NS,Financials,4808.63,4656232
2025-12-26,AXISBANK.NS,Financials,5035.81,4630571
2025-12-29,AXISBANK.NS,Financials,5007.28,4559177
2025-12-30,AXISBANK.NS,Financials,5128.04,7791042
2025-12-31,AXISBANK.NS,Financials,5078.03,5038522
2022-01-03,ASIANPAINT.NS,Materials,3162.69,4494280
2022-01-04,ASIANPAINT.NS,Materials,3114.25,8345265
2022-01-05,ASIANPAINT.NS,Materials,3057.35,3468066
2022-01-06,ASIANPAINT.NS,Materials,3019.0,3041825
2022-01-07,ASIANPAINT.NS,Materials,3050.83,2663607
2022-01-10,ASIANPAINT.NS,Materials,3062.3,5438126
2022-01-11,ASIANPAINT.NS,Materials,3088.76,2897657
2022-01-12,ASIANPAINT.NS,Materials,3161.85,3182733
2022-01-13,ASIANPAINT.NS,Materials,3142.59,4780031
2022-01-14,ASIANPAINT.NS,Materials,3139.6,3561591
2022-01-17,ASIANPAINT.NS,Materials,3161.17,4210310
2022-01-18,ASIANPAINT.NS,Materials,3185.23,2571578
2022-01-19,ASIANPAINT.NS,Materials,3171.45,1733630
2022-01-20,ASIANPAINT.NS,Materials,3141.2,6260306
2022-01-21,ASIANPAINT.NS,Materials,3203.22,5989661
2022-01-24,ASIANPAINT.NS,Materials,3218.47,3662311
2022-01-25,ASIANPAINT.NS,Materials,3248.61,4142401
2022-01-27,ASIANPAINT.NS,Materials,3231.38,2873502
2022-01-28,ASIANPAINT.NS,Materials,3275.85,3643781
2022-01-31,ASIANPAINT.NS,Materials,3269.13,9323869
2022-02-01,ASIANPAINT.NS,Materials,3246.3,7477303
2022-02-02,ASIANPAINT.NS,Materials,3215.67,4406177
2022-02-03,ASIANPAINT.NS,Materials,3252.74,2051644
2022-02-04,ASIANPAINT.NS,Materials,3259.93,4795074
2022-02-07,ASIANPAINT.NS,Materials,3235.03,3640575
2022-02-08,ASIANPAINT.NS,Materials,3288.26,3455256
2022-02-09,ASIANPAINT.NS,Materials,3252.51,3984782
2022-02-10,ASIANPAINT.NS,Materials,3251.95,7842188
2022-02-11,ASIANPAINT.NS,Materials,3232.48,4205629
2022-02-14,ASIANPAINT.NS,Materials,3241.28,5662040
2022-02-15,ASIANPAINT.NS,Materials,3202.55,4638632
2022-02-16,ASIANPAINT.NS,Materials,3146.64,4587948
2022-02-17,ASIANPAINT.NS,Materials,3118.05,5046854
2022-02-18,ASIANPAINT.NS,Materials,3117.16,3453839
2022-02-21,ASIANPAINT.NS,Materials,3122.61,2486651
2022-02-22,ASIANPAINT.NS,Materials,3087.97,6989244
2022-02-23,ASIANPAINT.NS,Materials,3083.33,2345611
2022-02-24,ASIANPAINT.NS,Materials,3078.27,4423970
2022-02-25,ASIANPAINT.NS,Materials,3102.17,7546101
2022-02-28,ASIANPAINT.NS,Materials,3089.24,4512370
2022-03-01,ASIANPAINT.NS,Materials,2978.62,4935915
2022-03-02,ASIANPAINT.NS,Materials,3057.45,4936507
2022-03-03,ASIANPAINT.NS,Materials,3060.89,6014415
2022-03-04,ASIANPAINT.NS,Materials,3037.12,6432745
2022-03-07,ASIANPAINT.NS,Materials,3001.89,2421802
2022-03-09,ASIANPAINT.NS,Materials,2998.2,6331867
2022-03-10,ASIANPAINT.NS,Materials,2903.81,3910487
2022-03-11,ASIANPAINT.NS,Materials,2897.65,3065589
2022-03-14,ASIANPAINT.NS,Materials,2951.54,2742105
2022-03-15,ASIANPAINT.NS,Materials,2998.92,4371644
2022-03-16,ASIANPAINT.NS,Materials,3019.05,3285295
2022-03-17,ASIANPAINT.NS,Materials,3057.27,4102331
2022-03-18,ASIANPAINT.NS,Materials,3046.05,3990717
2022-03-21,ASIANPAINT.NS,Materials,3083.46,4424436
2022-03-22,ASIANPAINT.NS,Materials,3116.88,5279482
2022-03-23,ASIANPAINT.NS,Materials,3129.09,6031773
2022-03-24,ASIANPAINT.NS,Materials,3160.97,5986983
2022-03-25,ASIANPAINT.NS,Materials,3204.7,6794418
2022-03-28,ASIANPAINT.NS,Materials,3155.11,3645037
2022-03-29,ASIANPAINT.NS,Materials,3167.81,3091547
2022-03-30,ASIANPAINT.NS,Materials,3156.93,3876457
2022-03-31,ASIANPAINT.NS,Materials,3121.79,3364266
2022-04-01,ASIANPAINT.NS,Materials,3166.45,2522306
2022-04-04,ASIANPAINT.NS,Materials,3197.74,3649583
2022-04-05,ASIANPAINT.NS,Materials,3259.79,5078965
2022-04-06,ASIANPAINT.NS,Materials,3271.12,6099308
2022-04-07,ASIANPAINT.NS,Materials,3271.11,3863576
2022-04-08,ASIANPAINT.NS,Materials,3270.98,5829314
2022-04-11,ASIANPAINT.NS,Materials,3272.7,4001984
2022-04-12,ASIANPAINT.NS,Materials,3302.8,1734516
2022-04-13,ASIANPAINT.NS,Materials,3296.44,2480597
2022-04-15,ASIANPAINT.NS,Materials,3285.76,4604843
2022-04-18,ASIANPAINT.NS,Materials,3316.36,2118505
2022-04-19,ASIANPAINT.NS,Materials,3335.75,2502298
2022-04-20,ASIANPAINT.NS,Materials,3343.41,2341638
2022-04-21,ASIANPAINT.NS,Materials,3340.26,3709590
2022-04-22,ASIANPAINT.NS,Materials,3394.43,4337911
2022-04-25,ASIANPAINT.NS,Materials,3363.11,2194655
2022-04-26,ASIANPAINT.NS,Materials,3320.52,5199736
2022-04-27,ASIANPAINT.NS,Materials,3284.22,4005207
2022-04-28,ASIANPAINT.NS,Materials,3269.21,2512890
2022-04-29,ASIANPAINT.NS,Materials,3250.24,4045798
2022-05-02,ASIANPAINT.NS,Materials,3205.86,3062668
2022-05-03,ASIANPAINT.NS,Materials,3261.51,3047445
2022-05-04,ASIANPAINT.NS,Materials,3165.36,2561062
2022-05-05,ASIANPAINT.NS,Materials,3116.74,3965754
2022-05-06,ASIANPAINT.NS,Materials,3150.03,3654809
2022-05-09,ASIANPAINT.NS,Materials,3188.8,3642474
2022-05-10,ASIANPAINT.NS,Materials,3221.74,3817124
2022-05-11,ASIANPAINT.NS,Materials,3283.01,4333226
2022-05-12,ASIANPAINT.NS,Materials,3231.88,3720358
2022-05-13,ASIANPAINT.NS,Materials,3158.15,1990500
2022-05-16,ASIANPAINT.NS,Materials,3164.6,3923393
2022-05-17,ASIANPAINT.NS,Materials,3206.41,2843476
2022-05-18,ASIANPAINT.NS,Materials,3176.97,5911543
2022-05-19,ASIANPAINT.NS,Materials,3103.46,4633344
2022-05-20,ASIANPAINT.NS,Materials,3037.07,5638769
2022-05-23,ASIANPAINT.NS,Materials,2999.49,3294900
2022-05-24,ASIANPAINT.NS,Materials,2966.91,5451065
2022-05-25,ASIANPAINT.NS,Materials,3007.65,2696110
2022-05-26,ASIANPAINT.NS,Materials,2953.51,3961716
2022-05-27,ASIANPAINT.NS,Materials,2908.22,2901249
2022-05-30,ASIANPAINT.NS,Materials,2943.27,4915462
2022-05-31,ASIANPAINT.NS,Materials,2927.82,7288919
2022-06-01,ASIANPAINT.NS,Materials,2934.02,4510611
2022-06-02,ASIANPAINT.NS,Materials,2943.18,2364763
2022-06-03,ASIANPAINT.NS,Materials,2946.77,3149587
2022-06-06,ASIANPAINT.NS,Materials,2960.97,11643740
2022-06-07,ASIANPAINT.NS,Materials,3001.69,5317750
2022-06-08,ASIANPAINT.NS,Materials,2954.23,3045226
2022-06-09,ASIANPAINT.NS,Materials,2945.35,5507748
2022-06-10,ASIANPAINT.NS,Materials,2917.39,4168285
2022-06-13,ASIANPAINT.NS,Materials,2906.49,10007999
2022-06-14,ASIANPAINT.NS,Materials,2872.43,4091798
2022-06-15,ASIANPAINT.NS,Materials,2860.51,3650890
2022-06-16,ASIANPAINT.NS,Materials,2825.76,3892882
2022-06-17,ASIANPAINT.NS,Materials,2794.54,3484876
2022-06-20,ASIANPAINT.NS,Materials,2773.73,3108159
2022-06-21,ASIANPAINT.NS,Materials,2785.98,2693317
2022-06-22,ASIANPAINT.NS,Materials,2741.06,3375680
2022-06-23,ASIANPAINT.NS,Materials,2686.73,5225838
2022-06-24,ASIANPAINT.NS,Materials,2653.94,3649618
2022-06-27,ASIANPAINT.NS,Materials,2607.27,3262967
2022-06-28,ASIANPAINT.NS,Materials,2576.72,2510352
2022-06-29,ASIANPAINT.NS,Materials,2507.28,5109203
2022-06-30,ASIANPAINT.NS,Materials,2463.32,7012847
2022-07-01,ASIANPAINT.NS,Materials,2454.68,2967771
2022-07-04,ASIANPAINT.NS,Materials,2484.77,3194408
2022-07-05,ASIANPAINT.NS,Materials,2472.17,2892236
2022-07-06,ASIANPAINT.NS,Materials,2466.69,5317381
2022-07-07,ASIANPAINT.NS,Materials,2453.22,5749549
2022-07-08,ASIANPAINT.NS,Materials,2453.66,4212707
2022-07-11,ASIANPAINT.NS,Materials,2477.05,2633982
2022-07-12,ASIANPAINT.NS,Materials,2480.59,4576950
2022-07-13,ASIANPAINT.NS,Materials,2469.65,4333994
2022-07-14,ASIANPAINT.NS,Materials,2439.71,4487359
2022-07-15,ASIANPAINT.NS,Materials,2416.3,2770164
2022-07-18,ASIANPAINT.NS,Materials,2388.31,2705464
2022-07-19,ASIANPAINT.NS,Materials,2383.88,2262086
2022-07-20,ASIANPAINT.NS,Materials,2388.28,5976828
2022-07-21,ASIANPAINT.NS,Materials,2382.61,6043977
2022-07-22,ASIANPAINT.NS,Materials,2385.4,2265986
2022-07-25,ASIANPAINT.NS,Materials,2411.58,3019911
2022-07-26,ASIANPAINT.NS,Materials,2405.56,3025249
2022-07-27,ASIANPAINT.NS,Materials,2362.98,5488783
2022-07-28,ASIANPAINT.NS,Materials,2395.31,4115650
2022-07-29,ASIANPAINT.NS,Materials,2365.9,6850323
2022-08-01,ASIANPAINT.NS,Materials,2420.4,3605751
2022-08-02,ASIANPAINT.NS,Materials,2402.29,2498167
2022-08-03,ASIANPAINT.NS,Materials,2379.99,3085658
2022-08-04,ASIANPAINT.NS,Materials,2422.27,2903525
2022-08-05,ASIANPAINT.NS,Materials,2414.16,5769447
2022-08-08,ASIANPAINT.NS,Materials,2440.53,7825745
2022-08-09,ASIANPAINT.NS,Materials,2455.65,4740326
2022-08-10,ASIANPAINT.NS,Materials,2426.32,3128403
2022-08-11,ASIANPAINT.NS,Materials,2395.34,4367966
2022-08-12,ASIANPAINT.NS,Materials,2433.02,2255447
2022-08-16,ASIANPAINT.NS,Materials,2422.42,3722138
2022-08-17,ASIANPAINT.NS,Materials,2418.88,2222652
2022-08-18,ASIANPAINT.NS,Materials,2460.71,4724789
2022-08-19,ASIANPAINT.NS,Materials,2417.01,3766776
2022-08-22,ASIANPAINT.NS,Materials,2427.69,5319630
2022-08-23,ASIANPAINT.NS,Materials,2483.0,5176597
2022-08-24,ASIANPAINT.NS,Materials,2466.39,3287691
2022-08-25,ASIANPAINT.NS,Materials,2464.0,5695467
2022-08-26,ASIANPAINT.NS,Materials,2434.12,2638335
2022-08-29,ASIANPAINT.NS,Materials,2390.77,10042777
2022-08-30,ASIANPAINT.NS,Materials,2356.5,2497717
2022-08-31,ASIANPAINT.NS,Materials,2333.08,5182927
2022-09-01,ASIANPAINT.NS,Materials,2373.14,6170225
2022-09-02,ASIANPAINT.NS,Materials,2443.28,4252581
2022-09-05,ASIANPAINT.NS,Materials,2478.91,2781266
2022-09-06,ASIANPAINT.NS,Materials,2450.02,3045062
2022-09-07,ASIANPAINT.NS,Materials,2522.16,2791887
2022-09-08,ASIANPAINT.NS,Materials,2494.8,3985778
2022-09-09,ASIANPAINT.NS,Materials,2452.21,5268255
2022-09-12,ASIANPAINT.NS,Materials,2465.04,4729313
2022-09-13,ASIANPAINT.NS,Materials,2425.47,4071149
2022-09-14,ASIANPAINT.NS,Materials,2368.9,2448966
2022-09-15,ASIANPAINT.NS,Materials,2343.53,7241902
2022-09-16,ASIANPAINT.NS,Materials,2410.92,3755473
2022-09-19,ASIANPAINT.NS,Materials,2412.04,3495374
2022-09-20,ASIANPAINT.NS,Materials,2415.02,4328513
2022-09-21,ASIANPAINT.NS,Materials,2424.2,2234672
2022-09-22,ASIANPAINT.NS,Materials,2427.35,3912520
2022-09-23,ASIANPAINT.NS,Materials,2446.47,3711244
2022-09-26,ASIANPAINT.NS,Materials,2476.85,3760502
2022-09-27,ASIANPAINT.NS,Materials,2414.1,6120424
2022-09-28,ASIANPAINT.NS,Materials,2400.33,2577750
2022-09-29,ASIANPAINT.NS,Materials,2348.94,3939058
2022-09-30,ASIANPAINT.NS,Materials,2344.04,3218174
2022-10-03,ASIANPAINT.NS,Materials,2313.07,3702340
2022-10-04,ASIANPAINT.NS,Materials,2348.89,5342078
2022-10-05,ASIANPAINT.NS,Materials,2332.22,3816979
2022-10-06,ASIANPAINT.NS,Materials,2327.16,3626937
2022-10-07,ASIANPAINT.NS,Materials,2348.01,1754583
2022-10-10,ASIANPAINT.NS,Materials,2338.86,5254467
2022-10-11,ASIANPAINT.NS,Materials,2369.12,2262299
2022-10-12,ASIANPAINT.NS,Materials,2368.33,3386261
2022-10-13,ASIANPAINT.NS,Materials,2487.28,2958676
2022-10-14,ASIANPAINT.NS,Materials,2473.09,1796867
2022-10-17,ASIANPAINT.NS,Materials,2442.05,4191789
2022-10-18,ASIANPAINT.NS,Materials,2458.23,3444746
2022-10-19,ASIANPAINT.NS,Materials,2487.26,4778796
2022-10-20,ASIANPAINT.NS,Materials,2535.48,4831005
2022-10-21,ASIANPAINT.NS,Materials,2539.88,4951987
2022-10-25,ASIANPAINT.NS,Materials,2571.9,4768123
2022-10-26,ASIANPAINT.NS,Materials,2566.54,4744764
2022-10-27,ASIANPAINT.NS,Materials,2565.85,5577035
2022-10-28,ASIANPAINT.NS,Materials,2595.44,4527007
2022-10-31,ASIANPAINT.NS,Materials,2596.77,4304111
2022-11-01,ASIANPAINT.NS,Materials,2548.56,3765783
2022-11-02,ASIANPAINT.NS,Materials,2599.8,4369830
2022-11-03,ASIANPAINT.NS,Materials,2656.28,4789522
2022-11-04,ASIANPAINT.NS,Materials,2715.99,4740960
2022-11-07,ASIANPAINT.NS,Materials,2705.11,3749374
2022-11-08,ASIANPAINT.NS,Materials,2677.96,8391092
2022-11-09,ASIANPAINT.NS,Materials,2678.93,6824024
2022-11-10,ASIANPAINT.NS,Materials,2662.41,2996595
2022-11-11,ASIANPAINT.NS,Materials,2649.58,3980883
2022-11-14,ASIANPAINT.NS,Materials,2655.04,7016573
2022-11-15,ASIANPAINT.NS,Materials,2672.23,2927617
2022-11-16,ASIANPAINT.NS,Materials,2660.88,2590252
2022-11-17,ASIANPAINT.NS,Materials,2695.88,10186068
2022-11-18,ASIANPAINT.NS,Materials,2731.64,3367583
2022-11-21,ASIANPAINT.NS,Materials,2680.65,1968833
2022-11-22,ASIANPAINT.NS,Materials,2647.45,2993337
2022-11-23,ASIANPAINT.NS,Materials,2660.08,3436171
2022-11-24,ASIANPAINT.NS,Materials,2659.03,5299358
2022-11-25,ASIANPAINT.NS,Materials,2716.52,4038852
2022-11-28,ASIANPAINT.NS,Materials,2715.91,2436362
2022-11-29,ASIANPAINT.NS,Materials,2701.03,1427367
2022-11-30,ASIANPAINT.NS,Materials,2653.14,4736076
2022-12-01,ASIANPAINT.NS,Materials,2625.74,4076357
2022-12-02,ASIANPAINT.NS,Materials,2574.2,6086763
2022-12-05,ASIANPAINT.NS,Materials,2517.74,3193393
2022-12-06,ASIANPAINT.NS,Materials,2533.94,3627561
2022-12-07,ASIANPAINT.NS,Materials,2543.1,3300362
2022-12-08,ASIANPAINT.NS,Materials,2510.15,3216283
2022-12-09,ASIANPAINT.NS,Materials,2475.22,4558121
2022-12-12,ASIANPAINT.NS,Materials,2500.06,3395609
2022-12-13,ASIANPAINT.NS,Materials,2532.8,2210013
2022-12-14,ASIANPAINT.NS,Materials,2540.14,6307924
2022-12-15,ASIANPAINT.NS,Materials,2488.66,4303689
2022-12-16,ASIANPAINT.NS,Materials,2502.98,5016920
2022-12-19,ASIANPAINT.NS,Materials,2549.99,6303650
2022-12-20,ASIANPAINT.NS,Materials,2568.34,3703919
2022-12-21,ASIANPAINT.NS,Materials,2573.73,3710611
2022-12-22,ASIANPAINT.NS,Materials,2605.92,2731370
2022-12-23,ASIANPAINT.NS,Materials,2583.27,5379895
2022-12-26,ASIANPAINT.NS,Materials,2613.65,2313867
2022-12-27,ASIANPAINT.NS,Materials,2594.32,4274825
2022-12-28,ASIANPAINT.NS,Materials,2569.86,4783691
2022-12-29,ASIANPAINT.NS,Materials,2627.82,2512373
2022-12-30,ASIANPAINT.NS,Materials,2560.25,6137255
2023-01-02,ASIANPAINT.NS,Materials,2574.47,1991874
2023-01-03,ASIANPAINT.NS,Materials,2548.93,2507826
2023-01-04,ASIANPAINT.NS,Materials,2574.32,3945021
2023-01-05,ASIANPAINT.NS,Materials,2615.69,5124332
2023-01-06,ASIANPAINT.NS,Materials,2612.93,2473668
2023-01-09,ASIANPAINT.NS,Materials,2650.86,5143415
2023-01-10,ASIANPAINT.NS,Materials,2687.37,5315693
2023-01-11,ASIANPAINT.NS,Materials,2729.09,3476907
2023-01-12,ASIANPAINT.NS,Materials,2686.78,4179661
2023-01-13,ASIANPAINT.NS,Materials,2696.36,6008539
2023-01-16,ASIANPAINT.NS,Materials,2662.06,6811735
2023-01-17,ASIANPAINT.NS,Materials,2670.26,3332915
2023-01-18,ASIANPAINT.NS,Materials,2669.12,2982957
2023-01-19,ASIANPAINT.NS,Materials,2657.2,3775784
2023-01-20,ASIANPAINT.NS,Materials,2676.82,2734807
2023-01-23,ASIANPAINT.NS,Materials,2703.29,6186629
2023-01-24,ASIANPAINT.NS,Materials,2722.05,4737733
2023-01-25,ASIANPAINT.NS,Materials,2702.84,3987041
2023-01-27,ASIANPAINT.NS,Materials,2699.12,5905208
2023-01-30,ASIANPAINT.NS,Materials,2715.42,5233828
2023-01-31,ASIANPAINT.NS,Materials,2715.37,5615436
2023-02-01,ASIANPAINT.NS,Materials,2704.05,4848832
2023-02-02,ASIANPAINT.NS,Materials,2736.3,6552617
2023-02-03,ASIANPAINT.NS,Materials,2765.04,2471474
2023-02-06,ASIANPAINT.NS,Materials,2789.8,4793729
2023-02-07,ASIANPAINT.NS,Materials,2810.07,6920130
2023-02-08,ASIANPAINT.NS,Materials,2770.81,3573058
2023-02-09,ASIANPAINT.NS,Materials,2753.64,3268533
2023-02-10,ASIANPAINT.NS,Materials,2723.65,3508943
2023-02-13,ASIANPAINT.NS,Materials,2686.01,3995591
2023-02-14,ASIANPAINT.NS,Materials,2737.94,5828592
2023-02-15,ASIANPAINT.NS,Materials,2704.2,4000979
2023-02-16,ASIANPAINT.NS,Materials,2762.52,5934910
2023-02-17,ASIANPAINT.NS,Materials,2790.48,4728350
2023-02-20,ASIANPAINT.NS,Materials,2774.05,5542367
2023-02-21,ASIANPAINT.NS,Materials,2701.18,4061437
2023-02-22,ASIANPAINT.NS,Materials,2717.98,3667155
2023-02-23,ASIANPAINT.NS,Materials,2739.57,2507721
2023-02-24,ASIANPAINT.NS,Materials,2686.44,1704909
2023-02-27,ASIANPAINT.NS,Materials,2704.31,3480149
2023-02-28,ASIANPAINT.NS,Materials,2705.23,1649070
2023-03-01,ASIANPAINT.NS,Materials,2653.52,3863447
2023-03-02,ASIANPAINT.NS,Materials,2644.5,5032433
2023-03-03,ASIANPAINT.NS,Materials,2616.77,4025944
2023-03-06,ASIANPAINT.NS,Materials,2603.15,1484753
2023-03-07,ASIANPAINT.NS,Materials,2552.01,3441573
2023-03-09,ASIANPAINT.NS,Materials,2567.4,4792159
2023-03-10,ASIANPAINT.NS,Materials,2567.73,6182374
2023-03-13,ASIANPAINT.NS,Materials,2577.99,4759897
2023-03-14,ASIANPAINT.NS,Materials,2587.94,3956551
2023-03-15,ASIANPAINT.NS,Materials,2611.15,4669811
2023-03-16,ASIANPAINT.NS,Materials,2595.55,7555009
2023-03-17,ASIANPAINT.NS,Materials,2572.89,3999727
2023-03-20,ASIANPAINT.NS,Materials,2557.76,2354314
2023-03-21,ASIANPAINT.NS,Materials,2560.29,3361921
2023-03-22,ASIANPAINT.NS,Materials,2632.53,3050990
2023-03-23,ASIANPAINT.NS,Materials,2628.49,2636235
2023-03-24,ASIANPAINT.NS,Materials,2615.36,3087563
2023-03-27,ASIANPAINT.NS,Materials,2661.23,10404550
2023-03-28,ASIANPAINT.NS,Materials,2692.97,2769511
2023-03-29,ASIANPAINT.NS,Materials,2657.83,3318394
2023-03-30,ASIANPAINT.NS,Materials,2686.99,10511401
2023-03-31,ASIANPAINT.NS,Materials,2675.07,4827677
2023-04-03,ASIANPAINT.NS,Materials,2686.7,4453348
2023-04-04,ASIANPAINT.NS,Materials,2717.16,4761483
2023-04-05,ASIANPAINT.NS,Materials,2695.34,4213905
2023-04-06,ASIANPAINT.NS,Materials,2672.73,3349017
2023-04-07,ASIANPAINT.NS,Materials,2663.99,4410858
2023-04-10,ASIANPAINT.NS,Materials,2656.43,4775118
2023-04-11,ASIANPAINT.NS,Materials,2619.76,2179873
2023-04-12,ASIANPAINT.NS,Materials,2645.96,3356224
2023-04-13,ASIANPAINT.NS,Materials,2629.32,2173396
2023-04-17,ASIANPAINT.NS,Materials,2697.5,2873435
2023-04-18,ASIANPAINT.NS,Materials,2693.6,4725866
2023-04-19,ASIANPAINT.NS,Materials,2718.83,3386056
2023-04-20,ASIANPAINT.NS,Materials,2698.75,3620114
2023-04-21,ASIANPAINT.NS,Materials,2706.22,1517930
2023-04-24,ASIANPAINT.NS,Materials,2681.9,2453311
2023-04-25,ASIANPAINT.NS,Materials,2666.59,2620272
2023-04-26,ASIANPAINT.NS,Materials,2729.28,2158556
2023-04-27,ASIANPAINT.NS,Materials,2787.58,4207471
2023-04-28,ASIANPAINT.NS,Materials,2750.95,4053485
2023-05-02,ASIANPAINT.NS,Materials,2732.37,5284547
2023-05-03,ASIANPAINT.NS,Materials,2781.9,6227798
2023-05-04,ASIANPAINT.NS,Materials,2816.21,6455326
2023-05-05,ASIANPAINT.NS,Materials,2794.62,4518901
2023-05-08,ASIANPAINT.NS,Materials,2840.3,4267573
2023-05-09,ASIANPAINT.NS,Materials,2851.06,4406263
2023-05-10,ASIANPAINT.NS,Materials,2808.43,2799937
2023-05-11,ASIANPAINT.NS,Materials,2783.68,4390068
2023-05-12,ASIANPAINT.NS,Materials,2781.71,3334351
2023-05-15,ASIANPAINT.NS,Materials,2773.3,2596421
2023-05-16,ASIANPAINT.NS,Materials,2747.85,2127978
2023-05-17,ASIANPAINT.NS,Materials,2751.85,1709515
2023-05-18,ASIANPAINT.NS,Materials,2792.93,3649765
2023-05-19,ASIANPAINT.NS,Materials,2810.55,3144955
2023-05-22,ASIANPAINT.NS,Materials,2779.9,3068952
2023-05-23,ASIANPAINT.NS,Materials,2778.93,2663140
2023-05-24,ASIANPAINT.NS,Materials,2847.66,3278145
2023-05-25,ASIANPAINT.NS,Materials,2825.87,2718456
2023-05-26,ASIANPAINT.NS,Materials,2751.22,4123284
2023-05-29,ASIANPAINT.NS,Materials,2741.74,5167082
2023-05-30,ASIANPAINT.NS,Materials,2716.71,3364850
2023-05-31,ASIANPAINT.NS,Materials,2697.11,5843780
2023-06-01,ASIANPAINT.NS,Materials,2740.9,3042029
2023-06-02,ASIANPAINT.NS,Materials,2738.39,2031467
2023-06-05,ASIANPAINT.NS,Materials,2694.54,6431248
2023-06-06,ASIANPAINT.NS,Materials,2754.14,1951674
2023-06-07,ASIANPAINT.NS,Materials,2814.48,3281542
2023-06-08,ASIANPAINT.NS,Materials,2918.27,5252138
2023-06-09,ASIANPAINT.NS,Materials,2890.41,6160298
2023-06-12,ASIANPAINT.NS,Materials,2892.73,3771954
2023-06-13,ASIANPAINT.NS,Materials,2895.81,3266633
2023-06-14,ASIANPAINT.NS,Materials,2896.05,8326262
2023-06-15,ASIANPAINT.NS,Materials,2905.31,5507919
2023-06-16,ASIANPAINT.NS,Materials,2864.06,5818523
2023-06-19,ASIANPAINT.NS,Materials,2846.28,4713792
2023-06-20,ASIANPAINT.NS,Materials,2856.15,4932572
2023-06-21,ASIANPAINT.NS,Materials,2890.78,4368946
2023-06-22,ASIANPAINT.NS,Materials,2854.45,3812476
2023-06-23,ASIANPAINT.NS,Materials,2921.23,2086731
2023-06-26,ASIANPAINT.NS,Materials,2966.67,2497793
2023-06-27,ASIANPAINT.NS,Materials,2954.89,5059826
2023-06-28,ASIANPAINT.NS,Materials,2970.3,6079054
2023-06-29,ASIANPAINT.NS,Materials,2959.02,4251542
2023-06-30,ASIANPAINT.NS,Materials,2940.27,2714278
2023-07-03,ASIANPAINT.NS,Materials,2995.2,4282939
2023-07-04,ASIANPAINT.NS,Materials,2996.74,4556181
2023-07-05,ASIANPAINT.NS,Materials,3056.74,2048808
2023-07-06,ASIANPAINT.NS,Materials,3072.22,6750925
2023-07-07,ASIANPAINT.NS,Materials,3155.11,5397079
2023-07-10,ASIANPAINT.NS,Materials,3124.18,2752290
2023-07-11,ASIANPAINT.NS,Materials,3067.19,3875214
2023-07-12,ASIANPAINT.NS,Materials,3074.18,3552518
2023-07-13,ASIANPAINT.NS,Materials,3082.9,6266250
2023-07-14,ASIANPAINT.NS,Materials,3058.13,3271408
2023-07-17,ASIANPAINT.NS,Materials,3114.82,2624375
2023-07-18,ASIANPAINT.NS,Materials,3051.5,3828654
2023-07-19,ASIANPAINT.NS,Materials,3135.49,2767781
2023-07-20,ASIANPAINT.NS,Materials,3175.45,5592107
2023-07-21,ASIANPAINT.NS,Materials,3157.95,3859627
2023-07-24,ASIANPAINT.NS,Materials,3188.66,2630381
2023-07-25,ASIANPAINT.NS,Materials,3157.98,3083158
2023-07-26,ASIANPAINT.NS,Materials,3187.41,3383437
2023-07-27,ASIANPAINT.NS,Materials,3161.44,3563650
2023-07-28,ASIANPAINT.NS,Materials,3163.37,2236986
2023-07-31,ASIANPAINT.NS,Materials,3223.3,2641896
2023-08-01,ASIANPAINT.NS,Materials,3193.54,4362226
2023-08-02,ASIANPAINT.NS,Materials,3166.0,6210639
2023-08-03,ASIANPAINT.NS,Materials,3156.65,3310263
2023-08-04,ASIANPAINT.NS,Materials,3090.11,4097254
2023-08-07,ASIANPAINT.NS,Materials,3102.63,8975746
2023-08-08,ASIANPAINT.NS,Materials,3146.93,4314689
2023-08-09,ASIANPAINT.NS,Materials,3144.44,2004756
2023-08-10,ASIANPAINT.NS,Materials,3179.65,4827300
2023-08-11,ASIANPAINT.NS,Materials,3160.93,4275759
2023-08-14,ASIANPAINT.NS,Materials,3198.1,3404803
2023-08-16,ASIANPAINT.NS,Materials,3174.92,2666290
2023-08-17,ASIANPAINT.NS,Materials,3179.54,5283575
2023-08-18,ASIANPAINT.NS,Materials,3151.44,1532140
2023-08-21,ASIANPAINT.NS,Materials,3078.39,3413671
2023-08-22,ASIANPAINT.NS,Materials,3058.77,3498798
2023-08-23,ASIANPAINT.NS,Materials,3006.68,3095859
2023-08-24,ASIANPAINT.NS,Materials,2981.77,3818489
2023-08-25,ASIANPAINT.NS,Materials,2904.42,2563331
2023-08-28,ASIANPAINT.NS,Materials,2932.62,4815501
2023-08-29,ASIANPAINT.NS,Materials,2878.42,11025942
2023-08-30,ASIANPAINT.NS,Materials,2814.45,2891978
2023-08-31,ASIANPAINT.NS,Materials,2775.62,4589279
2023-09-01,ASIANPAINT.NS,Materials,2836.34,4199630
2023-09-04,ASIANPAINT.NS,Materials,2776.0,4275153
2023-09-05,ASIANPAINT.NS,Materials,2797.7,3381556
2023-09-06,ASIANPAINT.NS,Materials,2764.16,3996638
2023-09-07,ASIANPAINT.NS,Materials,2836.2,4291330
2023-09-08,ASIANPAINT.NS,Materials,2810.21,5277055
2023-09-11,ASIANPAINT.NS,Materials,2787.77,5149294
2023-09-12,ASIANPAINT.NS,Materials,2786.98,6249263
2023-09-13,ASIANPAINT.NS,Materials,2768.74,3082641
2023-09-14,ASIANPAINT.NS,Materials,2777.11,4253025
2023-09-15,ASIANPAINT.NS,Materials,2748.54,3777916
2023-09-18,ASIANPAINT.NS,Materials,2823.33,5381522
2023-09-19,ASIANPAINT.NS,Materials,2836.32,2307070
2023-09-20,ASIANPAINT.NS,Materials,2807.95,5851960
2023-09-21,ASIANPAINT.NS,Materials,2823.19,4459610
2023-09-22,ASIANPAINT.NS,Materials,2865.93,6075729
2023-09-25,ASIANPAINT.NS,Materials,2881.96,4057960
2023-09-26,ASIANPAINT.NS,Materials,2886.24,3746480
2023-09-27,ASIANPAINT.NS,Materials,2916.32,3167485
2023-09-28,ASIANPAINT.NS,Materials,2981.15,3461892
2023-09-29,ASIANPAINT.NS,Materials,2923.48,1962032
2023-10-03,ASIANPAINT.NS,Materials,2917.42,3769626
2023-10-04,ASIANPAINT.NS,Materials,2888.12,3316089
2023-10-05,ASIANPAINT.NS,Materials,2877.7,4119591
2023-10-06,ASIANPAINT.NS,Materials,2869.52,3119218
2023-10-09,ASIANPAINT.NS,Materials,2889.21,4508749
2023-10-10,ASIANPAINT.NS,Materials,2866.81,3805196
2023-10-11,ASIANPAINT.NS,Materials,2940.38,2103119
2023-10-12,ASIANPAINT.NS,Materials,2994.25,4054110
2023-10-13,ASIANPAINT.NS,Materials,3027.88,5316982
2023-10-16,ASIANPAINT.NS,Materials,2983.63,5455497
2023-10-17,ASIANPAINT.NS,Materials,3041.95,2918491
2023-10-18,ASIANPAINT.NS,Materials,2999.73,2352394
2023-10-19,ASIANPAINT.NS,Materials,2972.31,5840123
2023-10-20,ASIANPAINT.NS,Materials,3037.04,4607900
2023-10-23,ASIANPAINT.NS,Materials,2967.51,2839943
2023-10-24,ASIANPAINT.NS,Materials,3012.69,2976734
2023-10-25,ASIANPAINT.NS,Materials,3060.05,4028827
2023-10-26,ASIANPAINT.NS,Materials,3188.4,5385637
2023-10-27,ASIANPAINT.NS,Materials,3215.18,3545277
2023-10-30,ASIANPAINT.NS,Materials,3257.63,2365282
2023-10-31,ASIANPAINT.NS,Materials,3337.88,2045382
2023-11-01,ASIANPAINT.NS,Materials,3291.27,2994358
2023-11-02,ASIANPAINT.NS,Materials,3312.12,2976160
2023-11-03,ASIANPAINT.NS,Materials,3344.82,2695204
2023-11-06,ASIANPAINT.NS,Materials,3392.43,6536548
2023-11-07,ASIANPAINT.NS,Materials,3519.4,2303409
2023-11-08,ASIANPAINT.NS,Materials,3486.48,3075430
2023-11-09,ASIANPAINT.NS,Materials,3556.37,8448206
2023-11-10,ASIANPAINT.NS,Materials,3634.67,3010965
2023-11-13,ASIANPAINT.NS,Materials,3634.67,3966316
2023-11-14,ASIANPAINT.NS,Materials,3643.45,6541659
2023-11-15,ASIANPAINT.NS,Materials,3705.69,3827232
2023-11-16,ASIANPAINT.NS,Materials,3633.28,4566792
2023-11-17,ASIANPAINT.NS,Materials,3687.9,3155824
2023-11-20,ASIANPAINT.NS,Materials,3679.24,2942738
2023-11-21,ASIANPAINT.NS,Materials,3678.63,2270958
2023-11-22,ASIANPAINT.NS,Materials,3646.0,3700760
2023-11-23,ASIANPAINT.NS,Materials,3632.39,4553460
2023-11-24,ASIANPAINT.NS,Materials,3629.79,7861660
2023-11-27,ASIANPAINT.NS,Materials,3653.15,3302559
2023-11-28,ASIANPAINT.NS,Materials,3586.4,6063888
2023-11-29,ASIANPAINT.NS,Materials,3535.24,5535986
2023-11-30,ASIANPAINT.NS,Materials,3612.56,3081295
2023-12-01,ASIANPAINT.NS,Materials,3620.43,4033383
2023-12-04,ASIANPAINT.NS,Materials,3556.75,4050225
2023-12-05,ASIANPAINT.NS,Materials,3588.11,2457619
2023-12-06,ASIANPAINT.NS,Materials,3621.68,3655409
2023-12-07,ASIANPAINT.NS,Materials,3520.08,2972851
2023-12-08,ASIANPAINT.NS,Materials,3463.89,3682095
2023-12-11,ASIANPAINT.NS,Materials,3527.59,3770509
2023-12-12,ASIANPAINT.NS,Materials,3599.19,3920193
2023-12-13,ASIANPAINT.NS,Materials,3626.23,3231047
2023-12-14,ASIANPAINT.NS,Materials,3591.23,2753601
2023-12-15,ASIANPAINT.NS,Materials,3616.32,2148288
2023-12-18,ASIANPAINT.NS,Materials,3587.62,5526812
2023-12-19,ASIANPAINT.NS,Materials,3487.37,4020002
2023-12-20,ASIANPAINT.NS,Materials,3545.97,5706195
2023-12-21,ASIANPAINT.NS,Materials,3518.49,3776056
2023-12-22,ASIANPAINT.NS,Materials,3592.03,3960908
2023-12-26,ASIANPAINT.NS,Materials,3669.11,3623031
2023-12-27,ASIANPAINT.NS,Materials,3658.49,3504896
2023-12-28,ASIANPAINT.NS,Materials,3733.33,4330945
2023-12-29,ASIANPAINT.NS,Materials,3716.44,3584306
2024-01-01,ASIANPAINT.NS,Materials,3665.35,5581937
2024-01-02,ASIANPAINT.NS,Materials,3637.62,6477893
2024-01-03,ASIANPAINT.NS,Materials,3569.84,6288669
2024-01-04,ASIANPAINT.NS,Materials,3570.79,6845942
2024-01-05,ASIANPAINT.NS,Materials,3610.62,2671346
2024-01-08,ASIANPAINT.NS,Materials,3634.4,6076191
2024-01-09,ASIANPAINT.NS,Materials,3564.91,4116071
2024-01-10,ASIANPAINT.NS,Materials,3553.62,4135620
2024-01-11,ASIANPAINT.NS,Materials,3585.18,3103396
2024-01-12,ASIANPAINT.NS,Materials,3554.91,3498670
2024-01-15,ASIANPAINT.NS,Materials,3483.77,1845112
2024-01-16,ASIANPAINT.NS,Materials,3443.3,4850466
2024-01-17,ASIANPAINT.NS,Materials,3537.66,3716977
2024-01-18,ASIANPAINT.NS,Materials,3515.96,3329973
2024-01-19,ASIANPAINT.NS,Materials,3541.0,6371133
2024-01-22,ASIANPAINT.NS,Materials,3478.14,4006387
2024-01-23,ASIANPAINT.NS,Materials,3571.24,2889292
2024-01-24,ASIANPAINT.NS,Materials,3619.49,3967953
2024-01-25,ASIANPAINT.NS,Materials,3650.67,7271218
2024-01-29,ASIANPAINT.NS,Materials,3581.65,3814260
2024-01-30,ASIANPAINT.NS,Materials,3592.31,5296647
2024-01-31,ASIANPAINT.NS,Materials,3528.86,3101856
2024-02-01,ASIANPAINT.NS,Materials,3467.39,4747195
2024-02-02,ASIANPAINT.NS,Materials,3423.0,4291227
2024-02-05,ASIANPAINT.NS,Materials,3389.52,3994842
2024-02-06,ASIANPAINT.NS,Materials,3330.19,3365283
2024-02-07,ASIANPAINT.NS,Materials,3346.1,3616420
2024-02-08,ASIANPAINT.NS,Materials,3320.12,2063412
2024-02-09,ASIANPAINT.NS,Materials,3282.02,2269383
2024-02-12,ASIANPAINT.NS,Materials,3300.51,2314819
2024-02-13,ASIANPAINT.NS,Materials,3347.77,2340911
2024-02-14,ASIANPAINT.NS,Materials,3301.9,3614209
2024-02-15,ASIANPAINT.NS,Materials,3286.61,3345884
2024-02-16,ASIANPAINT.NS,Materials,3272.08,2758548
2024-02-19,ASIANPAINT.NS,Materials,3186.97,6074146
2024-02-20,ASIANPAINT.NS,Materials,3202.62,3627455
2024-02-21,ASIANPAINT.NS,Materials,3237.64,5445065
2024-02-22,ASIANPAINT.NS,Materials,3185.72,2378887
2024-02-23,ASIANPAINT.NS,Materials,3189.54,4617850
2024-02-26,ASIANPAINT.NS,Materials,3156.62,5626314
2024-02-27,ASIANPAINT.NS,Materials,3211.94,4582304
2024-02-28,ASIANPAINT.NS,Materials,3270.32,3410236
2024-02-29,ASIANPAINT.NS,Materials,3228.16,3607238
2024-03-01,ASIANPAINT.NS,Materials,3278.27,4487604
2024-03-04,ASIANPAINT.NS,Materials,3330.44,4065540
2024-03-05,ASIANPAINT.NS,Materials,3336.28,5840915
2024-03-06,ASIANPAINT.NS,Materials,3339.05,2866644
2024-03-07,ASIANPAINT.NS,Materials,3346.48,5581174
2024-03-11,ASIANPAINT.NS,Materials,3331.85,4419197
2024-03-12,ASIANPAINT.NS,Materials,3376.43,4272767
2024-03-13,ASIANPAINT.NS,Materials,3366.59,3740840
2024-03-14,ASIANPAINT.NS,Materials,3322.23,5779673
2024-03-15,ASIANPAINT.NS,Materials,3377.86,2922775
2024-03-18,ASIANPAINT.NS,Materials,3405.63,2665096
2024-03-19,ASIANPAINT.NS,Materials,3450.15,4021292
2024-03-20,ASIANPAINT.NS,Materials,3474.21,3131350
2024-03-21,ASIANPAINT.NS,Materials,3541.12,4416398
2024-03-22,ASIANPAINT.NS,Materials,3429.78,7744685
2024-03-25,ASIANPAINT.NS,Materials,3486.18,4095351
2024-03-26,ASIANPAINT.NS,Materials,3499.81,4273064
2024-03-27,ASIANPAINT.NS,Materials,3497.69,6932121
2024-03-28,ASIANPAINT.NS,Materials,3550.82,4558474
2024-03-29,ASIANPAINT.NS,Materials,3566.79,5773838
2024-04-01,ASIANPAINT.NS,Materials,3606.34,3624167
2024-04-02,ASIANPAINT.NS,Materials,3669.06,3906144
2024-04-03,ASIANPAINT.NS,Materials,3664.38,3151968
2024-04-04,ASIANPAINT.NS,Materials,3745.67,4671107
2024-04-05,ASIANPAINT.NS,Materials,3834.17,4713516
2024-04-08,ASIANPAINT.NS,Materials,3788.43,5112843
2024-04-09,ASIANPAINT.NS,Materials,3770.68,4628916
2024-04-10,ASIANPAINT.NS,Materials,3770.36,3792722
2024-04-11,ASIANPAINT.NS,Materials,3740.18,4829445
2024-04-12,ASIANPAINT.NS,Materials,3655.86,6674641
2024-04-15,ASIANPAINT.NS,Materials,3722.83,4169420
2024-04-16,ASIANPAINT.NS,Materials,3685.65,2503381
2024-04-17,ASIANPAINT.NS,Materials,3554.15,2823005
2024-04-18,ASIANPAINT.NS,Materials,3522.97,4339331
2024-04-19,ASIANPAINT.NS,Materials,3481.34,2950057
2024-04-22,ASIANPAINT.NS,Materials,3515.87,3347564
2024-04-23,ASIANPAINT.NS,Materials,3484.91,3315244
2024-04-24,ASIANPAINT.NS,Materials,3470.58,4584796
2024-04-25,ASIANPAINT.NS,Materials,3527.68,6954388
2024-04-26,ASIANPAINT.NS,Materials,3592.15,2369648
2024-04-29,ASIANPAINT.NS,Materials,3539.03,5711763
2024-04-30,ASIANPAINT.NS,Materials,3604.11,5625383
2024-05-02,ASIANPAINT.NS,Materials,3608.25,4382877
2024-05-03,ASIANPAINT.NS,Materials,3611.27,3712287
2024-05-06,ASIANPAINT.NS,Materials,3586.3,5211819
2024-05-07,ASIANPAINT.NS,Materials,3519.58,4072821
2024-05-08,ASIANPAINT.NS,Materials,3547.82,3773483
2024-05-09,ASIANPAINT.NS,Materials,3521.39,2119318
2024-05-10,ASIANPAINT.NS,Materials,3528.86,4688969
2024-05-13,ASIANPAINT.NS,Materials,3590.84,6506085
2024-05-14,ASIANPAINT.NS,Materials,3556.23,2449190
2024-05-15,ASIANPAINT.NS,Materials,3570.37,2928667
2024-05-16,ASIANPAINT.NS,Materials,3632.34,3386334
2024-05-17,ASIANPAINT.NS,Materials,3650.22,3619638
2024-05-20,ASIANPAINT.NS,Materials,3658.39,3105052
2024-05-21,ASIANPAINT.NS,Materials,3647.77,6219530
2024-05-22,ASIANPAINT.NS,Materials,3559.33,8021933
2024-05-23,ASIANPAINT.NS,Materials,3579.01,4310968
2024-05-24,ASIANPAINT.NS,Materials,3640.28,3162642
2024-05-27,ASIANPAINT.NS,Materials,3606.16,4220199
2024-05-28,ASIANPAINT.NS,Materials,3532.97,2694055
2024-05-29,ASIANPAINT.NS,Materials,3604.11,3703825
2024-05-30,ASIANPAINT.NS,Materials,3624.05,4828982
2024-05-31,ASIANPAINT.NS,Materials,3655.63,5014344
2024-06-03,ASIANPAINT.NS,Materials,3677.67,4847169
2024-06-04,ASIANPAINT.NS,Materials,3653.18,3383478
2024-06-05,ASIANPAINT.NS,Materials,3564.75,4175226
2024-06-06,ASIANPAINT.NS,Materials,3581.2,3526019
2024-06-07,ASIANPAINT.NS,Materials,3589.6,5422532
2024-06-10,ASIANPAINT.NS,Materials,3649.16,4613909
2024-06-11,ASIANPAINT.NS,Materials,3640.05,7124553
2024-06-12,ASIANPAINT.NS,Materials,3651.41,4473398
2024-06-13,ASIANPAINT.NS,Materials,3672.74,2956833
2024-06-14,ASIANPAINT.NS,Materials,3700.8,2611357
2024-06-17,ASIANPAINT.NS,Materials,3738.59,4217488
2024-06-18,ASIANPAINT.NS,Materials,3712.61,1764388
2024-06-19,ASIANPAINT.NS,Materials,3730.03,3460382
2024-06-20,ASIANPAINT.NS,Materials,3767.96,3250874
2024-06-21,ASIANPAINT.NS,Materials,3756.51,3011423
2024-06-24,ASIANPAINT.NS,Materials,3738.51,4187380
2024-06-25,ASIANPAINT.NS,Materials,3830.45,2774346
2024-06-26,ASIANPAINT.NS,Materials,3907.43,2292866
2024-06-27,ASIANPAINT.NS,Materials,3933.32,4730857
2024-06-28,ASIANPAINT.NS,Materials,3976.8,3504901
2024-07-01,ASIANPAINT.NS,Materials,3988.05,4479726
2024-07-02,ASIANPAINT.NS,Materials,3951.44,4234687
2024-07-03,ASIANPAINT.NS,Materials,3959.05,4796031
2024-07-04,ASIANPAINT.NS,Materials,4071.29,4292710
2024-07-05,ASIANPAINT.NS,Materials,3991.18,4884339
2024-07-08,ASIANPAINT.NS,Materials,4006.77,7208857
2024-07-09,ASIANPAINT.NS,Materials,3999.9,4475219
2024-07-10,ASIANPAINT.NS,Materials,3968.9,4846261
2024-07-11,ASIANPAINT.NS,Materials,4013.34,4143109
2024-07-12,ASIANPAINT.NS,Materials,4046.54,2054773
2024-07-15,ASIANPAINT.NS,Materials,4078.61,3801383
2024-07-16,ASIANPAINT.NS,Materials,4106.34,6380434
2024-07-17,ASIANPAINT.NS,Materials,4175.43,4725684
2024-07-18,ASIANPAINT.NS,Materials,4222.95,3367110
2024-07-19,ASIANPAINT.NS,Materials,4162.28,4541891
2024-07-22,ASIANPAINT.NS,Materials,4273.08,2702798
2024-07-23,ASIANPAINT.NS,Materials,4311.78,5079617
2024-07-24,ASIANPAINT.NS,Materials,4295.33,3365357
2024-07-25,ASIANPAINT.NS,Materials,4293.82,4235374
2024-07-26,ASIANPAINT.NS,Materials,4385.06,2793823
2024-07-29,ASIANPAINT.NS,Materials,4331.55,4303356
2024-07-30,ASIANPAINT.NS,Materials,4398.02,1721332
2024-07-31,ASIANPAINT.NS,Materials,4395.06,3430123
2024-08-01,ASIANPAINT.NS,Materials,4445.97,3052622
2024-08-02,ASIANPAINT.NS,Materials,4408.7,3090967
2024-08-05,ASIANPAINT.NS,Materials,4480.41,1196513
2024-08-06,ASIANPAINT.NS,Materials,4552.26,3133267
2024-08-07,ASIANPAINT.NS,Materials,4521.12,4369310
2024-08-08,ASIANPAINT.NS,Materials,4603.69,2916202
2024-08-09,ASIANPAINT.NS,Materials,4599.47,4686925
2024-08-12,ASIANPAINT.NS,Materials,4531.9,5459324
2024-08-13,ASIANPAINT.NS,Materials,4551.47,4416853
2024-08-14,ASIANPAINT.NS,Materials,4538.45,4558408
2024-08-16,ASIANPAINT.NS,Materials,4479.56,4374164
2024-08-19,ASIANPAINT.NS,Materials,4520.7,4821399
2024-08-20,ASIANPAINT.NS,Materials,4569.9,3146516
2024-08-21,ASIANPAINT.NS,Materials,4586.9,2947976
2024-08-22,ASIANPAINT.NS,Materials,4679.63,2975317
2024-08-23,ASIANPAINT.NS,Materials,4599.13,5036172
2024-08-26,ASIANPAINT.NS,Materials,4557.75,2960335
2024-08-27,ASIANPAINT.NS,Materials,4501.58,3587337
2024-08-28,ASIANPAINT.NS,Materials,4583.12,3423265
2024-08-29,ASIANPAINT.NS,Materials,4610.13,4228797
2024-08-30,ASIANPAINT.NS,Materials,4624.44,4945604
2024-09-02,ASIANPAINT.NS,Materials,4577.04,4945653
2024-09-03,ASIANPAINT.NS,Materials,4616.13,2125666
2024-09-04,ASIANPAINT.NS,Materials,4632.78,4486245
2024-09-05,ASIANPAINT.NS,Materials,4534.95,3910556
2024-09-06,ASIANPAINT.NS,Materials,4433.34,4223203
2024-09-09,ASIANPAINT.NS,Materials,4409.23,3532027
2024-09-10,ASIANPAINT.NS,Materials,4404.6,3003408
2024-09-11,ASIANPAINT.NS,Materials,4408.31,5574828
2024-09-12,ASIANPAINT.NS,Materials,4443.17,3700483
2024-09-13,ASIANPAINT.NS,Materials,4528.56,6090997
2024-09-16,ASIANPAINT.NS,Materials,4451.67,3929233
2024-09-17,ASIANPAINT.NS,Materials,4521.11,3964976
2024-09-18,ASIANPAINT.NS,Materials,4545.2,3118065
2024-09-19,ASIANPAINT.NS,Materials,4602.79,3952701
2024-09-20,ASIANPAINT.NS,Materials,4647.79,5493617
2024-09-23,ASIANPAINT.NS,Materials,4451.56,3802255
2024-09-24,ASIANPAINT.NS,Materials,4482.59,4279550
2024-09-25,ASIANPAINT.NS,Materials,4548.62,7034206
2024-09-26,ASIANPAINT.NS,Materials,4545.87,2617430
2024-09-27,ASIANPAINT.NS,Materials,4554.64,2873608
2024-09-30,ASIANPAINT.NS,Materials,4538.77,4433177
2024-10-01,ASIANPAINT.NS,Materials,4555.85,2190521
2024-10-03,ASIANPAINT.NS,Materials,4461.54,4772877
2024-10-04,ASIANPAINT.NS,Materials,4533.77,3015329
2024-10-07,ASIANPAINT.NS,Materials,4530.5,3406806
2024-10-08,ASIANPAINT.NS,Materials,4583.46,5367955
2024-10-09,ASIANPAINT.NS,Materials,4571.67,2570676
2024-10-10,ASIANPAINT.NS,Materials,4652.63,1986499
2024-10-11,ASIANPAINT.NS,Materials,4638.92,1901122
2024-10-14,ASIANPAINT.NS,Materials,4749.4,4406083
2024-10-15,ASIANPAINT.NS,Materials,4709.92,5354902
2024-10-16,ASIANPAINT.NS,Materials,4773.68,2739903
2024-10-17,ASIANPAINT.NS,Materials,4885.22,5787125
2024-10-18,ASIANPAINT.NS,Materials,4977.3,3895544
2024-10-21,ASIANPAINT.NS,Materials,4861.77,4038681
2024-10-22,ASIANPAINT.NS,Materials,4799.74,5502740
2024-10-23,ASIANPAINT.NS,Materials,4714.37,2132898
2024-10-24,ASIANPAINT.NS,Materials,4718.27,4987548
2024-10-25,ASIANPAINT.NS,Materials,4769.93,2084931
2024-10-28,ASIANPAINT.NS,Materials,4809.38,2247414
2024-10-29,ASIANPAINT.NS,Materials,4723.6,2375231
2024-10-30,ASIANPAINT.NS,Materials,4667.71,4859318
2024-10-31,ASIANPAINT.NS,Materials,4693.94,4959056
2024-11-04,ASIANPAINT.NS,Materials,4681.17,5343409
2024-11-05,ASIANPAINT.NS,Materials,4650.39,3864316
2024-11-06,ASIANPAINT.NS,Materials,4581.53,3430485
2024-11-07,ASIANPAINT.NS,Materials,4593.95,4658477
2024-11-08,ASIANPAINT.NS,Materials,4602.93,3709423
2024-11-11,ASIANPAINT.NS,Materials,4601.69,4195466
2024-11-12,ASIANPAINT.NS,Materials,4609.2,3800561
2024-11-13,ASIANPAINT.NS,Materials,4584.33,3822838
2024-11-14,ASIANPAINT.NS,Materials,4583.43,7941264
2024-11-15,ASIANPAINT.NS,Materials,4565.55,5349071
2024-11-18,ASIANPAINT.NS,Materials,4493.72,4609753
2024-11-19,ASIANPAINT.NS,Materials,4549.05,3409213
2024-11-20,ASIANPAINT.NS,Materials,4528.17,3982961
2024-11-21,ASIANPAINT.NS,Materials,4603.32,5496632
2024-11-22,ASIANPAINT.NS,Materials,4612.44,4156198
2024-11-25,ASIANPAINT.NS,Materials,4666.86,3388406
2024-11-26,ASIANPAINT.NS,Materials,4708.71,2176134
2024-11-27,ASIANPAINT.NS,Materials,4643.06,3428000
2024-11-28,ASIANPAINT.NS,Materials,4599.15,4955135
2024-11-29,ASIANPAINT.NS,Materials,4531.04,2508965
2024-12-02,ASIANPAINT.NS,Materials,4394.43,6511696
2024-12-03,ASIANPAINT.NS,Materials,4387.44,4251329
2024-12-04,ASIANPAINT.NS,Materials,4329.75,6370243
2024-12-05,ASIANPAINT.NS,Materials,4389.94,3792172
2024-12-06,ASIANPAINT.NS,Materials,4421.62,1804403
2024-12-09,ASIANPAINT.NS,Materials,4469.94,3390542
2024-12-10,ASIANPAINT.NS,Materials,4453.94,3083147
2024-12-11,ASIANPAINT.NS,Materials,4471.29,2879225
2024-12-12,ASIANPAINT.NS,Materials,4493.0,4593531
2024-12-13,ASIANPAINT.NS,Materials,4515.21,2824887
2024-12-16,ASIANPAINT.NS,Materials,4594.71,2342645
2024-12-17,ASIANPAINT.NS,Materials,4669.2,3105736
2024-12-18,ASIANPAINT.NS,Materials,4609.26,5181407
2024-12-19,ASIANPAINT.NS,Materials,4585.28,3525715
2024-12-20,ASIANPAINT.NS,Materials,4711.32,2815575
2024-12-23,ASIANPAINT.NS,Materials,4741.78,3349371
2024-12-24,ASIANPAINT.NS,Materials,4844.12,5653879
2024-12-26,ASIANPAINT.NS,Materials,4856.0,4569783
2024-12-27,ASIANPAINT.NS,Materials,4833.73,4645369
2024-12-30,ASIANPAINT.NS,Materials,4819.8,4545888
2024-12-31,ASIANPAINT.NS,Materials,4709.29,2160844
2025-01-01,ASIANPAINT.NS,Materials,4712.05,3689059
2025-01-02,ASIANPAINT.NS,Materials,4845.15,5475143
2025-01-03,ASIANPAINT.NS,Materials,4749.61,1789156
2025-01-06,ASIANPAINT.NS,Materials,4743.71,1947710
2025-01-07,ASIANPAINT.NS,Materials,4770.27,2636270
2025-01-08,ASIANPAINT.NS,Materials,4776.19,2958496
2025-01-09,ASIANPAINT.NS,Materials,4804.06,3895796
2025-01-10,ASIANPAINT.NS,Materials,4918.6,2440012
2025-01-13,ASIANPAINT.NS,Materials,4859.86,4579741
2025-01-14,ASIANPAINT.NS,Materials,4809.76,8388989
2025-01-15,ASIANPAINT.NS,Materials,4770.74,3145585
2025-01-16,ASIANPAINT.NS,Materials,4679.03,2345311
2025-01-17,ASIANPAINT.NS,Materials,4738.75,3305672
2025-01-20,ASIANPAINT.NS,Materials,4687.11,4645688
2025-01-21,ASIANPAINT.NS,Materials,4631.05,4051312
2025-01-22,ASIANPAINT.NS,Materials,4720.2,4973296
2025-01-23,ASIANPAINT.NS,Materials,4756.2,3485522
2025-01-24,ASIANPAINT.NS,Materials,4743.79,4309480
2025-01-27,ASIANPAINT.NS,Materials,4679.86,9433558
2025-01-28,ASIANPAINT.NS,Materials,4545.96,3341195
2025-01-29,ASIANPAINT.NS,Materials,4576.74,3829063
2025-01-30,ASIANPAINT.NS,Materials,4636.95,4500210
2025-01-31,ASIANPAINT.NS,Materials,4640.88,9214659
2025-02-03,ASIANPAINT.NS,Materials,4554.13,5187431
2025-02-04,ASIANPAINT.NS,Materials,4594.96,3988064
2025-02-05,ASIANPAINT.NS,Materials,4557.73,3271615
2025-02-06,ASIANPAINT.NS,Materials,4650.98,6159291
2025-02-07,ASIANPAINT.NS,Materials,4700.02,3730118
2025-02-10,ASIANPAINT.NS,Materials,4711.78,6555233
2025-02-11,ASIANPAINT.NS,Materials,4690.87,3506860
2025-02-12,ASIANPAINT.NS,Materials,4769.61,3119758
2025-02-13,ASIANPAINT.NS,Materials,4687.46,2308835
2025-02-14,ASIANPAINT.NS,Materials,4685.32,4600552
2025-02-17,ASIANPAINT.NS,Materials,4628.58,2038804
2025-02-18,ASIANPAINT.NS,Materials,4631.09,5959744
2025-02-19,ASIANPAINT.NS,Materials,4683.21,2324081
2025-02-20,ASIANPAINT.NS,Materials,4584.2,2031388
2025-02-21,ASIANPAINT.NS,Materials,4600.76,3782397
2025-02-24,ASIANPAINT.NS,Materials,4625.95,5369369
2025-02-25,ASIANPAINT.NS,Materials,4555.48,3687614
2025-02-26,ASIANPAINT.NS,Materials,4561.48,5022182
2025-02-27,ASIANPAINT.NS,Materials,4604.62,4298682
2025-02-28,ASIANPAINT.NS,Materials,4560.03,4883029
2025-03-03,ASIANPAINT.NS,Materials,4532.22,6673957
2025-03-04,ASIANPAINT.NS,Materials,4488.24,3003595
2025-03-05,ASIANPAINT.NS,Materials,4448.4,4058604
2025-03-06,ASIANPAINT.NS,Materials,4545.2,1941499
2025-03-07,ASIANPAINT.NS,Materials,4594.78,6206753
2025-03-10,ASIANPAINT.NS,Materials,4568.53,3413463
2025-03-11,ASIANPAINT.NS,Materials,4571.56,3921005
2025-03-12,ASIANPAINT.NS,Materials,4565.21,3433303
2025-03-13,ASIANPAINT.NS,Materials,4562.45,3032212
2025-03-14,ASIANPAINT.NS,Materials,4622.07,5007825
2025-03-17,ASIANPAINT.NS,Materials,4662.61,4691157
2025-03-18,ASIANPAINT.NS,Materials,4680.27,3168720
2025-03-19,ASIANPAINT.NS,Materials,4590.67,7055517
2025-03-20,ASIANPAINT.NS,Materials,4655.18,5187593
2025-03-21,ASIANPAINT.NS,Materials,4705.37,6760395
2025-03-24,ASIANPAINT.NS,Materials,4831.37,2001331
2025-03-25,ASIANPAINT.NS,Materials,4636.24,3087339
2025-03-26,ASIANPAINT.NS,Materials,4649.99,5406593
2025-03-27,ASIANPAINT.NS,Materials,4680.84,2507647
2025-03-28,ASIANPAINT.NS,Materials,4642.77,3330709
2025-03-31,ASIANPAINT.NS,Materials,4550.57,2686396
2025-04-01,ASIANPAINT.NS,Materials,4604.46,4430472
2025-04-02,ASIANPAINT.NS,Materials,4665.24,3420523
2025-04-03,ASIANPAINT.NS,Materials,4653.37,2706677
2025-04-04,ASIANPAINT.NS,Materials,4675.23,7078364
2025-04-07,ASIANPAINT.NS,Materials,4648.79,4847391
2025-04-08,ASIANPAINT.NS,Materials,4612.66,4812991
2025-04-09,ASIANPAINT.NS,Materials,4554.84,4139819
2025-04-10,ASIANPAINT.NS,Materials,4631.39,5212848
2025-04-11,ASIANPAINT.NS,Materials,4621.67,4693695
2025-04-15,ASIANPAINT.NS,Materials,4570.81,2045884
2025-04-16,ASIANPAINT.NS,Materials,4564.85,7670309
2025-04-17,ASIANPAINT.NS,Materials,4588.06,7240482
2025-04-18,ASIANPAINT.NS,Materials,4660.75,3345047
2025-04-21,ASIANPAINT.NS,Materials,4594.84,2193486
2025-04-22,ASIANPAINT.NS,Materials,4611.55,2684780
2025-04-23,ASIANPAINT.NS,Materials,4672.25,2715807
2025-04-24,ASIANPAINT.NS,Materials,4731.93,4366138
2025-04-25,ASIANPAINT.NS,Materials,4755.05,3410127
2025-04-28,ASIANPAINT.NS,Materials,4778.27,3180577
2025-04-29,ASIANPAINT.NS,Materials,4788.95,4905385
2025-04-30,ASIANPAINT.NS,Materials,4854.75,3792472
2025-05-02,ASIANPAINT.NS,Materials,4753.91,5516695
2025-05-05,ASIANPAINT.NS,Materials,4786.47,3877961
2025-05-06,ASIANPAINT.NS,Materials,4705.83,7153318
2025-05-07,ASIANPAINT.NS,Materials,4754.71,8674204
2025-05-08,ASIANPAINT.NS,Materials,4708.4,4304005
2025-05-09,ASIANPAINT.NS,Materials,4779.38,3545347
2025-05-12,ASIANPAINT.NS,Materials,4794.04,3872909
2025-05-13,ASIANPAINT.NS,Materials,4908.08,5741994
2025-05-14,ASIANPAINT.NS,Materials,4858.27,5378090
2025-05-15,ASIANPAINT.NS,Materials,4914.81,2034088
2025-05-16,ASIANPAINT.NS,Materials,4819.74,4814351
2025-05-19,ASIANPAINT.NS,Materials,4724.25,3459189
2025-05-20,ASIANPAINT.NS,Materials,4633.84,4366164
2025-05-21,ASIANPAINT.NS,Materials,4719.6,3959874
2025-05-22,ASIANPAINT.NS,Materials,4680.65,3446002
2025-05-23,ASIANPAINT.NS,Materials,4579.0,2210840
2025-05-26,ASIANPAINT.NS,Materials,4666.97,2273430
2025-05-27,ASIANPAINT.NS,Materials,4674.74,3593371
2025-05-28,ASIANPAINT.NS,Materials,4780.22,3777804
2025-05-29,ASIANPAINT.NS,Materials,4848.23,3873982
2025-05-30,ASIANPAINT.NS,Materials,4879.29,4344740
2025-06-02,ASIANPAINT.NS,Materials,4965.94,2973477
2025-06-03,ASIANPAINT.NS,Materials,4946.11,2429882
2025-06-04,ASIANPAINT.NS,Materials,4877.69,5599865
2025-06-05,ASIANPAINT.NS,Materials,4938.87,4821507
2025-06-06,ASIANPAINT.NS,Materials,4881.43,3100750
2025-06-09,ASIANPAINT.NS,Materials,4898.15,5378366
2025-06-10,ASIANPAINT.NS,Materials,4913.96,2789211
2025-06-11,ASIANPAINT.NS,Materials,4863.66,4292356
2025-06-12,ASIANPAINT.NS,Materials,4881.69,4310912
2025-06-13,ASIANPAINT.NS,Materials,4832.73,3177651
2025-06-16,ASIANPAINT.NS,Materials,4901.18,4720234
2025-06-17,ASIANPAINT.NS,Materials,4832.55,2520122
2025-06-18,ASIANPAINT.NS,Materials,5008.91,3933160
2025-06-19,ASIANPAINT.NS,Materials,4955.06,3937860
2025-06-20,ASIANPAINT.NS,Materials,5034.44,2697804
2025-06-23,ASIANPAINT.NS,Materials,5084.24,4961954
2025-06-24,ASIANPAINT.NS,Materials,5067.71,5891026
2025-06-25,ASIANPAINT.NS,Materials,5167.09,3890703
2025-06-26,ASIANPAINT.NS,Materials,5000.49,4091196
2025-06-27,ASIANPAINT.NS,Materials,5039.78,3604145
2025-06-30,ASIANPAINT.NS,Materials,5043.97,3847122
2025-07-01,ASIANPAINT.NS,Materials,5129.06,3322051
2025-07-02,ASIANPAINT.NS,Materials,5160.6,3983229
2025-07-03,ASIANPAINT.NS,Materials,5270.1,3627139
2025-07-04,ASIANPAINT.NS,Materials,5394.99,7032686
2025-07-07,ASIANPAINT.NS,Materials,5431.97,3662655
2025-07-08,ASIANPAINT.NS,Materials,5435.28,2835904
2025-07-09,ASIANPAINT.NS,Materials,5383.42,2159045
2025-07-10,ASIANPAINT.NS,Materials,5439.54,5621102
2025-07-11,ASIANPAINT.NS,Materials,5434.86,6545675
2025-07-14,ASIANPAINT.NS,Materials,5524.66,2621332
2025-07-15,ASIANPAINT.NS,Materials,5452.77,4891857
2025-07-16,ASIANPAINT.NS,Materials,5366.67,4751195
2025-07-17,ASIANPAINT.NS,Materials,5432.06,3967918
2025-07-18,ASIANPAINT.NS,Materials,5471.93,2670219
2025-07-21,ASIANPAINT.NS,Materials,5494.07,4712161
2025-07-22,ASIANPAINT.NS,Materials,5606.24,6261713
2025-07-23,ASIANPAINT.NS,Materials,5681.44,6458573
2025-07-24,ASIANPAINT.NS,Materials,5784.44,4736597
2025-07-25,ASIANPAINT.NS,Materials,5815.61,5358151
2025-07-28,ASIANPAINT.NS,Materials,5877.85,2093399
2025-07-29,ASIANPAINT.NS,Materials,5938.12,4887185
2025-07-30,ASIANPAINT.NS,Materials,5932.88,4912017
2025-07-31,ASIANPAINT.NS,Materials,5917.82,3529911
2025-08-01,ASIANPAINT.NS,Materials,5967.92,4084402
2025-08-04,ASIANPAINT.NS,Materials,6079.91,3291978
2025-08-05,ASIANPAINT.NS,Materials,5891.51,2300351
2025-08-06,ASIANPAINT.NS,Materials,5841.64,4913225
2025-08-07,ASIANPAINT.NS,Materials,5810.69,7679194
2025-08-08,ASIANPAINT.NS,Materials,5831.62,2921392
2025-08-11,ASIANPAINT.NS,Materials,5736.09,4072506
2025-08-12,ASIANPAINT.NS,Materials,5780.26,2492688
2025-08-13,ASIANPAINT.NS,Materials,5799.07,4297980
2025-08-14,ASIANPAINT.NS,Materials,5846.53,3175532
2025-08-18,ASIANPAINT.NS,Materials,5867.97,3779141
2025-08-19,ASIANPAINT.NS,Materials,5971.21,5619700
2025-08-20,ASIANPAINT.NS,Materials,5991.56,4403326
2025-08-21,ASIANPAINT.NS,Materials,6051.98,3813127
2025-08-22,ASIANPAINT.NS,Materials,6077.95,2870688
2025-08-25,ASIANPAINT.NS,Materials,6084.84,5072160
2025-08-26,ASIANPAINT.NS,Materials,6080.61,2694685
2025-08-27,ASIANPAINT.NS,Materials,6103.74,6337239
2025-08-28,ASIANPAINT.NS,Materials,6109.75,4141728
2025-08-29,ASIANPAINT.NS,Materials,6053.51,2777860
2025-09-01,ASIANPAINT.NS,Materials,6046.89,2348141
2025-09-02,ASIANPAINT.NS,Materials,5961.83,3554714
2025-09-03,ASIANPAINT.NS,Materials,6089.63,3519058
2025-09-04,ASIANPAINT.NS,Materials,6107.91,4681345
2025-09-05,ASIANPAINT.NS,Materials,6085.99,2786533
2025-09-08,ASIANPAINT.NS,Materials,5947.03,5257479
2025-09-09,ASIANPAINT.NS,Materials,5933.7,1644996
2025-09-10,ASIANPAINT.NS,Materials,6257.96,4108726
2025-09-11,ASIANPAINT.NS,Materials,6244.41,3098844
2025-09-12,ASIANPAINT.NS,Materials,6325.17,4123838
2025-09-15,ASIANPAINT.NS,Materials,6210.3,6086312
2025-09-16,ASIANPAINT.NS,Materials,6142.72,5479084
2025-09-17,ASIANPAINT.NS,Materials,6133.6,4487426
2025-09-18,ASIANPAINT.NS,Materials,6181.44,6356368
2025-09-19,ASIANPAINT.NS,Materials,6144.87,6447815
2025-09-22,ASIANPAINT.NS,Materials,6201.09,6834524
2025-09-23,ASIANPAINT.NS,Materials,6119.99,3227184
2025-09-24,ASIANPAINT.NS,Materials,6160.24,5182538
2025-09-25,ASIANPAINT.NS,Materials,6303.79,5221411
2025-09-26,ASIANPAINT.NS,Materials,6375.46,4004380
2025-09-29,ASIANPAINT.NS,Materials,6192.87,5731912
2025-09-30,ASIANPAINT.NS,Materials,6195.69,4043347
2025-10-01,ASIANPAINT.NS,Materials,6204.12,2370578
2025-10-03,ASIANPAINT.NS,Materials,6188.62,6226513
2025-10-06,ASIANPAINT.NS,Materials,6243.97,3222913
2025-10-07,ASIANPAINT.NS,Materials,6187.0,2160159
2025-10-08,ASIANPAINT.NS,Materials,6269.31,12193458
2025-10-09,ASIANPAINT.NS,Materials,6262.57,2734116
2025-10-10,ASIANPAINT.NS,Materials,6196.46,4993360
2025-10-13,ASIANPAINT.NS,Materials,6149.15,2755923
2025-10-14,ASIANPAINT.NS,Materials,6125.48,3442690
2025-10-15,ASIANPAINT.NS,Materials,6174.93,3125922
2025-10-16,ASIANPAINT.NS,Materials,6244.16,2817475
2025-10-17,ASIANPAINT.NS,Materials,6333.47,5408756
2025-10-20,ASIANPAINT.NS,Materials,6311.38,8841346
2025-10-22,ASIANPAINT.NS,Materials,6352.11,4000917
2025-10-23,ASIANPAINT.NS,Materials,6410.2,2144628
2025-10-24,ASIANPAINT.NS,Materials,6387.95,2769463
2025-10-27,ASIANPAINT.NS,Materials,6402.98,2980406
2025-10-28,ASIANPAINT.NS,Materials,6404.35,4136523
2025-10-29,ASIANPAINT.NS,Materials,6345.02,3451436
2025-10-30,ASIANPAINT.NS,Materials,6218.0,8372500
2025-10-31,ASIANPAINT.NS,Materials,6141.19,3859330
2025-11-03,ASIANPAINT.NS,Materials,6302.82,5295797
2025-11-04,ASIANPAINT.NS,Materials,6207.76,3760860
2025-11-05,ASIANPAINT.NS,Materials,6317.81,3936012
2025-11-06,ASIANPAINT.NS,Materials,6259.84,3521075
2025-11-07,ASIANPAINT.NS,Materials,6187.44,3985230
2025-11-10,ASIANPAINT.NS,Materials,6216.9,3356046
2025-11-11,ASIANPAINT.NS,Materials,6113.43,4044980
2025-11-12,ASIANPAINT.NS,Materials,5894.4,3286742
2025-11-13,ASIANPAINT.NS,Materials,5962.37,8832418
2025-11-14,ASIANPAINT.NS,Materials,5902.1,4581629
2025-11-17,ASIANPAINT.NS,Materials,5889.79,4890366
2025-11-18,ASIANPAINT.NS,Materials,5890.08,3762956
2025-11-19,ASIANPAINT.NS,Materials,5889.49,2382395
2025-11-20,ASIANPAINT.NS,Materials,5952.91,2489718
2025-11-21,ASIANPAINT.NS,Materials,5935.1,3756606
2025-11-24,ASIANPAINT.NS,Materials,5840.52,3713416
2025-11-25,ASIANPAINT.NS,Materials,5886.64,4577853
2025-11-26,ASIANPAINT.NS,Materials,5884.48,4260650
2025-11-27,ASIANPAINT.NS,Materials,5848.72,3386565
2025-11-28,ASIANPAINT.NS,Materials,5925.78,10096495
2025-12-01,ASIANPAINT.NS,Materials,5791.28,4509363
2025-12-02,ASIANPAINT.NS,Materials,5806.12,3421029
2025-12-03,ASIANPAINT.NS,Materials,5935.22,3500568
2025-12-04,ASIANPAINT.NS,Materials,5911.17,5139389
2025-12-05,ASIANPAINT.NS,Materials,5980.84,3691077
2025-12-08,ASIANPAINT.NS,Materials,5996.38,5573588
2025-12-09,ASIANPAINT.NS,Materials,5945.99,3874071
2025-12-10,ASIANPAINT.NS,Materials,5971.89,3488784
2025-12-11,ASIANPAINT.NS,Materials,5958.98,2413954
2025-12-12,ASIANPAINT.NS,Materials,5910.0,5744016
2025-12-15,ASIANPAINT.NS,Materials,5822.8,2729829
2025-12-16,ASIANPAINT.NS,Materials,5760.7,5191944
2025-12-17,ASIANPAINT.NS,Materials,5704.58,3239393
2025-12-18,ASIANPAINT.NS,Materials,5681.23,5395839
2025-12-19,ASIANPAINT.NS,Materials,5671.5,6256425
2025-12-22,ASIANPAINT.NS,Materials,5666.59,3067471
2025-12-23,ASIANPAINT.NS,Materials,5587.51,2975239
2025-12-24,ASIANPAINT.NS,Materials,5781.57,8679230
2025-12-26,ASIANPAINT.NS,Materials,5912.89,4688350
2025-12-29,ASIANPAINT.NS,Materials,5777.14,5141661
2025-12-30,ASIANPAINT.NS,Materials,5773.17,2486974
2025-12-31,ASIANPAINT.NS,Materials,5755.55,2795943
2022-01-03,MARUTI.NS,Auto,9464.26,7031897
2022-01-04,MARUTI.NS,Auto,9356.76,4085957
2022-01-05,MARUTI.NS,Auto,9177.63,9370239
2022-01-06,MARUTI.NS,Auto,9233.57,2995674
2022-01-07,MARUTI.NS,Auto,9128.86,2535505
2022-01-10,MARUTI.NS,Auto,9184.34,6583685
2022-01-11,MARUTI.NS,Auto,9138.84,4346476
2022-01-12,MARUTI.NS,Auto,9293.62,6162610
2022-01-13,MARUTI.NS,Auto,9218.34,2597896
2022-01-14,MARUTI.NS,Auto,9235.04,2586439
2022-01-17,MARUTI.NS,Auto,9390.13,2784344
2022-01-18,MARUTI.NS,Auto,9260.99,1508943
2022-01-19,MARUTI.NS,Auto,9055.41,3324897
2022-01-20,MARUTI.NS,Auto,9133.73,2072680
2022-01-21,MARUTI.NS,Auto,9384.25,4099276
2022-01-24,MARUTI.NS,Auto,9496.92,3860152
2022-01-25,MARUTI.NS,Auto,9247.33,2917987
2022-01-27,MARUTI.NS,Auto,9279.06,4773283
2022-01-28,MARUTI.NS,Auto,9202.35,4221079
2022-01-31,MARUTI.NS,Auto,9279.1,6357524
2022-02-01,MARUTI.NS,Auto,9306.43,7621669
2022-02-02,MARUTI.NS,Auto,9241.12,4182641
2022-02-03,MARUTI.NS,Auto,9237.91,4645014
2022-02-04,MARUTI.NS,Auto,9154.5,4897847
2022-02-07,MARUTI.NS,Auto,9004.52,7837149
2022-02-08,MARUTI.NS,Auto,8926.28,2438257
2022-02-09,MARUTI.NS,Auto,8943.04,3271705
2022-02-10,MARUTI.NS,Auto,9160.73,2463567
2022-02-11,MARUTI.NS,Auto,9233.13,3203382
2022-02-14,MARUTI.NS,Auto,9167.47,3486897
2022-02-15,MARUTI.NS,Auto,9179.13,2937418
2022-02-16,MARUTI.NS,Auto,8869.55,4620680
2022-02-17,MARUTI.NS,Auto,8825.02,4760653
2022-02-18,MARUTI.NS,Auto,8822.65,3981992
2022-02-21,MARUTI.NS,Auto,8755.34,4470356
2022-02-22,MARUTI.NS,Auto,8738.51,7430097
2022-02-23,MARUTI.NS,Auto,8376.59,4528284
2022-02-24,MARUTI.NS,Auto,8155.14,2504127
2022-02-25,MARUTI.NS,Auto,8013.09,3024392
2022-02-28,MARUTI.NS,Auto,7918.98,2945025
2022-03-01,MARUTI.NS,Auto,7528.61,6552725
2022-03-02,MARUTI.NS,Auto,7531.85,3346639
2022-03-03,MARUTI.NS,Auto,7525.52,2784278
2022-03-04,MARUTI.NS,Auto,7437.33,2676072
2022-03-07,MARUTI.NS,Auto,7362.04,3264873
2022-03-09,MARUTI.NS,Auto,7410.58,3219152
2022-03-10,MARUTI.NS,Auto,7493.59,3055804
2022-03-11,MARUTI.NS,Auto,7462.83,5422579
2022-03-14,MARUTI.NS,Auto,7333.56,3603648
2022-03-15,MARUTI.NS,Auto,7388.25,3881194
2022-03-16,MARUTI.NS,Auto,7427.61,5186661
2022-03-17,MARUTI.NS,Auto,7337.49,5324990
2022-03-18,MARUTI.NS,Auto,7463.45,3223186
2022-03-21,MARUTI.NS,Auto,7361.91,6088396
2022-03-22,MARUTI.NS,Auto,7391.69,3959889
2022-03-23,MARUTI.NS,Auto,7423.53,3247341
2022-03-24,MARUTI.NS,Auto,7630.72,5492714
2022-03-25,MARUTI.NS,Auto,7519.05,4580330
2022-03-28,MARUTI.NS,Auto,7537.3,4425114
2022-03-29,MARUTI.NS,Auto,7556.85,3517261
2022-03-30,MARUTI.NS,Auto,7477.47,3990589
2022-03-31,MARUTI.NS,Auto,7414.81,3091736
2022-04-01,MARUTI.NS,Auto,7364.91,3707064
2022-04-04,MARUTI.NS,Auto,7401.49,3446111
2022-04-05,MARUTI.NS,Auto,7249.78,4348498
2022-04-06,MARUTI.NS,Auto,7276.07,6839963
2022-04-07,MARUTI.NS,Auto,7274.8,3754005
2022-04-08,MARUTI.NS,Auto,7279.91,5255566
2022-04-11,MARUTI.NS,Auto,7196.23,4183364
2022-04-12,MARUTI.NS,Auto,7066.71,5966121
2022-04-13,MARUTI.NS,Auto,7122.21,7246839
2022-04-15,MARUTI.NS,Auto,7194.93,3337651
2022-04-18,MARUTI.NS,Auto,7171.7,2196416
2022-04-19,MARUTI.NS,Auto,7444.25,2581324
2022-04-20,MARUTI.NS,Auto,7379.95,5636815
2022-04-21,MARUTI.NS,Auto,7424.77,4463688
2022-04-22,MARUTI.NS,Auto,7427.88,2835934
2022-04-25,MARUTI.NS,Auto,7404.15,6996114
2022-04-26,MARUTI.NS,Auto,7437.2,3571974
2022-04-27,MARUTI.NS,Auto,7457.74,3521462
2022-04-28,MARUTI.NS,Auto,7504.53,3603945
2022-04-29,MARUTI.NS,Auto,7485.05,6217611
2022-05-02,MARUTI.NS,Auto,7413.66,3054438
2022-05-03,MARUTI.NS,Auto,7296.48,6251162
2022-05-04,MARUTI.NS,Auto,7293.74,4862548
2022-05-05,MARUTI.NS,Auto,7356.85,6439487
2022-05-06,MARUTI.NS,Auto,7367.87,5219875
2022-05-09,MARUTI.NS,Auto,7425.24,4516091
2022-05-10,MARUTI.NS,Auto,7490.17,5094704
2022-05-11,MARUTI.NS,Auto,7495.96,4125828
2022-05-12,MARUTI.NS,Auto,7452.22,3119600
2022-05-13,MARUTI.NS,Auto,7224.32,5033219
2022-05-16,MARUTI.NS,Auto,7094.86,3893699
2022-05-17,MARUTI.NS,Auto,7084.48,6212439
2022-05-18,MARUTI.NS,Auto,6973.92,6135896
2022-05-19,MARUTI.NS,Auto,7112.88,4898006
2022-05-20,MARUTI.NS,Auto,7060.96,5649584
2022-05-23,MARUTI.NS,Auto,7034.92,4744996
2022-05-24,MARUTI.NS,Auto,7018.85,4760095
2022-05-25,MARUTI.NS,Auto,7092.9,3199325
2022-05-26,MARUTI.NS,Auto,6918.34,4363454
2022-05-27,MARUTI.NS,Auto,6780.36,4666163
2022-05-30,MARUTI.NS,Auto,6722.43,4541556
2022-05-31,MARUTI.NS,Auto,6657.98,4392990
2022-06-01,MARUTI.NS,Auto,6756.69,4298893
2022-06-02,MARUTI.NS,Auto,6830.11,8272796
2022-06-03,MARUTI.NS,Auto,6707.6,4187143
2022-06-06,MARUTI.NS,Auto,6770.31,5179428
2022-06-07,MARUTI.NS,Auto,6907.44,4037526
2022-06-08,MARUTI.NS,Auto,6798.06,4499849
2022-06-09,MARUTI.NS,Auto,6806.63,2972603
2022-06-10,MARUTI.NS,Auto,6738.09,3271505
2022-06-13,MARUTI.NS,Auto,6641.94,3384504
2022-06-14,MARUTI.NS,Auto,6508.77,2462804
2022-06-15,MARUTI.NS,Auto,6394.03,4195667
2022-06-16,MARUTI.NS,Auto,6373.84,2941047
2022-06-17,MARUTI.NS,Auto,6637.53,2759297
2022-06-20,MARUTI.NS,Auto,6553.4,8546403
2022-06-21,MARUTI.NS,Auto,6544.17,6028702
2022-06-22,MARUTI.NS,Auto,6588.11,8272101
2022-06-23,MARUTI.NS,Auto,6491.42,3946308
2022-06-24,MARUTI.NS,Auto,6474.8,3643135
2022-06-27,MARUTI.NS,Auto,6477.66,4660400
2022-06-28,MARUTI.NS,Auto,6370.62,4644150
2022-06-29,MARUTI.NS,Auto,6289.3,3611392
2022-06-30,MARUTI.NS,Auto,6271.62,3122747
2022-07-01,MARUTI.NS,Auto,6284.89,5020569
2022-07-04,MARUTI.NS,Auto,6310.75,2342765
2022-07-05,MARUTI.NS,Auto,6480.62,5000436
2022-07-06,MARUTI.NS,Auto,6421.26,3672565
2022-07-07,MARUTI.NS,Auto,6348.35,5355156
2022-07-08,MARUTI.NS,Auto,6367.75,5937807
2022-07-11,MARUTI.NS,Auto,6460.93,4984360
2022-07-12,MARUTI.NS,Auto,6333.13,2709691
2022-07-13,MARUTI.NS,Auto,6355.88,2408864
2022-07-14,MARUTI.NS,Auto,6196.47,2343739
2022-07-15,MARUTI.NS,Auto,6109.31,3414017
2022-07-18,MARUTI.NS,Auto,6076.17,2418617
2022-07-19,MARUTI.NS,Auto,5962.26,3970342
2022-07-20,MARUTI.NS,Auto,5903.9,2946452
2022-07-21,MARUTI.NS,Auto,5849.38,3295917
2022-07-22,MARUTI.NS,Auto,5779.04,4008491
2022-07-25,MARUTI.NS,Auto,5863.02,4606727
2022-07-26,MARUTI.NS,Auto,5769.11,3034171
2022-07-27,MARUTI.NS,Auto,5716.99,3453250
2022-07-28,MARUTI.NS,Auto,5630.88,4536348
2022-07-29,MARUTI.NS,Auto,5555.19,3837014
2022-08-01,MARUTI.NS,Auto,5708.56,3797643
2022-08-02,MARUTI.NS,Auto,5650.99,5085265
2022-08-03,MARUTI.NS,Auto,5618.25,2924693
2022-08-04,MARUTI.NS,Auto,5572.23,5350460
2022-08-05,MARUTI.NS,Auto,5502.64,8901591
2022-08-08,MARUTI.NS,Auto,5550.19,4415321
2022-08-09,MARUTI.NS,Auto,5630.76,3420342
2022-08-10,MARUTI.NS,Auto,5696.7,2410130
2022-08-11,MARUTI.NS,Auto,5651.13,3360725
2022-08-12,MARUTI.NS,Auto,5797.46,4539038
2022-08-16,MARUTI.NS,Auto,5657.11,3836748
2022-08-17,MARUTI.NS,Auto,5713.74,3921116
2022-08-18,MARUTI.NS,Auto,5658.9,3844917
2022-08-19,MARUTI.NS,Auto,5763.37,3357834
2022-08-22,MARUTI.NS,Auto,5723.4,3914932
2022-08-23,MARUTI.NS,Auto,5864.72,3009619
2022-08-24,MARUTI.NS,Auto,5659.95,4133565
2022-08-25,MARUTI.NS,Auto,5422.32,4217575
2022-08-26,MARUTI.NS,Auto,5561.21,6512927
2022-08-29,MARUTI.NS,Auto,5790.3,3051412
2022-08-30,MARUTI.NS,Auto,5778.95,5162007
2022-08-31,MARUTI.NS,Auto,5884.52,5370782
2022-09-01,MARUTI.NS,Auto,5870.93,3657971
2022-09-02,MARUTI.NS,Auto,5829.8,3161522
2022-09-05,MARUTI.NS,Auto,6027.95,6374091
2022-09-06,MARUTI.NS,Auto,5949.37,2532614
2022-09-07,MARUTI.NS,Auto,5970.62,3004044
2022-09-08,MARUTI.NS,Auto,6068.17,2743549
2022-09-09,MARUTI.NS,Auto,5970.66,3151994
2022-09-12,MARUTI.NS,Auto,5851.18,3676684
2022-09-13,MARUTI.NS,Auto,5732.88,6710408
2022-09-14,MARUTI.NS,Auto,5694.4,3445549
2022-09-15,MARUTI.NS,Auto,5655.85,8336809
2022-09-16,MARUTI.NS,Auto,5700.39,5471875
2022-09-19,MARUTI.NS,Auto,5732.49,3347160
2022-09-20,MARUTI.NS,Auto,5655.25,3360421
2022-09-21,MARUTI.NS,Auto,5573.55,4276429
2022-09-22,MARUTI.NS,Auto,5740.57,4100877
2022-09-23,MARUTI.NS,Auto,5735.28,2656376
2022-09-26,MARUTI.NS,Auto,5654.71,3092091
2022-09-27,MARUTI.NS,Auto,5695.29,2323392
2022-09-28,MARUTI.NS,Auto,5679.2,7388929
2022-09-29,MARUTI.NS,Auto,5663.22,4192957
2022-09-30,MARUTI.NS,Auto,5664.88,3580164
2022-10-03,MARUTI.NS,Auto,5570.53,3158707
2022-10-04,MARUTI.NS,Auto,5552.2,3284771
2022-10-05,MARUTI.NS,Auto,5576.94,2390067
2022-10-06,MARUTI.NS,Auto,5524.61,4227274
2022-10-07,MARUTI.NS,Auto,5616.56,5239195
2022-10-10,MARUTI.NS,Auto,5625.24,6910740
2022-10-11,MARUTI.NS,Auto,5722.6,5269921
2022-10-12,MARUTI.NS,Auto,5627.11,5188394
2022-10-13,MARUTI.NS,Auto,5736.6,6005220
2022-10-14,MARUTI.NS,Auto,5773.71,3780852
2022-10-17,MARUTI.NS,Auto,5908.43,2496940
2022-10-18,MARUTI.NS,Auto,5865.04,5242383
2022-10-19,MARUTI.NS,Auto,5903.1,3109574
2022-10-20,MARUTI.NS,Auto,5929.13,3868997
2022-10-21,MARUTI.NS,Auto,5834.29,2802432
2022-10-25,MARUTI.NS,Auto,5929.3,5978873
2022-10-26,MARUTI.NS,Auto,5764.77,5376324
2022-10-27,MARUTI.NS,Auto,5737.49,2444094
2022-10-28,MARUTI.NS,Auto,5893.73,4137355
2022-10-31,MARUTI.NS,Auto,5740.52,5747602
2022-11-01,MARUTI.NS,Auto,5669.24,3819581
2022-11-02,MARUTI.NS,Auto,5800.95,3972005
2022-11-03,MARUTI.NS,Auto,5775.96,5600418
2022-11-04,MARUTI.NS,Auto,5728.45,3639475
2022-11-07,MARUTI.NS,Auto,5581.52,3874732
2022-11-08,MARUTI.NS,Auto,5503.57,5256634
2022-11-09,MARUTI.NS,Auto,5408.59,2806821
2022-11-10,MARUTI.NS,Auto,5307.9,3143323
2022-11-11,MARUTI.NS,Auto,5309.78,2193983
2022-11-14,MARUTI.NS,Auto,5286.71,8062650
2022-11-15,MARUTI.NS,Auto,5323.21,4160614
2022-11-16,MARUTI.NS,Auto,5326.38,5766500
2022-11-17,MARUTI.NS,Auto,5385.32,2629985
2022-11-18,MARUTI.NS,Auto,5400.18,6160818
2022-11-21,MARUTI.NS,Auto,5406.79,3601852
2022-11-22,MARUTI.NS,Auto,5294.3,6464916
2022-11-23,MARUTI.NS,Auto,5285.66,3721035
2022-11-24,MARUTI.NS,Auto,5359.15,2732152
2022-11-25,MARUTI.NS,Auto,5354.03,5840562
2022-11-28,MARUTI.NS,Auto,5305.53,4076933
2022-11-29,MARUTI.NS,Auto,5368.97,2648765
2022-11-30,MARUTI.NS,Auto,5276.8,2245097
2022-12-01,MARUTI.NS,Auto,5316.29,4617151
2022-12-02,MARUTI.NS,Auto,5252.24,3954299
2022-12-05,MARUTI.NS,Auto,5153.56,4291208
2022-12-06,MARUTI.NS,Auto,5149.02,4333290
2022-12-07,MARUTI.NS,Auto,5117.97,3798450
2022-12-08,MARUTI.NS,Auto,5165.83,4560613
2022-12-09,MARUTI.NS,Auto,5061.6,5138804
2022-12-12,MARUTI.NS,Auto,5090.2,3790410
2022-12-13,MARUTI.NS,Auto,5096.19,4788522
2022-12-14,MARUTI.NS,Auto,5147.85,4878681
2022-12-15,MARUTI.NS,Auto,5149.08,5806024
2022-12-16,MARUTI.NS,Auto,5108.3,1827819
2022-12-19,MARUTI.NS,Auto,5190.97,3435158
2022-12-20,MARUTI.NS,Auto,5037.1,4842057
2022-12-21,MARUTI.NS,Auto,4956.33,8314259
2022-12-22,MARUTI.NS,Auto,5030.98,6037072
2022-12-23,MARUTI.NS,Auto,4924.16,6082183
2022-12-26,MARUTI.NS,Auto,4894.03,10120500
2022-12-27,MARUTI.NS,Auto,4842.24,3875498
2022-12-28,MARUTI.NS,Auto,4810.02,8243416
2022-12-29,MARUTI.NS,Auto,4841.13,5071274
2022-12-30,MARUTI.NS,Auto,4867.25,2833395
2023-01-02,MARUTI.NS,Auto,4879.19,2194534
2023-01-03,MARUTI.NS,Auto,4975.31,3688363
2023-01-04,MARUTI.NS,Auto,5157.49,5032697
2023-01-05,MARUTI.NS,Auto,5204.59,3638758
2023-01-06,MARUTI.NS,Auto,5143.36,4160715
2023-01-09,MARUTI.NS,Auto,5039.65,7810306
2023-01-10,MARUTI.NS,Auto,5031.52,4057175
2023-01-11,MARUTI.NS,Auto,5008.49,7940962
2023-01-12,MARUTI.NS,Auto,5082.79,5234576
2023-01-13,MARUTI.NS,Auto,5022.74,5797802
2023-01-16,MARUTI.NS,Auto,5068.05,3690271
2023-01-17,MARUTI.NS,Auto,5039.48,3891325
2023-01-18,MARUTI.NS,Auto,5126.73,4016765
2023-01-19,MARUTI.NS,Auto,5082.78,3872119
2023-01-20,MARUTI.NS,Auto,5094.37,5014145
2023-01-23,MARUTI.NS,Auto,5002.52,6273075
2023-01-24,MARUTI.NS,Auto,5116.36,9453736
2023-01-25,MARUTI.NS,Auto,5059.58,3126318
2023-01-27,MARUTI.NS,Auto,5112.25,3990802
2023-01-30,MARUTI.NS,Auto,5104.9,5655683
2023-01-31,MARUTI.NS,Auto,5120.26,4079653
2023-02-01,MARUTI.NS,Auto,5119.41,2537015
2023-02-02,MARUTI.NS,Auto,5115.49,5273466
2023-02-03,MARUTI.NS,Auto,5108.47,3014364
2023-02-06,MARUTI.NS,Auto,5067.94,4276590
2023-02-07,MARUTI.NS,Auto,5044.45,7291514
2023-02-08,MARUTI.NS,Auto,5021.07,5111387
2023-02-09,MARUTI.NS,Auto,5005.5,4978590
2023-02-10,MARUTI.NS,Auto,5089.39,6732943
2023-02-13,MARUTI.NS,Auto,5171.14,3822880
2023-02-14,MARUTI.NS,Auto,5121.55,4500963
2023-02-15,MARUTI.NS,Auto,5121.06,3751512
2023-02-16,MARUTI.NS,Auto,5109.03,5256724
2023-02-17,MARUTI.NS,Auto,5048.11,2505409
2023-02-20,MARUTI.NS,Auto,5220.29,2926686
2023-02-21,MARUTI.NS,Auto,5112.86,4039179
2023-02-22,MARUTI.NS,Auto,5016.85,4931513
2023-02-23,MARUTI.NS,Auto,5102.0,7774203
2023-02-24,MARUTI.NS,Auto,5153.32,2920461
2023-02-27,MARUTI.NS,Auto,5191.69,3903899
2023-02-28,MARUTI.NS,Auto,5407.13,4366070
2023-03-01,MARUTI.NS,Auto,5455.61,2669869
2023-03-02,MARUTI.NS,Auto,5516.19,3072161
2023-03-03,MARUTI.NS,Auto,5478.85,2129924
2023-03-06,MARUTI.NS,Auto,5430.15,4847097
2023-03-07,MARUTI.NS,Auto,5403.55,3012559
2023-03-09,MARUTI.NS,Auto,5553.68,6135399
2023-03-10,MARUTI.NS,Auto,5580.55,4622957
2023-03-13,MARUTI.NS,Auto,5693.97,3732785
2023-03-14,MARUTI.NS,Auto,5694.44,3070629
2023-03-15,MARUTI.NS,Auto,5697.31,4567186
2023-03-16,MARUTI.NS,Auto,5794.94,3652474
2023-03-17,MARUTI.NS,Auto,5775.53,4822357
2023-03-20,MARUTI.NS,Auto,5892.79,5981478
2023-03-21,MARUTI.NS,Auto,5821.3,3061090
2023-03-22,MARUTI.NS,Auto,5908.71,3430833
2023-03-23,MARUTI.NS,Auto,5947.49,6247993
2023-03-24,MARUTI.NS,Auto,5997.83,6496046
2023-03-27,MARUTI.NS,Auto,5771.91,2848215
2023-03-28,MARUTI.NS,Auto,5802.87,2976728
2023-03-29,MARUTI.NS,Auto,5664.01,2965684
2023-03-30,MARUTI.NS,Auto,5723.81,4339352
2023-03-31,MARUTI.NS,Auto,5726.99,2453519
2023-04-03,MARUTI.NS,Auto,5666.7,4039956
2023-04-04,MARUTI.NS,Auto,5771.2,3937151
2023-04-05,MARUTI.NS,Auto,5715.58,3220379
2023-04-06,MARUTI.NS,Auto,5776.73,4120511
2023-04-07,MARUTI.NS,Auto,5849.04,4118155
2023-04-10,MARUTI.NS,Auto,5839.64,3523637
2023-04-11,MARUTI.NS,Auto,5945.16,7191356
2023-04-12,MARUTI.NS,Auto,6031.2,3461990
2023-04-13,MARUTI.NS,Auto,6081.92,4052034
2023-04-17,MARUTI.NS,Auto,6117.22,3233989
2023-04-18,MARUTI.NS,Auto,6086.31,5606956
2023-04-19,MARUTI.NS,Auto,6081.79,2684712
2023-04-20,MARUTI.NS,Auto,6151.42,4205887
2023-04-21,MARUTI.NS,Auto,6327.56,2906750
2023-04-24,MARUTI.NS,Auto,6415.13,2190823
2023-04-25,MARUTI.NS,Auto,6445.48,3158939
2023-04-26,MARUTI.NS,Auto,6400.57,3197045
2023-04-27,MARUTI.NS,Auto,6525.33,4819024
2023-04-28,MARUTI.NS,Auto,6468.69,2969574
2023-05-02,MARUTI.NS,Auto,6432.66,1931502
2023-05-03,MARUTI.NS,Auto,6506.39,1991000
2023-05-04,MARUTI.NS,Auto,6552.36,4226729
2023-05-05,MARUTI.NS,Auto,6401.16,4703182
2023-05-08,MARUTI.NS,Auto,6483.96,4245846
2023-05-09,MARUTI.NS,Auto,6641.4,3440591
2023-05-10,MARUTI.NS,Auto,6682.13,4460379
2023-05-11,MARUTI.NS,Auto,6686.21,2091268
2023-05-12,MARUTI.NS,Auto,6808.15,1973486
2023-05-15,MARUTI.NS,Auto,6956.74,2397149
2023-05-16,MARUTI.NS,Auto,6935.67,3748647
2023-05-17,MARUTI.NS,Auto,6991.2,5248854
2023-05-18,MARUTI.NS,Auto,7138.5,2806952
2023-05-19,MARUTI.NS,Auto,7278.78,2920117
2023-05-22,MARUTI.NS,Auto,7314.02,4980233
2023-05-23,MARUTI.NS,Auto,7282.56,3449555
2023-05-24,MARUTI.NS,Auto,7168.16,4253808
2023-05-25,MARUTI.NS,Auto,7175.8,4133260
2023-05-26,MARUTI.NS,Auto,7203.97,2581367
2023-05-29,MARUTI.NS,Auto,7140.91,7480862
2023-05-30,MARUTI.NS,Auto,6954.18,2930516
2023-05-31,MARUTI.NS,Auto,6993.55,7758990
2023-06-01,MARUTI.NS,Auto,6941.12,4834253
2023-06-02,MARUTI.NS,Auto,7059.93,4392620
2023-06-05,MARUTI.NS,Auto,7133.5,2370050
2023-06-06,MARUTI.NS,Auto,7261.58,4500681
2023-06-07,MARUTI.NS,Auto,7201.96,3881627
2023-06-08,MARUTI.NS,Auto,7230.21,3687497
2023-06-09,MARUTI.NS,Auto,7189.99,2531136
2023-06-12,MARUTI.NS,Auto,7159.94,5425071
2023-06-13,MARUTI.NS,Auto,7318.16,5511744
2023-06-14,MARUTI.NS,Auto,7339.32,2193501
2023-06-15,MARUTI.NS,Auto,7381.25,3236536
2023-06-16,MARUTI.NS,Auto,7553.98,3611390
2023-06-19,MARUTI.NS,Auto,7359.93,4496782
2023-06-20,MARUTI.NS,Auto,7468.78,4198058
2023-06-21,MARUTI.NS,Auto,7484.69,3894003
2023-06-22,MARUTI.NS,Auto,7705.85,4732859
2023-06-23,MARUTI.NS,Auto,7717.7,7674510
2023-06-26,MARUTI.NS,Auto,7627.55,3600838
2023-06-27,MARUTI.NS,Auto,7570.26,5730490
2023-06-28,MARUTI.NS,Auto,7351.33,7375245
2023-06-29,MARUTI.NS,Auto,7511.02,6815228
2023-06-30,MARUTI.NS,Auto,7470.91,5027258
2023-07-03,MARUTI.NS,Auto,7651.97,5020412
2023-07-04,MARUTI.NS,Auto,7780.81,4641522
2023-07-05,MARUTI.NS,Auto,7717.28,7217175
2023-07-06,MARUTI.NS,Auto,7586.05,3487012
2023-07-07,MARUTI.NS,Auto,7670.46,3502354
2023-07-10,MARUTI.NS,Auto,7609.26,3170325
2023-07-11,MARUTI.NS,Auto,7562.46,9377889
2023-07-12,MARUTI.NS,Auto,7579.8,6831478
2023-07-13,MARUTI.NS,Auto,7377.76,3232667
2023-07-14,MARUTI.NS,Auto,7370.31,2619210
2023-07-17,MARUTI.NS,Auto,7489.11,3724876
2023-07-18,MARUTI.NS,Auto,7313.51,4093009
2023-07-19,MARUTI.NS,Auto,7500.77,4365351
2023-07-20,MARUTI.NS,Auto,7427.91,2330133
2023-07-21,MARUTI.NS,Auto,7313.17,3082387
2023-07-24,MARUTI.NS,Auto,7408.31,6109553
2023-07-25,MARUTI.NS,Auto,7438.51,4946826
2023-07-26,MARUTI.NS,Auto,7535.16,3126641
2023-07-27,MARUTI.NS,Auto,7526.46,5601695
2023-07-28,MARUTI.NS,Auto,7587.32,5621629
2023-07-31,MARUTI.NS,Auto,7680.07,8695406
2023-08-01,MARUTI.NS,Auto,7745.09,3702005
2023-08-02,MARUTI.NS,Auto,7711.36,3153899
2023-08-03,MARUTI.NS,Auto,7574.96,3790064
2023-08-04,MARUTI.NS,Auto,7611.9,5521523
2023-08-07,MARUTI.NS,Auto,7611.78,2574511
2023-08-08,MARUTI.NS,Auto,7729.46,3998504
2023-08-09,MARUTI.NS,Auto,7805.74,4047410
2023-08-10,MARUTI.NS,Auto,7976.26,6356784
2023-08-11,MARUTI.NS,Auto,7934.52,3308225
2023-08-14,MARUTI.NS,Auto,8242.03,3792733
2023-08-16,MARUTI.NS,Auto,8150.2,4794308
2023-08-17,MARUTI.NS,Auto,8290.93,3219503
2023-08-18,MARUTI.NS,Auto,8349.26,3021280
2023-08-21,MARUTI.NS,Auto,7970.26,7689722
2023-08-22,MARUTI.NS,Auto,7853.99,4853082
2023-08-23,MARUTI.NS,Auto,7785.27,6110003
2023-08-24,MARUTI.NS,Auto,7848.63,5148459
2023-08-25,MARUTI.NS,Auto,7713.51,3832296
2023-08-28,MARUTI.NS,Auto,7516.3,3230236
2023-08-29,MARUTI.NS,Auto,7488.33,3276845
2023-08-30,MARUTI.NS,Auto,7294.51,3087508
2023-08-31,MARUTI.NS,Auto,7139.14,3092626
2023-09-01,MARUTI.NS,Auto,7067.29,3038787
2023-09-04,MARUTI.NS,Auto,7046.73,5247107
2023-09-05,MARUTI.NS,Auto,6990.47,2852798
2023-09-06,MARUTI.NS,Auto,6906.2,6501463
2023-09-07,MARUTI.NS,Auto,6844.75,5198478
2023-09-08,MARUTI.NS,Auto,6865.31,5053010
2023-09-11,MARUTI.NS,Auto,6684.81,4339778
2023-09-12,MARUTI.NS,Auto,6682.71,4619591
2023-09-13,MARUTI.NS,Auto,6522.08,3443418
2023-09-14,MARUTI.NS,Auto,6513.25,2972330
2023-09-15,MARUTI.NS,Auto,6502.31,3417146
2023-09-18,MARUTI.NS,Auto,6355.79,2522870
2023-09-19,MARUTI.NS,Auto,6305.63,4687434
2023-09-20,MARUTI.NS,Auto,6188.21,2815001
2023-09-21,MARUTI.NS,Auto,6403.19,5015982
2023-09-22,MARUTI.NS,Auto,6510.3,5065740
2023-09-25,MARUTI.NS,Auto,6589.77,4372829
2023-09-26,MARUTI.NS,Auto,6514.34,3344167
2023-09-27,MARUTI.NS,Auto,6380.2,2969675
2023-09-28,MARUTI.NS,Auto,6349.87,3097072
2023-09-29,MARUTI.NS,Auto,6198.62,2889323
2023-10-03,MARUTI.NS,Auto,6193.19,3976568
2023-10-04,MARUTI.NS,Auto,6199.84,3842217
2023-10-05,MARUTI.NS,Auto,6209.3,7781283
2023-10-06,MARUTI.NS,Auto,6243.8,7650474
2023-10-09,MARUTI.NS,Auto,6152.14,6813770
2023-10-10,MARUTI.NS,Auto,6077.45,3723762
2023-10-11,MARUTI.NS,Auto,6149.57,2433478
2023-10-12,MARUTI.NS,Auto,6308.19,4259030
2023-10-13,MARUTI.NS,Auto,6318.4,3661616
2023-10-16,MARUTI.NS,Auto,6318.2,4046738
2023-10-17,MARUTI.NS,Auto,6452.25,4644305
2023-10-18,MARUTI.NS,Auto,6387.21,5107623
2023-10-19,MARUTI.NS,Auto,6270.36,2142900
2023-10-20,MARUTI.NS,Auto,6385.4,6283392
2023-10-23,MARUTI.NS,Auto,6429.98,5582683
2023-10-24,MARUTI.NS,Auto,6519.6,3266536
2023-10-25,MARUTI.NS,Auto,6574.58,5451226
2023-10-26,MARUTI.NS,Auto,6481.38,3656058
2023-10-27,MARUTI.NS,Auto,6369.05,4041882
2023-10-30,MARUTI.NS,Auto,6504.81,3792303
2023-10-31,MARUTI.NS,Auto,6485.11,3099139
2023-11-01,MARUTI.NS,Auto,6494.63,2573258
2023-11-02,MARUTI.NS,Auto,6652.02,10394020
2023-11-03,MARUTI.NS,Auto,6633.08,4975152
2023-11-06,MARUTI.NS,Auto,6588.08,4191140
2023-11-07,MARUTI.NS,Auto,6711.03,7529976
2023-11-08,MARUTI.NS,Auto,6595.6,2216587
2023-11-09,MARUTI.NS,Auto,6703.5,3664413
2023-11-10,MARUTI.NS,Auto,6742.02,3217936
2023-11-13,MARUTI.NS,Auto,6620.45,3359792
2023-11-14,MARUTI.NS,Auto,6629.64,4036116
2023-11-15,MARUTI.NS,Auto,6692.71,3425379
2023-11-16,MARUTI.NS,Auto,6664.92,2141288
2023-11-17,MARUTI.NS,Auto,6455.87,2798913
2023-11-20,MARUTI.NS,Auto,6634.85,2893098
2023-11-21,MARUTI.NS,Auto,6711.49,3417673
2023-11-22,MARUTI.NS,Auto,6770.55,2859738
2023-11-23,MARUTI.NS,Auto,6791.8,3751882
2023-11-24,MARUTI.NS,Auto,6957.13,3792659
2023-11-27,MARUTI.NS,Auto,6936.31,1878356
2023-11-28,MARUTI.NS,Auto,7070.88,2742723
2023-11-29,MARUTI.NS,Auto,6947.94,4306974
2023-11-30,MARUTI.NS,Auto,7076.62,3840597
2023-12-01,MARUTI.NS,Auto,7116.91,2158206
2023-12-04,MARUTI.NS,Auto,7105.89,5292171
2023-12-05,MARUTI.NS,Auto,6963.57,4937975
2023-12-06,MARUTI.NS,Auto,7056.97,9024036
2023-12-07,MARUTI.NS,Auto,6975.86,7401511
2023-12-08,MARUTI.NS,Auto,7048.34,2962211
2023-12-11,MARUTI.NS,Auto,7026.89,3818494
2023-12-12,MARUTI.NS,Auto,7008.81,4037311
2023-12-13,MARUTI.NS,Auto,6929.61,6239174
2023-12-14,MARUTI.NS,Auto,6897.15,3612665
2023-12-15,MARUTI.NS,Auto,6917.1,6394924
2023-12-18,MARUTI.NS,Auto,6859.2,4409617
2023-12-19,MARUTI.NS,Auto,6911.02,3019365
2023-12-20,MARUTI.NS,Auto,6835.05,2642752
2023-12-21,MARUTI.NS,Auto,6723.53,5700928
2023-12-22,MARUTI.NS,Auto,6645.97,5602298
2023-12-26,MARUTI.NS,Auto,6586.7,5855215
2023-12-27,MARUTI.NS,Auto,6503.9,1617708
2023-12-28,MARUTI.NS,Auto,6538.13,3814999
2023-12-29,MARUTI.NS,Auto,6610.57,6191589
2024-01-01,MARUTI.NS,Auto,6584.64,2420084
2024-01-02,MARUTI.NS,Auto,6548.91,4871761
2024-01-03,MARUTI.NS,Auto,6532.61,3289468
2024-01-04,MARUTI.NS,Auto,6537.51,2872105
2024-01-05,MARUTI.NS,Auto,6713.86,3095748
2024-01-08,MARUTI.NS,Auto,6680.45,6941289
2024-01-09,MARUTI.NS,Auto,6568.89,5462686
2024-01-10,MARUTI.NS,Auto,6553.15,3832097
2024-01-11,MARUTI.NS,Auto,6510.44,8625807
2024-01-12,MARUTI.NS,Auto,6543.43,2132769
2024-01-15,MARUTI.NS,Auto,6470.16,3191672
2024-01-16,MARUTI.NS,Auto,6528.62,6989863
2024-01-17,MARUTI.NS,Auto,6551.39,3749288
2024-01-18,MARUTI.NS,Auto,6554.55,3713283
2024-01-19,MARUTI.NS,Auto,6684.16,3827078
2024-01-22,MARUTI.NS,Auto,6807.15,3401770
2024-01-23,MARUTI.NS,Auto,6746.54,5525936
2024-01-24,MARUTI.NS,Auto,6824.09,2990639
2024-01-25,MARUTI.NS,Auto,6904.92,10232668
2024-01-29,MARUTI.NS,Auto,6689.62,2433714
2024-01-30,MARUTI.NS,Auto,6582.14,7218674
2024-01-31,MARUTI.NS,Auto,6567.0,5330072
2024-02-01,MARUTI.NS,Auto,6634.31,3144536
2024-02-02,MARUTI.NS,Auto,6720.03,4368740
2024-02-05,MARUTI.NS,Auto,6752.51,5366186
2024-02-06,MARUTI.NS,Auto,6849.04,4970972
2024-02-07,MARUTI.NS,Auto,6769.6,2052353
2024-02-08,MARUTI.NS,Auto,6680.71,4570886
2024-02-09,MARUTI.NS,Auto,6589.94,2456094
2024-02-12,MARUTI.NS,Auto,6566.61,5762338
2024-02-13,MARUTI.NS,Auto,6693.46,5806408
2024-02-14,MARUTI.NS,Auto,6697.73,2472524
2024-02-15,MARUTI.NS,Auto,6802.66,1999290
2024-02-16,MARUTI.NS,Auto,6844.24,3588598
2024-02-19,MARUTI.NS,Auto,6717.65,3669404
2024-02-20,MARUTI.NS,Auto,6630.9,4003719
2024-02-21,MARUTI.NS,Auto,6695.72,4627034
2024-02-22,MARUTI.NS,Auto,6719.25,3782105
2024-02-23,MARUTI.NS,Auto,6790.46,4140489
2024-02-26,MARUTI.NS,Auto,6667.1,2982536
2024-02-27,MARUTI.NS,Auto,6598.77,2786758
2024-02-28,MARUTI.NS,Auto,6655.75,4931963
2024-02-29,MARUTI.NS,Auto,6572.35,4789444
2024-03-01,MARUTI.NS,Auto,6587.53,3522869
2024-03-04,MARUTI.NS,Auto,6572.45,2762164
2024-03-05,MARUTI.NS,Auto,6492.43,6874393
2024-03-06,MARUTI.NS,Auto,6445.36,7266043
2024-03-07,MARUTI.NS,Auto,6446.38,5949131
2024-03-11,MARUTI.NS,Auto,6350.68,4983007
2024-03-12,MARUTI.NS,Auto,6361.48,2726753
2024-03-13,MARUTI.NS,Auto,6543.67,6251920
2024-03-14,MARUTI.NS,Auto,6561.87,4889160
2024-03-15,MARUTI.NS,Auto,6633.0,2789780
2024-03-18,MARUTI.NS,Auto,6587.86,5111135
2024-03-19,MARUTI.NS,Auto,6672.64,3339479
2024-03-20,MARUTI.NS,Auto,6672.95,5336846
2024-03-21,MARUTI.NS,Auto,6736.11,5959755
2024-03-22,MARUTI.NS,Auto,6761.37,4789552
2024-03-25,MARUTI.NS,Auto,6735.68,2981077
2024-03-26,MARUTI.NS,Auto,6696.63,4956753
2024-03-27,MARUTI.NS,Auto,6765.03,4859848
2024-03-28,MARUTI.NS,Auto,6691.96,3123588
2024-03-29,MARUTI.NS,Auto,6655.06,3543549
2024-04-01,MARUTI.NS,Auto,6630.45,7777413
2024-04-02,MARUTI.NS,Auto,6673.76,7129209
2024-04-03,MARUTI.NS,Auto,6504.49,3296551
2024-04-04,MARUTI.NS,Auto,6597.58,1967829
2024-04-05,MARUTI.NS,Auto,6868.68,6708264
2024-04-08,MARUTI.NS,Auto,6791.95,8385771
2024-04-09,MARUTI.NS,Auto,6709.48,6925983
2024-04-10,MARUTI.NS,Auto,6752.66,3526660
2024-04-11,MARUTI.NS,Auto,6648.38,5049145
2024-04-12,MARUTI.NS,Auto,6592.9,2888796
2024-04-15,MARUTI.NS,Auto,6629.0,5829169
2024-04-16,MARUTI.NS,Auto,6492.38,3256641
2024-04-17,MARUTI.NS,Auto,6449.16,3196811
2024-04-18,MARUTI.NS,Auto,6299.84,3875262
2024-04-19,MARUTI.NS,Auto,6190.05,3281855
2024-04-22,MARUTI.NS,Auto,6166.31,5163919
2024-04-23,MARUTI.NS,Auto,6279.67,2961117
2024-04-24,MARUTI.NS,Auto,6333.38,9875576
2024-04-25,MARUTI.NS,Auto,6331.88,4841253
2024-04-26,MARUTI.NS,Auto,6634.3,3532650
2024-04-29,MARUTI.NS,Auto,6481.71,2836761
2024-04-30,MARUTI.NS,Auto,6539.66,3581597
2024-05-02,MARUTI.NS,Auto,6731.79,3712158
2024-05-03,MARUTI.NS,Auto,6611.27,3631019
2024-05-06,MARUTI.NS,Auto,6639.67,3357434
2024-05-07,MARUTI.NS,Auto,6566.02,2993576
2024-05-08,MARUTI.NS,Auto,6595.47,5484348
2024-05-09,MARUTI.NS,Auto,6617.19,6547302
2024-05-10,MARUTI.NS,Auto,6426.98,2952749
2024-05-13,MARUTI.NS,Auto,6366.43,3924296
2024-05-14,MARUTI.NS,Auto,6446.35,2127113
2024-05-15,MARUTI.NS,Auto,6322.33,3298563
2024-05-16,MARUTI.NS,Auto,6318.14,7954542
2024-05-17,MARUTI.NS,Auto,6233.91,6076522
2024-05-20,MARUTI.NS,Auto,6103.75,4958445
2024-05-21,MARUTI.NS,Auto,6135.23,2663913
2024-05-22,MARUTI.NS,Auto,6107.42,3128534
2024-05-23,MARUTI.NS,Auto,6013.67,3333113
2024-05-24,MARUTI.NS,Auto,6045.59,5708999
2024-05-27,MARUTI.NS,Auto,6061.74,6295972
2024-05-28,MARUTI.NS,Auto,5957.51,4004950
2024-05-29,MARUTI.NS,Auto,5939.38,5488145
2024-05-30,MARUTI.NS,Auto,6011.71,3096190
2024-05-31,MARUTI.NS,Auto,5982.39,4482792
2024-06-03,MARUTI.NS,Auto,6083.46,5785294
2024-06-04,MARUTI.NS,Auto,6036.83,7004886
2024-06-05,MARUTI.NS,Auto,6119.51,2671328
2024-06-06,MARUTI.NS,Auto,6170.04,6663551
2024-06-07,MARUTI.NS,Auto,6195.33,9328618
2024-06-10,MARUTI.NS,Auto,6278.06,2442194
2024-06-11,MARUTI.NS,Auto,6402.06,2306634
2024-06-12,MARUTI.NS,Auto,6551.87,7107618
2024-06-13,MARUTI.NS,Auto,6439.38,3528355
2024-06-14,MARUTI.NS,Auto,6524.23,3785630
2024-06-17,MARUTI.NS,Auto,6578.48,6199988
2024-06-18,MARUTI.NS,Auto,6329.8,3003561
2024-06-19,MARUTI.NS,Auto,6384.51,4504438
2024-06-20,MARUTI.NS,Auto,6455.0,2545987
2024-06-21,MARUTI.NS,Auto,6483.07,5571850
2024-06-24,MARUTI.NS,Auto,6449.82,5561704
2024-06-25,MARUTI.NS,Auto,6402.15,4374670
2024-06-26,MARUTI.NS,Auto,6350.93,4138834
2024-06-27,MARUTI.NS,Auto,6381.9,4100136
2024-06-28,MARUTI.NS,Auto,6360.71,3881086
2024-07-01,MARUTI.NS,Auto,6271.19,4015791
2024-07-02,MARUTI.NS,Auto,6225.4,5591613
2024-07-03,MARUTI.NS,Auto,6163.37,2205884
2024-07-04,MARUTI.NS,Auto,6191.87,7831431
2024-07-05,MARUTI.NS,Auto,6230.27,4400413
2024-07-08,MARUTI.NS,Auto,6239.81,9063162
2024-07-09,MARUTI.NS,Auto,6173.92,4499410
2024-07-10,MARUTI.NS,Auto,6084.59,4135627
2024-07-11,MARUTI.NS,Auto,6083.69,5130403
2024-07-12,MARUTI.NS,Auto,6056.3,2660777
2024-07-15,MARUTI.NS,Auto,6062.45,2834985
2024-07-16,MARUTI.NS,Auto,6062.42,3840368
2024-07-17,MARUTI.NS,Auto,6067.72,4230029
2024-07-18,MARUTI.NS,Auto,5921.08,5910867
2024-07-19,MARUTI.NS,Auto,5879.51,4232915
2024-07-22,MARUTI.NS,Auto,5892.16,6847903
2024-07-23,MARUTI.NS,Auto,5806.41,1614218
2024-07-24,MARUTI.NS,Auto,5760.65,7755090
2024-07-25,MARUTI.NS,Auto,5773.97,3568003
2024-07-26,MARUTI.NS,Auto,5676.72,5230865
2024-07-29,MARUTI.NS,Auto,5475.34,6268270
2024-07-30,MARUTI.NS,Auto,5610.4,2598581
2024-07-31,MARUTI.NS,Auto,5588.03,6830275
2024-08-01,MARUTI.NS,Auto,5481.92,5361811
2024-08-02,MARUTI.NS,Auto,5472.92,7665161
2024-08-05,MARUTI.NS,Auto,5463.55,4231040
2024-08-06,MARUTI.NS,Auto,5426.3,4113821
2024-08-07,MARUTI.NS,Auto,5436.18,3177024
2024-08-08,MARUTI.NS,Auto,5343.72,3218196
2024-08-09,MARUTI.NS,Auto,5296.71,4026604
2024-08-12,MARUTI.NS,Auto,5229.87,5051900
2024-08-13,MARUTI.NS,Auto,5248.93,5356505
2024-08-14,MARUTI.NS,Auto,5311.67,2891434
2024-08-16,MARUTI.NS,Auto,5298.22,3974293
2024-08-19,MARUTI.NS,Auto,5384.6,4455864
2024-08-20,MARUTI.NS,Auto,5325.47,1937129
2024-08-21,MARUTI.NS,Auto,5353.23,5562066
2024-08-22,MARUTI.NS,Auto,5411.71,3756270
2024-08-23,MARUTI.NS,Auto,5321.99,4132033
2024-08-26,MARUTI.NS,Auto,5294.66,6844047
2024-08-27,MARUTI.NS,Auto,5329.45,2901381
2024-08-28,MARUTI.NS,Auto,5337.1,3029902
2024-08-29,MARUTI.NS,Auto,5446.53,1843977
2024-08-30,MARUTI.NS,Auto,5439.66,3996851
2024-09-02,MARUTI.NS,Auto,5430.44,6006023
2024-09-03,MARUTI.NS,Auto,5562.64,1956208
2024-09-04,MARUTI.NS,Auto,5460.97,2848389
2024-09-05,MARUTI.NS,Auto,5476.05,4330935
2024-09-06,MARUTI.NS,Auto,5437.11,3478126
2024-09-09,MARUTI.NS,Auto,5520.22,3489548
2024-09-10,MARUTI.NS,Auto,5502.61,4313373
2024-09-11,MARUTI.NS,Auto,5529.35,7773344
2024-09-12,MARUTI.NS,Auto,5487.75,4147397
2024-09-13,MARUTI.NS,Auto,5586.19,4446138
2024-09-16,MARUTI.NS,Auto,5548.2,4838458
2024-09-17,MARUTI.NS,Auto,5555.65,2067224
2024-09-18,MARUTI.NS,Auto,5700.39,4579581
2024-09-19,MARUTI.NS,Auto,5755.34,2383034
2024-09-20,MARUTI.NS,Auto,5668.36,4127370
2024-09-23,MARUTI.NS,Auto,5573.92,5995051
2024-09-24,MARUTI.NS,Auto,5612.85,3532617
2024-09-25,MARUTI.NS,Auto,5553.91,5952735
2024-09-26,MARUTI.NS,Auto,5662.9,2233245
2024-09-27,MARUTI.NS,Auto,5643.46,4502880
2024-09-30,MARUTI.NS,Auto,5793.88,4527845
2024-10-01,MARUTI.NS,Auto,5878.53,1590467
2024-10-03,MARUTI.NS,Auto,5894.51,4890307
2024-10-04,MARUTI.NS,Auto,5901.0,1436762
2024-10-07,MARUTI.NS,Auto,5839.97,4335212
2024-10-08,MARUTI.NS,Auto,5830.11,4772803
2024-10-09,MARUTI.NS,Auto,5753.55,3515243
2024-10-10,MARUTI.NS,Auto,5685.61,4326806
2024-10-11,MARUTI.NS,Auto,5667.65,9014247
2024-10-14,MARUTI.NS,Auto,5754.89,3367585
2024-10-15,MARUTI.NS,Auto,5606.66,2708202
2024-10-16,MARUTI.NS,Auto,5608.72,8334473
2024-10-17,MARUTI.NS,Auto,5555.44,4362057
2024-10-18,MARUTI.NS,Auto,5670.7,6107718
2024-10-21,MARUTI.NS,Auto,5539.34,2291627
2024-10-22,MARUTI.NS,Auto,5600.13,1708555
2024-10-23,MARUTI.NS,Auto,5621.96,2982359
2024-10-24,MARUTI.NS,Auto,5470.06,3795420
2024-10-25,MARUTI.NS,Auto,5514.28,3361967
2024-10-28,MARUTI.NS,Auto,5551.97,3359783
2024-10-29,MARUTI.NS,Auto,5394.23,2095072
2024-10-30,MARUTI.NS,Auto,5382.69,4356665
2024-10-31,MARUTI.NS,Auto,5504.75,3678012
2024-11-04,MARUTI.NS,Auto,5537.96,1864960
2024-11-05,MARUTI.NS,Auto,5465.08,3614871
2024-11-06,MARUTI.NS,Auto,5492.04,3844072
2024-11-07,MARUTI.NS,Auto,5456.31,5835102
2024-11-08,MARUTI.NS,Auto,5524.45,3335947
2024-11-11,MARUTI.NS,Auto,5533.5,5657565
2024-11-12,MARUTI.NS,Auto,5699.21,5439699
2024-11-13,MARUTI.NS,Auto,5692.21,3017008
2024-11-14,MARUTI.NS,Auto,5660.62,5094327
2024-11-15,MARUTI.NS,Auto,5632.87,6000794
2024-11-18,MARUTI.NS,Auto,5758.65,5896302
2024-11-19,MARUTI.NS,Auto,5797.75,4545126
2024-11-20,MARUTI.NS,Auto,5719.1,3868209
2024-11-21,MARUTI.NS,Auto,5773.49,2487797
2024-11-22,MARUTI.NS,Auto,5815.6,6078152
2024-11-25,MARUTI.NS,Auto,5774.66,2403305
2024-11-26,MARUTI.NS,Auto,5698.98,3783397
2024-11-27,MARUTI.NS,Auto,5590.96,5860034
2024-11-28,MARUTI.NS,Auto,5451.05,2823522
2024-11-29,MARUTI.NS,Auto,5420.19,3993526
2024-12-02,MARUTI.NS,Auto,5321.34,2304141
2024-12-03,MARUTI.NS,Auto,5247.35,3524189
2024-12-04,MARUTI.NS,Auto,5191.2,2820514
2024-12-05,MARUTI.NS,Auto,5242.48,3037221
2024-12-06,MARUTI.NS,Auto,5125.78,4885897
2024-12-09,MARUTI.NS,Auto,5235.83,5040921
2024-12-10,MARUTI.NS,Auto,5361.34,3272375
2024-12-11,MARUTI.NS,Auto,5424.94,4404659
2024-12-12,MARUTI.NS,Auto,5467.42,3407189
2024-12-13,MARUTI.NS,Auto,5390.81,3535398
2024-12-16,MARUTI.NS,Auto,5341.46,2671006
2024-12-17,MARUTI.NS,Auto,5397.49,3335123
2024-12-18,MARUTI.NS,Auto,5333.01,2008159
2024-12-19,MARUTI.NS,Auto,5330.82,8366918
2024-12-20,MARUTI.NS,Auto,5573.16,6097115
2024-12-23,MARUTI.NS,Auto,5582.7,9435894
2024-12-24,MARUTI.NS,Auto,5770.83,5950129
2024-12-26,MARUTI.NS,Auto,5923.25,4461043
2024-12-27,MARUTI.NS,Auto,5871.61,1863184
2024-12-30,MARUTI.NS,Auto,5851.95,5764150
2024-12-31,MARUTI.NS,Auto,5769.1,6427614
2025-01-01,MARUTI.NS,Auto,5815.17,2692788
2025-01-02,MARUTI.NS,Auto,5875.07,4878229
2025-01-03,MARUTI.NS,Auto,6011.77,4232106
2025-01-06,MARUTI.NS,Auto,6081.05,3914811
2025-01-07,MARUTI.NS,Auto,6140.18,4863942
2025-01-08,MARUTI.NS,Auto,6123.98,4724895
2025-01-09,MARUTI.NS,Auto,6048.57,2832512
2025-01-10,MARUTI.NS,Auto,6095.66,5633701
2025-01-13,MARUTI.NS,Auto,6080.09,2407730
2025-01-14,MARUTI.NS,Auto,6048.18,4757660
2025-01-15,MARUTI.NS,Auto,6176.72,4447556
2025-01-16,MARUTI.NS,Auto,6210.37,3083100
2025-01-17,MARUTI.NS,Auto,6353.5,6207805
2025-01-20,MARUTI.NS,Auto,6526.15,2067797
2025-01-21,MARUTI.NS,Auto,6513.17,4406591
2025-01-22,MARUTI.NS,Auto,6579.93,4293497
2025-01-23,MARUTI.NS,Auto,6743.02,6974088
2025-01-24,MARUTI.NS,Auto,6848.26,5047000
2025-01-27,MARUTI.NS,Auto,6884.88,1840151
2025-01-28,MARUTI.NS,Auto,6710.54,3404665
2025-01-29,MARUTI.NS,Auto,6719.71,7052095
2025-01-30,MARUTI.NS,Auto,6809.54,3783693
2025-01-31,MARUTI.NS,Auto,6713.71,2708224
2025-02-03,MARUTI.NS,Auto,6744.78,3923086
2025-02-04,MARUTI.NS,Auto,6740.82,7183599
2025-02-05,MARUTI.NS,Auto,6528.66,2967417
2025-02-06,MARUTI.NS,Auto,6525.45,2766933
2025-02-07,MARUTI.NS,Auto,6687.85,3686980
2025-02-10,MARUTI.NS,Auto,6612.21,3181213
2025-02-11,MARUTI.NS,Auto,6853.69,5168208
2025-02-12,MARUTI.NS,Auto,6968.35,3529654
2025-02-13,MARUTI.NS,Auto,7185.1,4515822
2025-02-14,MARUTI.NS,Auto,7053.22,7062317
2025-02-17,MARUTI.NS,Auto,6941.1,2865145
2025-02-18,MARUTI.NS,Auto,6958.34,5739737
2025-02-19,MARUTI.NS,Auto,6888.62,5481105
2025-02-20,MARUTI.NS,Auto,6803.59,2585822
2025-02-21,MARUTI.NS,Auto,6935.05,6464711
2025-02-24,MARUTI.NS,Auto,6878.29,2596068
2025-02-25,MARUTI.NS,Auto,6781.14,2398688
2025-02-26,MARUTI.NS,Auto,6779.75,2975257
2025-02-27,MARUTI.NS,Auto,6892.49,3013132
2025-02-28,MARUTI.NS,Auto,6689.97,3537153
2025-03-03,MARUTI.NS,Auto,6639.32,2708990
2025-03-04,MARUTI.NS,Auto,6687.58,4872313
2025-03-05,MARUTI.NS,Auto,6610.66,3815287
2025-03-06,MARUTI.NS,Auto,6662.44,4258363
2025-03-07,MARUTI.NS,Auto,6840.66,5062820
2025-03-10,MARUTI.NS,Auto,6727.85,6805845
2025-03-11,MARUTI.NS,Auto,6779.92,3430283
2025-03-12,MARUTI.NS,Auto,6824.13,3220016
2025-03-13,MARUTI.NS,Auto,6699.67,5283139
2025-03-14,MARUTI.NS,Auto,6598.31,6194526
2025-03-17,MARUTI.NS,Auto,6725.09,4105684
2025-03-18,MARUTI.NS,Auto,6804.72,4092442
2025-03-19,MARUTI.NS,Auto,6765.09,3710185
2025-03-20,MARUTI.NS,Auto,6792.46,3217762
2025-03-21,MARUTI.NS,Auto,6878.99,3478243
2025-03-24,MARUTI.NS,Auto,6962.4,3881575
2025-03-25,MARUTI.NS,Auto,6717.01,5033622
2025-03-26,MARUTI.NS,Auto,6843.08,5353651
2025-03-27,MARUTI.NS,Auto,6835.77,2897566
2025-03-28,MARUTI.NS,Auto,6918.09,4082514
2025-03-31,MARUTI.NS,Auto,6955.93,3106133
2025-04-01,MARUTI.NS,Auto,7067.2,3649481
2025-04-02,MARUTI.NS,Auto,7011.3,4178442
2025-04-03,MARUTI.NS,Auto,7082.93,5586209
2025-04-04,MARUTI.NS,Auto,7026.36,3801718
2025-04-07,MARUTI.NS,Auto,7108.5,4664518
2025-04-08,MARUTI.NS,Auto,7016.18,2746956
2025-04-09,MARUTI.NS,Auto,6843.78,2683804
2025-04-10,MARUTI.NS,Auto,7005.96,3646765
2025-04-11,MARUTI.NS,Auto,7018.54,12836786
2025-04-15,MARUTI.NS,Auto,6867.09,3032045
2025-04-16,MARUTI.NS,Auto,7003.61,4212772
2025-04-17,MARUTI.NS,Auto,6961.0,4605855
2025-04-18,MARUTI.NS,Auto,7025.41,4038133
2025-04-21,MARUTI.NS,Auto,6793.12,3238979
2025-04-22,MARUTI.NS,Auto,6782.48,4850180
2025-04-23,MARUTI.NS,Auto,6821.11,2902797
2025-04-24,MARUTI.NS,Auto,6716.76,4560933
2025-04-25,MARUTI.NS,Auto,6618.08,3256095
2025-04-28,MARUTI.NS,Auto,6623.5,5658344
2025-04-29,MARUTI.NS,Auto,6572.95,2135213
2025-04-30,MARUTI.NS,Auto,6636.98,3842019
2025-05-02,MARUTI.NS,Auto,6561.98,2699387
2025-05-05,MARUTI.NS,Auto,6627.92,5332479
2025-05-06,MARUTI.NS,Auto,6508.0,5357546
2025-05-07,MARUTI.NS,Auto,6564.73,1592341
2025-05-08,MARUTI.NS,Auto,6505.34,2584447
2025-05-09,MARUTI.NS,Auto,6568.44,5532042
2025-05-12,MARUTI.NS,Auto,6412.94,3810095
2025-05-13,MARUTI.NS,Auto,6464.15,4943488
2025-05-14,MARUTI.NS,Auto,6410.26,3968506
2025-05-15,MARUTI.NS,Auto,6361.84,4223020
2025-05-16,MARUTI.NS,Auto,6604.94,5643776
2025-05-19,MARUTI.NS,Auto,6574.45,2631066
2025-05-20,MARUTI.NS,Auto,6505.95,3420117
2025-05-21,MARUTI.NS,Auto,6490.93,2778684
2025-05-22,MARUTI.NS,Auto,6494.77,4391181
2025-05-23,MARUTI.NS,Auto,6481.48,2526815
2025-05-26,MARUTI.NS,Auto,6442.2,5515678
2025-05-27,MARUTI.NS,Auto,6361.13,3311161
2025-05-28,MARUTI.NS,Auto,6441.33,4775561
2025-05-29,MARUTI.NS,Auto,6400.93,3080786
2025-05-30,MARUTI.NS,Auto,6315.54,5297385
2025-06-02,MARUTI.NS,Auto,6446.82,6050181
2025-06-03,MARUTI.NS,Auto,6614.53,5212439
2025-06-04,MARUTI.NS,Auto,6522.48,2931845
2025-06-05,MARUTI.NS,Auto,6673.81,6655064
2025-06-06,MARUTI.NS,Auto,6481.71,5085708
2025-06-09,MARUTI.NS,Auto,6362.34,3196675
2025-06-10,MARUTI.NS,Auto,6218.98,4402164
2025-06-11,MARUTI.NS,Auto,6169.23,6836800
2025-06-12,MARUTI.NS,Auto,6227.57,2918227
2025-06-13,MARUTI.NS,Auto,6079.01,2889363
2025-06-16,MARUTI.NS,Auto,6054.05,3816674
2025-06-17,MARUTI.NS,Auto,5978.32,2445408
2025-06-18,MARUTI.NS,Auto,6043.71,4147747
2025-06-19,MARUTI.NS,Auto,6091.33,5155726
2025-06-20,MARUTI.NS,Auto,6250.76,4238626
2025-06-23,MARUTI.NS,Auto,6177.37,3097423
2025-06-24,MARUTI.NS,Auto,6185.11,5486366
2025-06-25,MARUTI.NS,Auto,6373.12,3761135
2025-06-26,MARUTI.NS,Auto,6276.74,3028215
2025-06-27,MARUTI.NS,Auto,6301.8,4370967
2025-06-30,MARUTI.NS,Auto,6387.75,6086642
2025-07-01,MARUTI.NS,Auto,6499.71,3259812
2025-07-02,MARUTI.NS,Auto,6369.65,6990814
2025-07-03,MARUTI.NS,Auto,6370.0,4102879
2025-07-04,MARUTI.NS,Auto,6412.5,4174801
2025-07-07,MARUTI.NS,Auto,6396.22,4156514
2025-07-08,MARUTI.NS,Auto,6411.45,3289496
2025-07-09,MARUTI.NS,Auto,6266.88,2562539
2025-07-10,MARUTI.NS,Auto,6240.76,7917433
2025-07-11,MARUTI.NS,Auto,6247.55,2641951
2025-07-14,MARUTI.NS,Auto,6196.2,6168682
2025-07-15,MARUTI.NS,Auto,6305.37,7313793
2025-07-16,MARUTI.NS,Auto,6252.44,3110286
2025-07-17,MARUTI.NS,Auto,6192.01,4958239
2025-07-18,MARUTI.NS,Auto,6287.37,5084222
2025-07-21,MARUTI.NS,Auto,6304.7,5088117
2025-07-22,MARUTI.NS,Auto,6348.45,3201580
2025-07-23,MARUTI.NS,Auto,6378.19,3486447
2025-07-24,MARUTI.NS,Auto,6353.54,5290872
2025-07-25,MARUTI.NS,Auto,6323.87,2249370
2025-07-28,MARUTI.NS,Auto,6227.47,1981894
2025-07-29,MARUTI.NS,Auto,6253.69,4140972
2025-07-30,MARUTI.NS,Auto,6155.09,3816355
2025-07-31,MARUTI.NS,Auto,6192.58,4218961
2025-08-01,MARUTI.NS,Auto,6153.36,3100923
2025-08-04,MARUTI.NS,Auto,6308.22,5255301
2025-08-05,MARUTI.NS,Auto,6228.53,5373509
2025-08-06,MARUTI.NS,Auto,6268.5,4228290
2025-08-07,MARUTI.NS,Auto,6151.84,2513422
2025-08-08,MARUTI.NS,Auto,6251.28,5748934
2025-08-11,MARUTI.NS,Auto,6153.44,2158934
2025-08-12,MARUTI.NS,Auto,6166.59,2567125
2025-08-13,MARUTI.NS,Auto,6058.71,5208272
2025-08-14,MARUTI.NS,Auto,6112.45,2692358
2025-08-18,MARUTI.NS,Auto,6026.56,3085511
2025-08-19,MARUTI.NS,Auto,6064.53,4183609
2025-08-20,MARUTI.NS,Auto,5977.19,5511795
2025-08-21,MARUTI.NS,Auto,5966.35,4892816
2025-08-22,MARUTI.NS,Auto,6109.73,6340445
2025-08-25,MARUTI.NS,Auto,5937.45,3410939
2025-08-26,MARUTI.NS,Auto,5838.29,2948297
2025-08-27,MARUTI.NS,Auto,5799.65,2549126
2025-08-28,MARUTI.NS,Auto,5794.84,4152115
2025-08-29,MARUTI.NS,Auto,5705.08,4395086
2025-09-01,MARUTI.NS,Auto,5718.91,9406637
2025-09-02,MARUTI.NS,Auto,5825.28,4948342
2025-09-03,MARUTI.NS,Auto,5872.53,2191858
2025-09-04,MARUTI.NS,Auto,5842.67,5971371
2025-09-05,MARUTI.NS,Auto,5752.22,2970576
2025-09-08,MARUTI.NS,Auto,5960.34,2522054
2025-09-09,MARUTI.NS,Auto,5980.27,5735507
2025-09-10,MARUTI.NS,Auto,6097.2,5359238
2025-09-11,MARUTI.NS,Auto,6011.98,5847010
2025-09-12,MARUTI.NS,Auto,5917.71,3209175
2025-09-15,MARUTI.NS,Auto,6001.84,8694288
2025-09-16,MARUTI.NS,Auto,5969.85,5502176
2025-09-17,MARUTI.NS,Auto,5888.11,2863111
2025-09-18,MARUTI.NS,Auto,5970.65,8678303
2025-09-19,MARUTI.NS,Auto,5895.27,4887528
2025-09-22,MARUTI.NS,Auto,6001.71,3969212
2025-09-23,MARUTI.NS,Auto,5903.33,3283567
2025-09-24,MARUTI.NS,Auto,5805.52,1296146
2025-09-25,MARUTI.NS,Auto,5813.57,5218277
2025-09-26,MARUTI.NS,Auto,5775.37,3213701
2025-09-29,MARUTI.NS,Auto,5633.7,3676943
2025-09-30,MARUTI.NS,Auto,5593.18,3857954
2025-10-01,MARUTI.NS,Auto,5601.26,2951923
2025-10-03,MARUTI.NS,Auto,5589.16,4785680
2025-10-06,MARUTI.NS,Auto,5599.05,2974347
2025-10-07,MARUTI.NS,Auto,5536.29,2278681
2025-10-08,MARUTI.NS,Auto,5632.01,4084877
2025-10-09,MARUTI.NS,Auto,5559.73,3258522
2025-10-10,MARUTI.NS,Auto,5545.52,2011569
2025-10-13,MARUTI.NS,Auto,5649.15,2597305
2025-10-14,MARUTI.NS,Auto,5682.37,4233535
2025-10-15,MARUTI.NS,Auto,5834.96,4193012
2025-10-16,MARUTI.NS,Auto,5858.24,6497603
2025-10-17,MARUTI.NS,Auto,5915.12,6022913
2025-10-20,MARUTI.NS,Auto,5873.51,4656549
2025-10-22,MARUTI.NS,Auto,5792.81,3119318
2025-10-23,MARUTI.NS,Auto,5824.28,3298265
2025-10-24,MARUTI.NS,Auto,5863.63,4654106
2025-10-27,MARUTI.NS,Auto,5851.09,5652898
2025-10-28,MARUTI.NS,Auto,5761.71,4830673
2025-10-29,MARUTI.NS,Auto,5855.58,3388319
2025-10-30,MARUTI.NS,Auto,5920.35,4294473
2025-10-31,MARUTI.NS,Auto,5866.37,3649216
2025-11-03,MARUTI.NS,Auto,6042.93,1905597
2025-11-04,MARUTI.NS,Auto,6187.35,3706415
2025-11-05,MARUTI.NS,Auto,6179.66,3458143
2025-11-06,MARUTI.NS,Auto,6116.43,5274386
2025-11-07,MARUTI.NS,Auto,6164.01,2713315
2025-11-10,MARUTI.NS,Auto,6264.28,2825096
2025-11-11,MARUTI.NS,Auto,6508.64,5780525
2025-11-12,MARUTI.NS,Auto,6356.35,2892812
2025-11-13,MARUTI.NS,Auto,6572.48,3136949
2025-11-14,MARUTI.NS,Auto,6566.34,4751031
2025-11-17,MARUTI.NS,Auto,6665.76,5125115
2025-11-18,MARUTI.NS,Auto,6580.99,6509494
2025-11-19,MARUTI.NS,Auto,6607.62,3527132
2025-11-20,MARUTI.NS,Auto,6549.92,3597756
2025-11-21,MARUTI.NS,Auto,6456.85,3771076
2025-11-24,MARUTI.NS,Auto,6305.74,3233198
2025-11-25,MARUTI.NS,Auto,6175.29,4647736
2025-11-26,MARUTI.NS,Auto,6110.39,3558296
2025-11-27,MARUTI.NS,Auto,6159.72,2603379
2025-11-28,MARUTI.NS,Auto,6241.44,2151372
2025-12-01,MARUTI.NS,Auto,6245.63,3820536
2025-12-02,MARUTI.NS,Auto,6507.52,4961394
2025-12-03,MARUTI.NS,Auto,6349.41,3140200
2025-12-04,MARUTI.NS,Auto,6368.66,2527802
2025-12-05,MARUTI.NS,Auto,6378.83,6831524
2025-12-08,MARUTI.NS,Auto,6342.28,3527044
2025-12-09,MARUTI.NS,Auto,6279.81,5470522
2025-12-10,MARUTI.NS,Auto,6244.47,5771345
2025-12-11,MARUTI.NS,Auto,6294.53,6774080
2025-12-12,MARUTI.NS,Auto,6292.82,3913916
2025-12-15,MARUTI.NS,Auto,6158.94,2420909
2025-12-16,MARUTI.NS,Auto,6033.09,2044747
2025-12-17,MARUTI.NS,Auto,6097.01,3638877
2025-12-18,MARUTI.NS,Auto,6074.88,7230532
2025-12-19,MARUTI.NS,Auto,5967.67,4097424
2025-12-22,MARUTI.NS,Auto,5869.42,6421209
2025-12-23,MARUTI.NS,Auto,5820.47,2841879
2025-12-24,MARUTI.NS,Auto,5821.25,6638759
2025-12-26,MARUTI.NS,Auto,5922.62,5056261
2025-12-29,MARUTI.NS,Auto,6087.38,4179224
2025-12-30,MARUTI.NS,Auto,6146.62,5546092
2025-12-31,MARUTI.NS,Auto,6146.83,3271990
2022-01-03,TATAMOTORS.NS,Auto,624.8,3351810
2022-01-04,TATAMOTORS.NS,Auto,611.48,2726604
2022-01-05,TATAMOTORS.NS,Auto,601.02,4504513
2022-01-06,TATAMOTORS.NS,Auto,592.5,2228566
2022-01-07,TATAMOTORS.NS,Auto,587.7,2257326
2022-01-10,TATAMOTORS.NS,Auto,569.94,2997294
2022-01-11,TATAMOTORS.NS,Auto,598.06,4585063
2022-01-12,TATAMOTORS.NS,Auto,588.84,2943234
2022-01-13,TATAMOTORS.NS,Auto,595.32,4130744
2022-01-14,TATAMOTORS.NS,Auto,574.5,5191143
2022-01-17,TATAMOTORS.NS,Auto,567.86,4708853
2022-01-18,TATAMOTORS.NS,Auto,561.47,7311676
2022-01-19,TATAMOTORS.NS,Auto,571.71,4228279
2022-01-20,TATAMOTORS.NS,Auto,572.18,6573843
2022-01-21,TATAMOTORS.NS,Auto,563.38,4968161
2022-01-24,TATAMOTORS.NS,Auto,558.67,3480710
2022-01-25,TATAMOTORS.NS,Auto,572.54,2852951
2022-01-27,TATAMOTORS.NS,Auto,582.09,4225846
2022-01-28,TATAMOTORS.NS,Auto,576.58,2534539
2022-01-31,TATAMOTORS.NS,Auto,559.46,3701524
2022-02-01,TATAMOTORS.NS,Auto,555.87,3793789
2022-02-02,TATAMOTORS.NS,Auto,561.65,6034722
2022-02-03,TATAMOTORS.NS,Auto,545.71,3114365
2022-02-04,TATAMOTORS.NS,Auto,543.41,4660702
2022-02-07,TATAMOTORS.NS,Auto,530.98,2841621
2022-02-08,TATAMOTORS.NS,Auto,524.26,5408432
2022-02-09,TATAMOTORS.NS,Auto,529.35,6783677
2022-02-10,TATAMOTORS.NS,Auto,531.29,2986367
2022-02-11,TATAMOTORS.NS,Auto,539.26,4199082
2022-02-14,TATAMOTORS.NS,Auto,549.84,9885342
2022-02-15,TATAMOTORS.NS,Auto,592.77,3083093
2022-02-16,TATAMOTORS.NS,Auto,604.48,2400317
2022-02-17,TATAMOTORS.NS,Auto,611.25,4321770
2022-02-18,TATAMOTORS.NS,Auto,603.21,2749723
2022-02-21,TATAMOTORS.NS,Auto,613.29,4549940
2022-02-22,TATAMOTORS.NS,Auto,633.9,5415648
2022-02-23,TATAMOTORS.NS,Auto,619.98,2790485
2022-02-24,TATAMOTORS.NS,Auto,608.73,2385869
2022-02-25,TATAMOTORS.NS,Auto,599.59,5716570
2022-02-28,TATAMOTORS.NS,Auto,583.47,7325287
2022-03-01,TATAMOTORS.NS,Auto,577.57,3588919
2022-03-02,TATAMOTORS.NS,Auto,564.42,6481431
2022-03-03,TATAMOTORS.NS,Auto,563.62,7408426
2022-03-04,TATAMOTORS.NS,Auto,558.91,5124507
2022-03-07,TATAMOTORS.NS,Auto,559.87,4193223
2022-03-09,TATAMOTORS.NS,Auto,552.76,5064005
2022-03-10,TATAMOTORS.NS,Auto,532.0,5414094
2022-03-11,TATAMOTORS.NS,Auto,551.05,1819912
2022-03-14,TATAMOTORS.NS,Auto,532.08,3832114
2022-03-15,TATAMOTORS.NS,Auto,534.52,2525365
2022-03-16,TATAMOTORS.NS,Auto,549.02,2910519
2022-03-17,TATAMOTORS.NS,Auto,551.39,4467620
2022-03-18,TATAMOTORS.NS,Auto,562.72,3860834
2022-03-21,TATAMOTORS.NS,Auto,567.14,4039417
2022-03-22,TATAMOTORS.NS,Auto,556.28,3815414
2022-03-23,TATAMOTORS.NS,Auto,567.74,3740373
2022-03-24,TATAMOTORS.NS,Auto,566.32,3975115
2022-03-25,TATAMOTORS.NS,Auto,560.44,6899879
2022-03-28,TATAMOTORS.NS,Auto,563.99,5008860
2022-03-29,TATAMOTORS.NS,Auto,555.75,2877135
2022-03-30,TATAMOTORS.NS,Auto,569.35,3420800
2022-03-31,TATAMOTORS.NS,Auto,573.35,5075858
2022-04-01,TATAMOTORS.NS,Auto,595.37,3634140
2022-04-04,TATAMOTORS.NS,Auto,606.17,4778680
2022-04-05,TATAMOTORS.NS,Auto,602.23,3961944
2022-04-06,TATAMOTORS.NS,Auto,596.41,4298522
2022-04-07,TATAMOTORS.NS,Auto,588.4,6239082
2022-04-08,TATAMOTORS.NS,Auto,583.8,4595787
2022-04-11,TATAMOTORS.NS,Auto,567.93,7861116
2022-04-12,TATAMOTORS.NS,Auto,561.29,3167929
2022-04-13,TATAMOTORS.NS,Auto,549.79,2897887
2022-04-15,TATAMOTORS.NS,Auto,543.78,4589664
2022-04-18,TATAMOTORS.NS,Auto,559.14,3703198
2022-04-19,TATAMOTORS.NS,Auto,547.86,4183520
2022-04-20,TATAMOTORS.NS,Auto,536.02,4527308
2022-04-21,TATAMOTORS.NS,Auto,528.64,2541353
2022-04-22,TATAMOTORS.NS,Auto,539.08,1862549
2022-04-25,TATAMOTORS.NS,Auto,530.14,5138875
2022-04-26,TATAMOTORS.NS,Auto,527.83,2416983
2022-04-27,TATAMOTORS.NS,Auto,529.4,3340269
2022-04-28,TATAMOTORS.NS,Auto,538.09,3757384
2022-04-29,TATAMOTORS.NS,Auto,538.79,3878503
2022-05-02,TATAMOTORS.NS,Auto,539.12,5250191
2022-05-03,TATAMOTORS.NS,Auto,544.43,5040751
2022-05-04,TATAMOTORS.NS,Auto,523.91,4340329
2022-05-05,TATAMOTORS.NS,Auto,516.08,4872522
2022-05-06,TATAMOTORS.NS,Auto,508.37,2785951
2022-05-09,TATAMOTORS.NS,Auto,512.54,3070795
2022-05-10,TATAMOTORS.NS,Auto,530.34,14061762
2022-05-11,TATAMOTORS.NS,Auto,543.91,4211588
2022-05-12,TATAMOTORS.NS,Auto,541.12,5432903
2022-05-13,TATAMOTORS.NS,Auto,543.99,2671136
2022-05-16,TATAMOTORS.NS,Auto,560.36,5163329
2022-05-17,TATAMOTORS.NS,Auto,553.32,3653435
2022-05-18,TATAMOTORS.NS,Auto,543.3,3314246
2022-05-19,TATAMOTORS.NS,Auto,539.02,7389354
2022-05-20,TATAMOTORS.NS,Auto,541.6,6848027
2022-05-23,TATAMOTORS.NS,Auto,544.27,3953790
2022-05-24,TATAMOTORS.NS,Auto,533.68,4353481
2022-05-25,TATAMOTORS.NS,Auto,536.75,3498010
2022-05-26,TATAMOTORS.NS,Auto,535.83,2678753
2022-05-27,TATAMOTORS.NS,Auto,517.65,4127717
2022-05-30,TATAMOTORS.NS,Auto,518.97,4355862
2022-05-31,TATAMOTORS.NS,Auto,512.93,5771911
2022-06-01,TATAMOTORS.NS,Auto,497.42,4923181
2022-06-02,TATAMOTORS.NS,Auto,509.29,2829597
2022-06-03,TATAMOTORS.NS,Auto,509.26,1955944
2022-06-06,TATAMOTORS.NS,Auto,500.48,3581132
2022-06-07,TATAMOTORS.NS,Auto,511.63,2554189
2022-06-08,TATAMOTORS.NS,Auto,528.93,3861583
2022-06-09,TATAMOTORS.NS,Auto,532.39,4685574
2022-06-10,TATAMOTORS.NS,Auto,514.19,4494543
2022-06-13,TATAMOTORS.NS,Auto,509.37,3427603
2022-06-14,TATAMOTORS.NS,Auto,485.37,4630476
2022-06-15,TATAMOTORS.NS,Auto,479.8,6551502
2022-06-16,TATAMOTORS.NS,Auto,475.98,4624982
2022-06-17,TATAMOTORS.NS,Auto,483.68,4569916
2022-06-20,TATAMOTORS.NS,Auto,477.68,3329185
2022-06-21,TATAMOTORS.NS,Auto,493.43,4261690
2022-06-22,TATAMOTORS.NS,Auto,483.57,6867542
2022-06-23,TATAMOTORS.NS,Auto,475.44,3944235
2022-06-24,TATAMOTORS.NS,Auto,463.52,3601563
2022-06-27,TATAMOTORS.NS,Auto,450.17,6176569
2022-06-28,TATAMOTORS.NS,Auto,456.13,3817190
2022-06-29,TATAMOTORS.NS,Auto,458.73,4983443
2022-06-30,TATAMOTORS.NS,Auto,453.08,4361711
2022-07-01,TATAMOTORS.NS,Auto,457.86,4860703
2022-07-04,TATAMOTORS.NS,Auto,465.85,5435862
2022-07-05,TATAMOTORS.NS,Auto,455.2,6340472
2022-07-06,TATAMOTORS.NS,Auto,457.73,5882659
2022-07-07,TATAMOTORS.NS,Auto,457.69,6762100
2022-07-08,TATAMOTORS.NS,Auto,459.13,3720305
2022-07-11,TATAMOTORS.NS,Auto,458.5,2664246
2022-07-12,TATAMOTORS.NS,Auto,439.67,3844562
2022-07-13,TATAMOTORS.NS,Auto,440.76,11115801
2022-07-14,TATAMOTORS.NS,Auto,435.46,3932629
2022-07-15,TATAMOTORS.NS,Auto,433.67,2116996
2022-07-18,TATAMOTORS.NS,Auto,419.6,10328395
2022-07-19,TATAMOTORS.NS,Auto,423.59,4365741
2022-07-20,TATAMOTORS.NS,Auto,426.21,3042743
2022-07-21,TATAMOTORS.NS,Auto,411.04,2709729
2022-07-22,TATAMOTORS.NS,Auto,419.62,4294590
2022-07-25,TATAMOTORS.NS,Auto,425.35,5320273
2022-07-26,TATAMOTORS.NS,Auto,431.25,5183481
2022-07-27,TATAMOTORS.NS,Auto,425.36,5606717
2022-07-28,TATAMOTORS.NS,Auto,428.22,2425977
2022-07-29,TATAMOTORS.NS,Auto,432.54,2709692
2022-08-01,TATAMOTORS.NS,Auto,442.47,4074605
2022-08-02,TATAMOTORS.NS,Auto,439.74,6082078
2022-08-03,TATAMOTORS.NS,Auto,430.1,3514874
2022-08-04,TATAMOTORS.NS,Auto,415.78,1834563
2022-08-05,TATAMOTORS.NS,Auto,423.58,5504343
2022-08-08,TATAMOTORS.NS,Auto,431.65,1549333
2022-08-09,TATAMOTORS.NS,Auto,440.35,3430101
2022-08-10,TATAMOTORS.NS,Auto,445.21,5377860
2022-08-11,TATAMOTORS.NS,Auto,431.3,5318480
2022-08-12,TATAMOTORS.NS,Auto,432.3,2286417
2022-08-16,TATAMOTORS.NS,Auto,423.94,5601885
2022-08-17,TATAMOTORS.NS,Auto,412.09,6606417
2022-08-18,TATAMOTORS.NS,Auto,410.43,5144933
2022-08-19,TATAMOTORS.NS,Auto,413.57,3755275
2022-08-22,TATAMOTORS.NS,Auto,420.56,4815208
2022-08-23,TATAMOTORS.NS,Auto,431.36,3159538
2022-08-24,TATAMOTORS.NS,Auto,423.85,5959551
2022-08-25,TATAMOTORS.NS,Auto,427.0,6958948
2022-08-26,TATAMOTORS.NS,Auto,430.46,3522400
2022-08-29,TATAMOTORS.NS,Auto,416.57,5373484
2022-08-30,TATAMOTORS.NS,Auto,416.01,5838814
2022-08-31,TATAMOTORS.NS,Auto,421.83,3772492
2022-09-01,TATAMOTORS.NS,Auto,428.93,1833249
2022-09-02,TATAMOTORS.NS,Auto,424.38,4304474
2022-09-05,TATAMOTORS.NS,Auto,421.54,1379059
2022-09-06,TATAMOTORS.NS,Auto,434.31,7191630
2022-09-07,TATAMOTORS.NS,Auto,429.48,5046314
2022-09-08,TATAMOTORS.NS,Auto,428.67,3733817
2022-09-09,TATAMOTORS.NS,Auto,404.84,5695322
2022-09-12,TATAMOTORS.NS,Auto,413.17,2700470
2022-09-13,TATAMOTORS.NS,Auto,418.64,6084592
2022-09-14,TATAMOTORS.NS,Auto,430.29,4410869
2022-09-15,TATAMOTORS.NS,Auto,415.88,4438680
2022-09-16,TATAMOTORS.NS,Auto,429.95,3508788
2022-09-19,TATAMOTORS.NS,Auto,424.52,3650054
2022-09-20,TATAMOTORS.NS,Auto,435.64,4921949
2022-09-21,TATAMOTORS.NS,Auto,413.89,2933903
2022-09-22,TATAMOTORS.NS,Auto,425.87,2599051
2022-09-23,TATAMOTORS.NS,Auto,426.84,5856153
2022-09-26,TATAMOTORS.NS,Auto,430.99,4824693
2022-09-27,TATAMOTORS.NS,Auto,430.8,2861694
2022-09-28,TATAMOTORS.NS,Auto,434.85,4154129
2022-09-29,TATAMOTORS.NS,Auto,455.27,4064707
2022-09-30,TATAMOTORS.NS,Auto,473.05,3107950
2022-10-03,TATAMOTORS.NS,Auto,480.28,4314389
2022-10-04,TATAMOTORS.NS,Auto,483.23,3955288
2022-10-05,TATAMOTORS.NS,Auto,498.11,5480316
2022-10-06,TATAMOTORS.NS,Auto,511.41,4625926
2022-10-07,TATAMOTORS.NS,Auto,514.87,3309374
2022-10-10,TATAMOTORS.NS,Auto,522.87,3278586
2022-10-11,TATAMOTORS.NS,Auto,520.34,4652952
2022-10-12,TATAMOTORS.NS,Auto,519.34,2129574
2022-10-13,TATAMOTORS.NS,Auto,525.4,2692249
2022-10-14,TATAMOTORS.NS,Auto,529.94,3743941
2022-10-17,TATAMOTORS.NS,Auto,552.45,3812966
2022-10-18,TATAMOTORS.NS,Auto,561.76,5646913
2022-10-19,TATAMOTORS.NS,Auto,577.08,2433896
2022-10-20,TATAMOTORS.NS,Auto,577.68,3415502
2022-10-21,TATAMOTORS.NS,Auto,572.43,3982558
2022-10-25,TATAMOTORS.NS,Auto,584.03,3566461
2022-10-26,TATAMOTORS.NS,Auto,590.37,3074759
2022-10-27,TATAMOTORS.NS,Auto,599.35,3196232
2022-10-28,TATAMOTORS.NS,Auto,592.3,4362006
2022-10-31,TATAMOTORS.NS,Auto,578.9,3629863
2022-11-01,TATAMOTORS.NS,Auto,564.88,3498623
2022-11-02,TATAMOTORS.NS,Auto,580.26,2643562
2022-11-03,TATAMOTORS.NS,Auto,582.0,8890197
2022-11-04,TATAMOTORS.NS,Auto,602.43,4202246
2022-11-07,TATAMOTORS.NS,Auto,589.39,6934069
2022-11-08,TATAMOTORS.NS,Auto,575.11,3619053
2022-11-09,TATAMOTORS.NS,Auto,569.48,4166761
2022-11-10,TATAMOTORS.NS,Auto,563.64,4770430
2022-11-11,TATAMOTORS.NS,Auto,549.98,3826963
2022-11-14,TATAMOTORS.NS,Auto,554.49,4165657
2022-11-15,TATAMOTORS.NS,Auto,556.61,4338060
2022-11-16,TATAMOTORS.NS,Auto,549.45,3702083
2022-11-17,TATAMOTORS.NS,Auto,545.55,3855541
2022-11-18,TATAMOTORS.NS,Auto,553.69,5734741
2022-11-21,TATAMOTORS.NS,Auto,545.7,2843501
2022-11-22,TATAMOTORS.NS,Auto,537.62,7353178
2022-11-23,TATAMOTORS.NS,Auto,537.66,4899639
2022-11-24,TATAMOTORS.NS,Auto,526.69,3612083
2022-11-25,TATAMOTORS.NS,Auto,548.23,5492536
2022-11-28,TATAMOTORS.NS,Auto,555.61,5368097
2022-11-29,TATAMOTORS.NS,Auto,584.42,4488987
2022-11-30,TATAMOTORS.NS,Auto,578.77,3859088
2022-12-01,TATAMOTORS.NS,Auto,578.03,2266155
2022-12-02,TATAMOTORS.NS,Auto,563.69,3141990
2022-12-05,TATAMOTORS.NS,Auto,561.6,4112258
2022-12-06,TATAMOTORS.NS,Auto,564.84,4759293
2022-12-07,TATAMOTORS.NS,Auto,554.75,4118605
2022-12-08,TATAMOTORS.NS,Auto,570.1,4645394
2022-12-09,TATAMOTORS.NS,Auto,562.56,3687238
2022-12-12,TATAMOTORS.NS,Auto,564.72,5030300
2022-12-13,TATAMOTORS.NS,Auto,569.6,8580977
2022-12-14,TATAMOTORS.NS,Auto,576.55,4262176
2022-12-15,TATAMOTORS.NS,Auto,562.08,3848789
2022-12-16,TATAMOTORS.NS,Auto,553.23,4012599
2022-12-19,TATAMOTORS.NS,Auto,575.3,5347021
2022-12-20,TATAMOTORS.NS,Auto,567.04,3969770
2022-12-21,TATAMOTORS.NS,Auto,568.05,5317439
2022-12-22,TATAMOTORS.NS,Auto,584.18,5550944
2022-12-23,TATAMOTORS.NS,Auto,580.89,7524322
2022-12-26,TATAMOTORS.NS,Auto,570.09,4731754
2022-12-27,TATAMOTORS.NS,Auto,555.08,4182203
2022-12-28,TATAMOTORS.NS,Auto,543.47,4555136
2022-12-29,TATAMOTORS.NS,Auto,541.02,4029851
2022-12-30,TATAMOTORS.NS,Auto,538.68,4303599
2023-01-02,TATAMOTORS.NS,Auto,527.97,6529964
2023-01-03,TATAMOTORS.NS,Auto,537.51,3423626
2023-01-04,TATAMOTORS.NS,Auto,555.79,2552384
2023-01-05,TATAMOTORS.NS,Auto,547.86,4230099
2023-01-06,TATAMOTORS.NS,Auto,527.38,4314435
2023-01-09,TATAMOTORS.NS,Auto,524.2,5707678
2023-01-10,TATAMOTORS.NS,Auto,542.68,3824085
2023-01-11,TATAMOTORS.NS,Auto,528.68,3443980
2023-01-12,TATAMOTORS.NS,Auto,516.07,3253610
2023-01-13,TATAMOTORS.NS,Auto,494.29,3236633
2023-01-16,TATAMOTORS.NS,Auto,498.88,3004725
2023-01-17,TATAMOTORS.NS,Auto,490.05,2645738
2023-01-18,TATAMOTORS.NS,Auto,500.43,1870195
2023-01-19,TATAMOTORS.NS,Auto,505.86,5361094
2023-01-20,TATAMOTORS.NS,Auto,525.8,4306872
2023-01-23,TATAMOTORS.NS,Auto,532.19,8380867
2023-01-24,TATAMOTORS.NS,Auto,517.04,2397376
2023-01-25,TATAMOTORS.NS,Auto,509.8,7957435
2023-01-27,TATAMOTORS.NS,Auto,519.26,3800054
2023-01-30,TATAMOTORS.NS,Auto,503.77,2298554
2023-01-31,TATAMOTORS.NS,Auto,498.08,1982611
2023-02-01,TATAMOTORS.NS,Auto,500.75,3321466
2023-02-02,TATAMOTORS.NS,Auto,500.74,5494633
2023-02-03,TATAMOTORS.NS,Auto,508.62,4395379
2023-02-06,TATAMOTORS.NS,Auto,504.3,3518047
2023-02-07,TATAMOTORS.NS,Auto,495.05,5949210
2023-02-08,TATAMOTORS.NS,Auto,499.29,4171257
2023-02-09,TATAMOTORS.NS,Auto,496.97,2300594
2023-02-10,TATAMOTORS.NS,Auto,520.33,6279188
2023-02-13,TATAMOTORS.NS,Auto,506.81,2776939
2023-02-14,TATAMOTORS.NS,Auto,507.54,2753413
2023-02-15,TATAMOTORS.NS,Auto,493.62,3702476
2023-02-16,TATAMOTORS.NS,Auto,499.43,4493068
2023-02-17,TATAMOTORS.NS,Auto,501.51,3189656
2023-02-20,TATAMOTORS.NS,Auto,508.43,2157166
2023-02-21,TATAMOTORS.NS,Auto,493.33,3231033
2023-02-22,TATAMOTORS.NS,Auto,471.14,5650625
2023-02-23,TATAMOTORS.NS,Auto,485.11,3989592
2023-02-24,TATAMOTORS.NS,Auto,484.98,5905731
2023-02-27,TATAMOTORS.NS,Auto,495.23,4789298
2023-02-28,TATAMOTORS.NS,Auto,507.57,3294438
2023-03-01,TATAMOTORS.NS,Auto,512.72,3105773
2023-03-02,TATAMOTORS.NS,Auto,518.02,4269871
2023-03-03,TATAMOTORS.NS,Auto,511.0,4277696
2023-03-06,TATAMOTORS.NS,Auto,507.66,4158217
2023-03-07,TATAMOTORS.NS,Auto,515.02,4290595
2023-03-09,TATAMOTORS.NS,Auto,540.38,3804918
2023-03-10,TATAMOTORS.NS,Auto,549.06,3830757
2023-03-13,TATAMOTORS.NS,Auto,520.28,3001202
2023-03-14,TATAMOTORS.NS,Auto,521.71,2756775
2023-03-15,TATAMOTORS.NS,Auto,537.48,5183364
2023-03-16,TATAMOTORS.NS,Auto,537.95,2822523
2023-03-17,TATAMOTORS.NS,Auto,530.83,2070553
2023-03-20,TATAMOTORS.NS,Auto,543.72,3536084
2023-03-21,TATAMOTORS.NS,Auto,536.13,4396749
2023-03-22,TATAMOTORS.NS,Auto,535.37,3763875
2023-03-23,TATAMOTORS.NS,Auto,520.58,2627702
2023-03-24,TATAMOTORS.NS,Auto,507.88,5874464
2023-03-27,TATAMOTORS.NS,Auto,517.71,4330451
2023-03-28,TATAMOTORS.NS,Auto,511.34,5985518
2023-03-29,TATAMOTORS.NS,Auto,523.4,3930430
2023-03-30,TATAMOTORS.NS,Auto,544.8,4741219
2023-03-31,TATAMOTORS.NS,Auto,535.83,2681383
2023-04-03,TATAMOTORS.NS,Auto,533.95,1363294
2023-04-04,TATAMOTORS.NS,Auto,546.1,4042072
2023-04-05,TATAMOTORS.NS,Auto,558.15,2500223
2023-04-06,TATAMOTORS.NS,Auto,565.33,5410861
2023-04-07,TATAMOTORS.NS,Auto,561.67,5521343
2023-04-10,TATAMOTORS.NS,Auto,555.05,4452237
2023-04-11,TATAMOTORS.NS,Auto,552.63,2975889
2023-04-12,TATAMOTORS.NS,Auto,548.56,3978674
2023-04-13,TATAMOTORS.NS,Auto,565.18,4846471
2023-04-17,TATAMOTORS.NS,Auto,558.57,4602060
2023-04-18,TATAMOTORS.NS,Auto,562.42,2896737
2023-04-19,TATAMOTORS.NS,Auto,573.12,2062214
2023-04-20,TATAMOTORS.NS,Auto,573.61,4556157
2023-04-21,TATAMOTORS.NS,Auto,574.89,3965510
2023-04-24,TATAMOTORS.NS,Auto,582.63,4877594
2023-04-25,TATAMOTORS.NS,Auto,572.5,3965145
2023-04-26,TATAMOTORS.NS,Auto,583.34,3775091
2023-04-27,TATAMOTORS.NS,Auto,587.76,3750635
2023-04-28,TATAMOTORS.NS,Auto,586.51,3573938
2023-05-02,TATAMOTORS.NS,Auto,570.81,9249020
2023-05-03,TATAMOTORS.NS,Auto,594.75,3678634
2023-05-04,TATAMOTORS.NS,Auto,598.94,3562937
2023-05-05,TATAMOTORS.NS,Auto,584.16,5144113
2023-05-08,TATAMOTORS.NS,Auto,586.65,4674295
2023-05-09,TATAMOTORS.NS,Auto,584.51,4116141
2023-05-10,TATAMOTORS.NS,Auto,574.59,2956935
2023-05-11,TATAMOTORS.NS,Auto,568.72,2523227
2023-05-12,TATAMOTORS.NS,Auto,577.01,3916860
2023-05-15,TATAMOTORS.NS,Auto,574.47,3731043
2023-05-16,TATAMOTORS.NS,Auto,573.79,3350629
2023-05-17,TATAMOTORS.NS,Auto,571.54,5279179
2023-05-18,TATAMOTORS.NS,Auto,585.28,5518060
2023-05-19,TATAMOTORS.NS,Auto,613.16,5975376
2023-05-22,TATAMOTORS.NS,Auto,607.41,2788607
2023-05-23,TATAMOTORS.NS,Auto,600.07,5742859
2023-05-24,TATAMOTORS.NS,Auto,600.57,2057276
2023-05-25,TATAMOTORS.NS,Auto,612.1,3916121
2023-05-26,TATAMOTORS.NS,Auto,622.36,5400504
2023-05-29,TATAMOTORS.NS,Auto,607.23,2785091
2023-05-30,TATAMOTORS.NS,Auto,633.68,2499345
2023-05-31,TATAMOTORS.NS,Auto,626.88,3918711
2023-06-01,TATAMOTORS.NS,Auto,640.68,7117845
2023-06-02,TATAMOTORS.NS,Auto,657.43,7248083
2023-06-05,TATAMOTORS.NS,Auto,640.02,6022542
2023-06-06,TATAMOTORS.NS,Auto,651.82,2815991
2023-06-07,TATAMOTORS.NS,Auto,636.52,3998547
2023-06-08,TATAMOTORS.NS,Auto,631.63,8738880
2023-06-09,TATAMOTORS.NS,Auto,634.97,5477199
2023-06-12,TATAMOTORS.NS,Auto,635.4,2323285
2023-06-13,TATAMOTORS.NS,Auto,656.85,5293084
2023-06-14,TATAMOTORS.NS,Auto,649.52,3087752
2023-06-15,TATAMOTORS.NS,Auto,656.83,3611340
2023-06-16,TATAMOTORS.NS,Auto,669.77,5186719
2023-06-19,TATAMOTORS.NS,Auto,660.08,3518340
2023-06-20,TATAMOTORS.NS,Auto,660.26,3331001
2023-06-21,TATAMOTORS.NS,Auto,646.01,5827855
2023-06-22,TATAMOTORS.NS,Auto,625.17,5200970
2023-06-23,TATAMOTORS.NS,Auto,614.07,4490205
2023-06-26,TATAMOTORS.NS,Auto,635.88,8353511
2023-06-27,TATAMOTORS.NS,Auto,651.28,4306615
2023-06-28,TATAMOTORS.NS,Auto,658.56,4474632
2023-06-29,TATAMOTORS.NS,Auto,659.87,3581330
2023-06-30,TATAMOTORS.NS,Auto,668.02,2849440
2023-07-03,TATAMOTORS.NS,Auto,667.59,2433282
2023-07-04,TATAMOTORS.NS,Auto,665.49,5404998
2023-07-05,TATAMOTORS.NS,Auto,644.09,3419994
2023-07-06,TATAMOTORS.NS,Auto,647.59,9880657
2023-07-07,TATAMOTORS.NS,Auto,652.68,2932853
2023-07-10,TATAMOTORS.NS,Auto,643.41,3066552
2023-07-11,TATAMOTORS.NS,Auto,651.16,4491251
2023-07-12,TATAMOTORS.NS,Auto,666.49,2791326
2023-07-13,TATAMOTORS.NS,Auto,658.39,2370159
2023-07-14,TATAMOTORS.NS,Auto,687.06,5069282
2023-07-17,TATAMOTORS.NS,Auto,695.09,1858510
2023-07-18,TATAMOTORS.NS,Auto,715.16,4288037
2023-07-19,TATAMOTORS.NS,Auto,714.57,4319809
2023-07-20,TATAMOTORS.NS,Auto,729.67,5538526
2023-07-21,TATAMOTORS.NS,Auto,737.66,4730878
2023-07-24,TATAMOTORS.NS,Auto,739.06,10605196
2023-07-25,TATAMOTORS.NS,Auto,727.07,3504652
2023-07-26,TATAMOTORS.NS,Auto,724.75,2511534
2023-07-27,TATAMOTORS.NS,Auto,738.97,10481941
2023-07-28,TATAMOTORS.NS,Auto,735.07,4141225
2023-07-31,TATAMOTORS.NS,Auto,744.12,2942574
2023-08-01,TATAMOTORS.NS,Auto,739.3,2296791
2023-08-02,TATAMOTORS.NS,Auto,721.49,3578666
2023-08-03,TATAMOTORS.NS,Auto,720.84,3040196
2023-08-04,TATAMOTORS.NS,Auto,704.36,3049708
2023-08-07,TATAMOTORS.NS,Auto,717.37,1932434
2023-08-08,TATAMOTORS.NS,Auto,741.4,3509207
2023-08-09,TATAMOTORS.NS,Auto,762.54,4641105
2023-08-10,TATAMOTORS.NS,Auto,758.94,2810078
2023-08-11,TATAMOTORS.NS,Auto,759.05,3429584
2023-08-14,TATAMOTORS.NS,Auto,749.36,3369855
2023-08-16,TATAMOTORS.NS,Auto,740.95,4122039
2023-08-17,TATAMOTORS.NS,Auto,750.28,7174850
2023-08-18,TATAMOTORS.NS,Auto,748.79,4298487
2023-08-21,TATAMOTORS.NS,Auto,741.7,2663490
2023-08-22,TATAMOTORS.NS,Auto,731.35,3823335
2023-08-23,TATAMOTORS.NS,Auto,732.22,4525177
2023-08-24,TATAMOTORS.NS,Auto,731.11,2601821
2023-08-25,TATAMOTORS.NS,Auto,738.21,2897834
2023-08-28,TATAMOTORS.NS,Auto,745.39,2879790
2023-08-29,TATAMOTORS.NS,Auto,739.37,3739135
2023-08-30,TATAMOTORS.NS,Auto,750.18,3500623
2023-08-31,TATAMOTORS.NS,Auto,727.24,2214058
2023-09-01,TATAMOTORS.NS,Auto,718.12,3257622
2023-09-04,TATAMOTORS.NS,Auto,700.72,3943395
2023-09-05,TATAMOTORS.NS,Auto,696.14,5812139
2023-09-06,TATAMOTORS.NS,Auto,706.68,2510813
2023-09-07,TATAMOTORS.NS,Auto,707.64,2894137
2023-09-08,TATAMOTORS.NS,Auto,685.05,2681766
2023-09-11,TATAMOTORS.NS,Auto,674.55,2249001
2023-09-12,TATAMOTORS.NS,Auto,678.77,1580930
2023-09-13,TATAMOTORS.NS,Auto,676.37,4662577
2023-09-14,TATAMOTORS.NS,Auto,676.71,4158955
2023-09-15,TATAMOTORS.NS,Auto,684.06,4609370
2023-09-18,TATAMOTORS.NS,Auto,684.88,4375611
2023-09-19,TATAMOTORS.NS,Auto,679.42,3416288
2023-09-20,TATAMOTORS.NS,Auto,674.14,3182677
2023-09-21,TATAMOTORS.NS,Auto,677.19,5777364
2023-09-22,TATAMOTORS.NS,Auto,685.3,4991730
2023-09-25,TATAMOTORS.NS,Auto,690.77,3812086
2023-09-26,TATAMOTORS.NS,Auto,704.24,2810054
2023-09-27,TATAMOTORS.NS,Auto,717.23,4119529
2023-09-28,TATAMOTORS.NS,Auto,719.17,4267430
2023-09-29,TATAMOTORS.NS,Auto,711.98,3202466
2023-10-03,TATAMOTORS.NS,Auto,718.9,4337530
2023-10-04,TATAMOTORS.NS,Auto,721.78,4883295
2023-10-05,TATAMOTORS.NS,Auto,719.83,4645949
2023-10-06,TATAMOTORS.NS,Auto,720.3,5574724
2023-10-09,TATAMOTORS.NS,Auto,718.79,5378524
2023-10-10,TATAMOTORS.NS,Auto,708.25,5730058
2023-10-11,TATAMOTORS.NS,Auto,693.14,3307192
2023-10-12,TATAMOTORS.NS,Auto,714.4,5246096
2023-10-13,TATAMOTORS.NS,Auto,735.36,4723894
2023-10-16,TATAMOTORS.NS,Auto,734.41,5303504
2023-10-17,TATAMOTORS.NS,Auto,739.97,4162986
2023-10-18,TATAMOTORS.NS,Auto,731.08,4731126
2023-10-19,TATAMOTORS.NS,Auto,734.39,2793721
2023-10-20,TATAMOTORS.NS,Auto,744.19,4703943
2023-10-23,TATAMOTORS.NS,Auto,738.39,6111376
2023-10-24,TATAMOTORS.NS,Auto,727.01,7113706
2023-10-25,TATAMOTORS.NS,Auto,756.03,3823078
2023-10-26,TATAMOTORS.NS,Auto,747.38,7461119
2023-10-27,TATAMOTORS.NS,Auto,760.66,3769946
2023-10-30,TATAMOTORS.NS,Auto,760.81,5092404
2023-10-31,TATAMOTORS.NS,Auto,734.48,4081901
2023-11-01,TATAMOTORS.NS,Auto,748.69,6227059
2023-11-02,TATAMOTORS.NS,Auto,759.28,4288212
2023-11-03,TATAMOTORS.NS,Auto,748.91,3236220
2023-11-06,TATAMOTORS.NS,Auto,759.39,5744721
2023-11-07,TATAMOTORS.NS,Auto,756.91,3356925
2023-11-08,TATAMOTORS.NS,Auto,782.58,4455692
2023-11-09,TATAMOTORS.NS,Auto,763.81,2208080
2023-11-10,TATAMOTORS.NS,Auto,756.07,5333827
2023-11-13,TATAMOTORS.NS,Auto,757.3,2070477
2023-11-14,TATAMOTORS.NS,Auto,751.5,3351825
2023-11-15,TATAMOTORS.NS,Auto,743.4,2475582
2023-11-16,TATAMOTORS.NS,Auto,738.89,2697939
2023-11-17,TATAMOTORS.NS,Auto,750.78,3943541
2023-11-20,TATAMOTORS.NS,Auto,758.1,3156484
2023-11-21,TATAMOTORS.NS,Auto,760.73,5169007
2023-11-22,TATAMOTORS.NS,Auto,746.71,3663017
2023-11-23,TATAMOTORS.NS,Auto,738.87,4234483
2023-11-24,TATAMOTORS.NS,Auto,721.66,2999965
2023-11-27,TATAMOTORS.NS,Auto,742.15,5187806
2023-11-28,TATAMOTORS.NS,Auto,752.04,4256253
2023-11-29,TATAMOTORS.NS,Auto,730.0,4800179
2023-11-30,TATAMOTORS.NS,Auto,729.89,5209723
2023-12-01,TATAMOTORS.NS,Auto,735.71,5403617
2023-12-04,TATAMOTORS.NS,Auto,744.2,4617630
2023-12-05,TATAMOTORS.NS,Auto,746.29,4243520
2023-12-06,TATAMOTORS.NS,Auto,750.59,5876942
2023-12-07,TATAMOTORS.NS,Auto,747.7,4227253
2023-12-08,TATAMOTORS.NS,Auto,741.69,3454869
2023-12-11,TATAMOTORS.NS,Auto,762.77,5503664
2023-12-12,TATAMOTORS.NS,Auto,775.85,5758278
2023-12-13,TATAMOTORS.NS,Auto,777.96,3921714
2023-12-14,TATAMOTORS.NS,Auto,762.17,4960589
2023-12-15,TATAMOTORS.NS,Auto,755.11,4682961
2023-12-18,TATAMOTORS.NS,Auto,736.39,4120280
2023-12-19,TATAMOTORS.NS,Auto,732.62,2387388
2023-12-20,TATAMOTORS.NS,Auto,737.86,2715345
2023-12-21,TATAMOTORS.NS,Auto,757.18,3508205
2023-12-22,TATAMOTORS.NS,Auto,757.47,4050911
2023-12-26,TATAMOTORS.NS,Auto,735.55,2645020
2023-12-27,TATAMOTORS.NS,Auto,744.25,1919034
2023-12-28,TATAMOTORS.NS,Auto,735.28,3852104
2023-12-29,TATAMOTORS.NS,Auto,738.7,4004850
2024-01-01,TATAMOTORS.NS,Auto,728.25,5404596
2024-01-02,TATAMOTORS.NS,Auto,741.99,7853870
2024-01-03,TATAMOTORS.NS,Auto,744.55,2482117
2024-01-04,TATAMOTORS.NS,Auto,750.99,4499940
2024-01-05,TATAMOTORS.NS,Auto,739.46,9179550
2024-01-08,TATAMOTORS.NS,Auto,732.97,2517633
2024-01-09,TATAMOTORS.NS,Auto,733.75,2836760
2024-01-10,TATAMOTORS.NS,Auto,737.07,5610425
2024-01-11,TATAMOTORS.NS,Auto,768.26,4265668
2024-01-12,TATAMOTORS.NS,Auto,770.15,4397030
2024-01-15,TATAMOTORS.NS,Auto,773.54,4960796
2024-01-16,TATAMOTORS.NS,Auto,771.47,5172980
2024-01-17,TATAMOTORS.NS,Auto,761.23,4630778
2024-01-18,TATAMOTORS.NS,Auto,776.94,4832978
2024-01-19,TATAMOTORS.NS,Auto,766.59,2625106
2024-01-22,TATAMOTORS.NS,Auto,754.41,5630627
2024-01-23,TATAMOTORS.NS,Auto,744.59,6902335
2024-01-24,TATAMOTORS.NS,Auto,754.54,5886967
2024-01-25,TATAMOTORS.NS,Auto,742.8,4755067
2024-01-29,TATAMOTORS.NS,Auto,720.5,7728990
2024-01-30,TATAMOTORS.NS,Auto,745.65,4262506
2024-01-31,TATAMOTORS.NS,Auto,709.88,5652178
2024-02-01,TATAMOTORS.NS,Auto,703.12,7221856
2024-02-02,TATAMOTORS.NS,Auto,731.52,3515416
2024-02-05,TATAMOTORS.NS,Auto,731.75,6316950
2024-02-06,TATAMOTORS.NS,Auto,764.31,2686900
2024-02-07,TATAMOTORS.NS,Auto,772.12,2950672
2024-02-08,TATAMOTORS.NS,Auto,754.27,2830118
2024-02-09,TATAMOTORS.NS,Auto,757.92,1881799
2024-02-12,TATAMOTORS.NS,Auto,746.37,3107214
2024-02-13,TATAMOTORS.NS,Auto,752.85,4108940
2024-02-14,TATAMOTORS.NS,Auto,733.01,3587279
2024-02-15,TATAMOTORS.NS,Auto,720.82,2554906
2024-02-16,TATAMOTORS.NS,Auto,733.11,1684514
2024-02-19,TATAMOTORS.NS,Auto,719.03,3070472
2024-02-20,TATAMOTORS.NS,Auto,691.14,2966485
2024-02-21,TATAMOTORS.NS,Auto,701.31,7749477
2024-02-22,TATAMOTORS.NS,Auto,689.03,3966104
2024-02-23,TATAMOTORS.NS,Auto,701.93,7376106
2024-02-26,TATAMOTORS.NS,Auto,687.45,3106578
2024-02-27,TATAMOTORS.NS,Auto,699.39,5769606
2024-02-28,TATAMOTORS.NS,Auto,715.93,4348948
2024-02-29,TATAMOTORS.NS,Auto,714.22,3006685
2024-03-01,TATAMOTORS.NS,Auto,699.95,4368499
2024-03-04,TATAMOTORS.NS,Auto,704.34,3714885
2024-03-05,TATAMOTORS.NS,Auto,714.82,3588535
2024-03-06,TATAMOTORS.NS,Auto,703.49,2232735
2024-03-07,TATAMOTORS.NS,Auto,675.06,7956382
2024-03-11,TATAMOTORS.NS,Auto,665.25,4828520
2024-03-12,TATAMOTORS.NS,Auto,651.96,2704167
2024-03-13,TATAMOTORS.NS,Auto,647.41,4577116
2024-03-14,TATAMOTORS.NS,Auto,630.52,3535237
2024-03-15,TATAMOTORS.NS,Auto,643.7,6520160
2024-03-18,TATAMOTORS.NS,Auto,656.78,3605632
2024-03-19,TATAMOTORS.NS,Auto,647.66,3929188
2024-03-20,TATAMOTORS.NS,Auto,646.76,3207867
2024-03-21,TATAMOTORS.NS,Auto,634.12,4725643
2024-03-22,TATAMOTORS.NS,Auto,629.73,3969899
2024-03-25,TATAMOTORS.NS,Auto,620.54,6183542
2024-03-26,TATAMOTORS.NS,Auto,611.53,4447602
2024-03-27,TATAMOTORS.NS,Auto,614.59,9391894
2024-03-28,TATAMOTORS.NS,Auto,607.39,3801887
2024-03-29,TATAMOTORS.NS,Auto,622.8,3025438
2024-04-01,TATAMOTORS.NS,Auto,614.05,3097956
2024-04-02,TATAMOTORS.NS,Auto,626.12,3103045
2024-04-03,TATAMOTORS.NS,Auto,635.82,3003698
2024-04-04,TATAMOTORS.NS,Auto,623.27,6796543
2024-04-05,TATAMOTORS.NS,Auto,625.04,3650507
2024-04-08,TATAMOTORS.NS,Auto,612.09,4440060
2024-04-09,TATAMOTORS.NS,Auto,625.64,2556937
2024-04-10,TATAMOTORS.NS,Auto,622.88,3999758
2024-04-11,TATAMOTORS.NS,Auto,631.13,1762360
2024-04-12,TATAMOTORS.NS,Auto,645.13,4529217
2024-04-15,TATAMOTORS.NS,Auto,674.52,3322577
2024-04-16,TATAMOTORS.NS,Auto,659.64,7010026
2024-04-17,TATAMOTORS.NS,Auto,639.72,5346221
2024-04-18,TATAMOTORS.NS,Auto,617.59,5304710
2024-04-19,TATAMOTORS.NS,Auto,632.03,2946618
2024-04-22,TATAMOTORS.NS,Auto,636.66,4544716
2024-04-23,TATAMOTORS.NS,Auto,634.76,7945513
2024-04-24,TATAMOTORS.NS,Auto,639.53,3068584
2024-04-25,TATAMOTORS.NS,Auto,634.66,2984373
2024-04-26,TATAMOTORS.NS,Auto,640.53,4079613
2024-04-29,TATAMOTORS.NS,Auto,644.1,4369277
2024-04-30,TATAMOTORS.NS,Auto,646.01,5073231
2024-05-02,TATAMOTORS.NS,Auto,641.33,4841646
2024-05-03,TATAMOTORS.NS,Auto,657.96,4345313
2024-05-06,TATAMOTORS.NS,Auto,643.76,3128191
2024-05-07,TATAMOTORS.NS,Auto,637.09,8040715
2024-05-08,TATAMOTORS.NS,Auto,660.01,6817847
2024-05-09,TATAMOTORS.NS,Auto,670.72,4739581
2024-05-10,TATAMOTORS.NS,Auto,651.33,6238687
2024-05-13,TATAMOTORS.NS,Auto,627.16,3975407
2024-05-14,TATAMOTORS.NS,Auto,621.83,2640972
2024-05-15,TATAMOTORS.NS,Auto,624.47,5534755
2024-05-16,TATAMOTORS.NS,Auto,626.91,2598700
2024-05-17,TATAMOTORS.NS,Auto,629.42,8358005
2024-05-20,TATAMOTORS.NS,Auto,634.45,2732123
2024-05-21,TATAMOTORS.NS,Auto,631.07,6651843
2024-05-22,TATAMOTORS.NS,Auto,639.28,7830350
2024-05-23,TATAMOTORS.NS,Auto,641.29,2532686
2024-05-24,TATAMOTORS.NS,Auto,621.82,2447957
2024-05-27,TATAMOTORS.NS,Auto,622.24,4866715
2024-05-28,TATAMOTORS.NS,Auto,613.92,6997542
2024-05-29,TATAMOTORS.NS,Auto,620.14,5225817
2024-05-30,TATAMOTORS.NS,Auto,616.6,3057111
2024-05-31,TATAMOTORS.NS,Auto,599.35,7027884
2024-06-03,TATAMOTORS.NS,Auto,604.56,8967620
2024-06-04,TATAMOTORS.NS,Auto,612.53,2936190
2024-06-05,TATAMOTORS.NS,Auto,593.93,4683766
2024-06-06,TATAMOTORS.NS,Auto,616.05,5107977
2024-06-07,TATAMOTORS.NS,Auto,625.23,3717055
2024-06-10,TATAMOTORS.NS,Auto,619.81,2994873
2024-06-11,TATAMOTORS.NS,Auto,613.0,2825088
2024-06-12,TATAMOTORS.NS,Auto,617.86,2201084
2024-06-13,TATAMOTORS.NS,Auto,616.23,5546521
2024-06-14,TATAMOTORS.NS,Auto,620.73,3424882
2024-06-17,TATAMOTORS.NS,Auto,633.13,7330243
2024-06-18,TATAMOTORS.NS,Auto,631.63,4957483
2024-06-19,TATAMOTORS.NS,Auto,618.7,3977788
2024-06-20,TATAMOTORS.NS,Auto,617.27,6807906
2024-06-21,TATAMOTORS.NS,Auto,620.31,3986860
2024-06-24,TATAMOTORS.NS,Auto,617.03,3359308
2024-06-25,TATAMOTORS.NS,Auto,626.93,5287726
2024-06-26,TATAMOTORS.NS,Auto,639.16,3364990
2024-06-27,TATAMOTORS.NS,Auto,630.44,4323143
2024-06-28,TATAMOTORS.NS,Auto,629.65,4613088
2024-07-01,TATAMOTORS.NS,Auto,622.91,4147179
2024-07-02,TATAMOTORS.NS,Auto,616.03,4637247
2024-07-03,TATAMOTORS.NS,Auto,597.73,4639461
2024-07-04,TATAMOTORS.NS,Auto,608.78,4319228
2024-07-05,TATAMOTORS.NS,Auto,640.82,3364406
2024-07-08,TATAMOTORS.NS,Auto,655.39,2814613
2024-07-09,TATAMOTORS.NS,Auto,675.27,3118970
2024-07-10,TATAMOTORS.NS,Auto,687.01,3188468
2024-07-11,TATAMOTORS.NS,Auto,675.41,5083279
2024-07-12,TATAMOTORS.NS,Auto,684.87,7381471
2024-07-15,TATAMOTORS.NS,Auto,697.54,4025969
2024-07-16,TATAMOTORS.NS,Auto,713.74,6205596
2024-07-17,TATAMOTORS.NS,Auto,702.47,3154114
2024-07-18,TATAMOTORS.NS,Auto,704.21,3832848
2024-07-19,TATAMOTORS.NS,Auto,722.55,3798637
2024-07-22,TATAMOTORS.NS,Auto,713.55,4960603
2024-07-23,TATAMOTORS.NS,Auto,723.72,3248463
2024-07-24,TATAMOTORS.NS,Auto,737.58,5225896
2024-07-25,TATAMOTORS.NS,Auto,710.44,4555426
2024-07-26,TATAMOTORS.NS,Auto,704.75,4267748
2024-07-29,TATAMOTORS.NS,Auto,693.33,3300077
2024-07-30,TATAMOTORS.NS,Auto,710.61,2252502
2024-07-31,TATAMOTORS.NS,Auto,710.95,3440198
2024-08-01,TATAMOTORS.NS,Auto,705.37,5232000
2024-08-02,TATAMOTORS.NS,Auto,708.7,2167848
2024-08-05,TATAMOTORS.NS,Auto,717.63,2316394
2024-08-06,TATAMOTORS.NS,Auto,715.76,3631223
2024-08-07,TATAMOTORS.NS,Auto,737.06,2988520
2024-08-08,TATAMOTORS.NS,Auto,740.29,12347649
2024-08-09,TATAMOTORS.NS,Auto,744.41,4361059
2024-08-12,TATAMOTORS.NS,Auto,725.86,3480046
2024-08-13,TATAMOTORS.NS,Auto,733.52,5964277
2024-08-14,TATAMOTORS.NS,Auto,727.26,3914678
2024-08-16,TATAMOTORS.NS,Auto,711.35,3885749
2024-08-19,TATAMOTORS.NS,Auto,729.92,7583683
2024-08-20,TATAMOTORS.NS,Auto,729.35,1931460
2024-08-21,TATAMOTORS.NS,Auto,723.24,2855464
2024-08-22,TATAMOTORS.NS,Auto,701.71,4820397
2024-08-23,TATAMOTORS.NS,Auto,685.19,2864973
2024-08-26,TATAMOTORS.NS,Auto,661.3,2852586
2024-08-27,TATAMOTORS.NS,Auto,670.26,5344188
2024-08-28,TATAMOTORS.NS,Auto,677.52,3158574
2024-08-29,TATAMOTORS.NS,Auto,690.73,4553309
2024-08-30,TATAMOTORS.NS,Auto,696.87,3662378
2024-09-02,TATAMOTORS.NS,Auto,136.06,4523552
2024-09-03,TATAMOTORS.NS,Auto,139.68,3867209
2024-09-04,TATAMOTORS.NS,Auto,138.69,5363643
2024-09-05,TATAMOTORS.NS,Auto,139.99,5582565
2024-09-06,TATAMOTORS.NS,Auto,132.98,3133214
2024-09-09,TATAMOTORS.NS,Auto,130.1,2273510
2024-09-10,TATAMOTORS.NS,Auto,128.46,3810737
2024-09-11,TATAMOTORS.NS,Auto,130.25,3260097
2024-09-12,TATAMOTORS.NS,Auto,126.77,3113004
2024-09-13,TATAMOTORS.NS,Auto,134.37,2178187
2024-09-16,TATAMOTORS.NS,Auto,135.98,3463179
2024-09-17,TATAMOTORS.NS,Auto,139.37,4052541
2024-09-18,TATAMOTORS.NS,Auto,142.94,3246993
2024-09-19,TATAMOTORS.NS,Auto,146.29,3924570
2024-09-20,TATAMOTORS.NS,Auto,142.6,5014506
2024-09-23,TATAMOTORS.NS,Auto,141.98,6559603
2024-09-24,TATAMOTORS.NS,Auto,140.98,6834699
2024-09-25,TATAMOTORS.NS,Auto,141.1,3181414
2024-09-26,TATAMOTORS.NS,Auto,143.66,3071748
2024-09-27,TATAMOTORS.NS,Auto,142.24,2461361
2024-09-30,TATAMOTORS.NS,Auto,141.25,5312590
2024-10-01,TATAMOTORS.NS,Auto,143.51,4258001
2024-10-03,TATAMOTORS.NS,Auto,140.64,6562274
2024-10-04,TATAMOTORS.NS,Auto,139.96,4254029
2024-10-07,TATAMOTORS.NS,Auto,140.04,3285434
2024-10-08,TATAMOTORS.NS,Auto,142.27,3925367
2024-10-09,TATAMOTORS.NS,Auto,144.26,3700878
2024-10-10,TATAMOTORS.NS,Auto,142.69,3104152
2024-10-11,TATAMOTORS.NS,Auto,137.55,4113873
2024-10-14,TATAMOTORS.NS,Auto,142.22,2939910
2024-10-15,TATAMOTORS.NS,Auto,135.6,6494530
2024-10-16,TATAMOTORS.NS,Auto,137.38,2185789
2024-10-17,TATAMOTORS.NS,Auto,137.29,6082968
2024-10-18,TATAMOTORS.NS,Auto,138.24,3348764
2024-10-21,TATAMOTORS.NS,Auto,139.32,1444575
2024-10-22,TATAMOTORS.NS,Auto,137.2,2127096
2024-10-23,TATAMOTORS.NS,Auto,136.6,3901807
2024-10-24,TATAMOTORS.NS,Auto,138.0,3444598
2024-10-25,TATAMOTORS.NS,Auto,140.62,4605542
2024-10-28,TATAMOTORS.NS,Auto,133.67,3440730
2024-10-29,TATAMOTORS.NS,Auto,131.18,4887610
2024-10-30,TATAMOTORS.NS,Auto,133.36,4007549
2024-10-31,TATAMOTORS.NS,Auto,130.76,5014697
2024-11-04,TATAMOTORS.NS,Auto,133.22,5407725
2024-11-05,TATAMOTORS.NS,Auto,135.82,4768370
2024-11-06,TATAMOTORS.NS,Auto,135.35,3597679
2024-11-07,TATAMOTORS.NS,Auto,137.02,6568277
2024-11-08,TATAMOTORS.NS,Auto,133.98,3899651
2024-11-11,TATAMOTORS.NS,Auto,133.08,3095880
2024-11-12,TATAMOTORS.NS,Auto,135.08,3440191
2024-11-13,TATAMOTORS.NS,Auto,133.2,4570115
2024-11-14,TATAMOTORS.NS,Auto,131.93,5660220
2024-11-15,TATAMOTORS.NS,Auto,132.68,5041637
2024-11-18,TATAMOTORS.NS,Auto,132.96,5046950
2024-11-19,TATAMOTORS.NS,Auto,134.78,3508678
2024-11-20,TATAMOTORS.NS,Auto,129.72,5839925
2024-11-21,TATAMOTORS.NS,Auto,131.92,4002116
2024-11-22,TATAMOTORS.NS,Auto,128.17,3300507
2024-11-25,TATAMOTORS.NS,Auto,127.28,2045968
2024-11-26,TATAMOTORS.NS,Auto,131.93,4935015
2024-11-27,TATAMOTORS.NS,Auto,132.05,3252657
2024-11-28,TATAMOTORS.NS,Auto,131.21,2729348
2024-11-29,TATAMOTORS.NS,Auto,128.82,2551023
2024-12-02,TATAMOTORS.NS,Auto,131.44,5461526
2024-12-03,TATAMOTORS.NS,Auto,130.86,4238851
2024-12-04,TATAMOTORS.NS,Auto,124.43,4777779
2024-12-05,TATAMOTORS.NS,Auto,123.49,3699530
2024-12-06,TATAMOTORS.NS,Auto,123.01,4048371
2024-12-09,TATAMOTORS.NS,Auto,122.47,3932941
2024-12-10,TATAMOTORS.NS,Auto,125.8,2658251
2024-12-11,TATAMOTORS.NS,Auto,123.67,5310915
2024-12-12,TATAMOTORS.NS,Auto,123.93,2956372
2024-12-13,TATAMOTORS.NS,Auto,122.54,3303051
2024-12-16,TATAMOTORS.NS,Auto,122.64,4543811
2024-12-17,TATAMOTORS.NS,Auto,123.09,5736383
2024-12-18,TATAMOTORS.NS,Auto,123.88,3214591
2024-12-19,TATAMOTORS.NS,Auto,127.87,5212209
2024-12-20,TATAMOTORS.NS,Auto,125.81,4479323
2024-12-23,TATAMOTORS.NS,Auto,130.74,3695373
2024-12-24,TATAMOTORS.NS,Auto,141.26,3876022
2024-12-26,TATAMOTORS.NS,Auto,140.93,3861553
2024-12-27,TATAMOTORS.NS,Auto,145.02,4325013
2024-12-30,TATAMOTORS.NS,Auto,147.06,5974610
2024-12-31,TATAMOTORS.NS,Auto,147.99,4422263
2025-01-01,TATAMOTORS.NS,Auto,145.43,3629545
2025-01-02,TATAMOTORS.NS,Auto,143.35,3409613
2025-01-03,TATAMOTORS.NS,Auto,142.23,4195296
2025-01-06,TATAMOTORS.NS,Auto,142.14,3381534
2025-01-07,TATAMOTORS.NS,Auto,138.8,2142854
2025-01-08,TATAMOTORS.NS,Auto,137.44,5963260
2025-01-09,TATAMOTORS.NS,Auto,140.8,3818978
2025-01-10,TATAMOTORS.NS,Auto,144.82,3749418
2025-01-13,TATAMOTORS.NS,Auto,141.8,6403486
2025-01-14,TATAMOTORS.NS,Auto,146.84,3336703
2025-01-15,TATAMOTORS.NS,Auto,143.44,4634858
2025-01-16,TATAMOTORS.NS,Auto,140.48,3986590
2025-01-17,TATAMOTORS.NS,Auto,137.12,4504606
2025-01-20,TATAMOTORS.NS,Auto,134.24,3239678
2025-01-21,TATAMOTORS.NS,Auto,137.08,5478282
2025-01-22,TATAMOTORS.NS,Auto,137.95,7434225
2025-01-23,TATAMOTORS.NS,Auto,137.74,2876307
2025-01-24,TATAMOTORS.NS,Auto,138.1,5208361
2025-01-27,TATAMOTORS.NS,Auto,134.92,4164902
2025-01-28,TATAMOTORS.NS,Auto,128.94,4541601
2025-01-29,TATAMOTORS.NS,Auto,123.39,4696683
2025-01-30,TATAMOTORS.NS,Auto,123.45,2575183
2025-01-31,TATAMOTORS.NS,Auto,123.92,3027180
2025-02-03,TATAMOTORS.NS,Auto,120.96,3666418
2025-02-04,TATAMOTORS.NS,Auto,115.96,6126461
2025-02-05,TATAMOTORS.NS,Auto,117.22,3590123
2025-02-06,TATAMOTORS.NS,Auto,119.8,4703680
2025-02-07,TATAMOTORS.NS,Auto,117.56,4071741
2025-02-10,TATAMOTORS.NS,Auto,114.6,4088807
2025-02-11,TATAMOTORS.NS,Auto,116.48,4211026
2025-02-12,TATAMOTORS.NS,Auto,113.07,3002463
2025-02-13,TATAMOTORS.NS,Auto,110.12,3783165
2025-02-14,TATAMOTORS.NS,Auto,112.41,3459879
2025-02-17,TATAMOTORS.NS,Auto,110.92,3913747
2025-02-18,TATAMOTORS.NS,Auto,111.23,3148755
2025-02-19,TATAMOTORS.NS,Auto,109.07,7539706
2025-02-20,TATAMOTORS.NS,Auto,110.58,2197190
2025-02-21,TATAMOTORS.NS,Auto,110.03,2222017
2025-02-24,TATAMOTORS.NS,Auto,111.4,4636366
2025-02-25,TATAMOTORS.NS,Auto,110.5,5327308
2025-02-26,TATAMOTORS.NS,Auto,107.47,7006388
2025-02-27,TATAMOTORS.NS,Auto,106.93,3643397
2025-02-28,TATAMOTORS.NS,Auto,104.31,3998628
2025-03-03,TATAMOTORS.NS,Auto,103.84,4758416
2025-03-04,TATAMOTORS.NS,Auto,102.42,6519476
2025-03-05,TATAMOTORS.NS,Auto,99.99,2523969
2025-03-06,TATAMOTORS.NS,Auto,101.99,4272436
2025-03-07,TATAMOTORS.NS,Auto,103.26,4995689
2025-03-10,TATAMOTORS.NS,Auto,100.01,3552437
2025-03-11,TATAMOTORS.NS,Auto,103.18,4647007
2025-03-12,TATAMOTORS.NS,Auto,101.45,3222535
2025-03-13,TATAMOTORS.NS,Auto,101.99,6121741
2025-03-14,TATAMOTORS.NS,Auto,96.64,2153783
2025-03-17,TATAMOTORS.NS,Auto,96.34,3645367
2025-03-18,TATAMOTORS.NS,Auto,93.63,4872002
2025-03-19,TATAMOTORS.NS,Auto,91.18,3609620
2025-03-20,TATAMOTORS.NS,Auto,91.92,5384373
2025-03-21,TATAMOTORS.NS,Auto,93.23,4091731
2025-03-24,TATAMOTORS.NS,Auto,92.29,4436755
2025-03-25,TATAMOTORS.NS,Auto,90.43,4865817
2025-03-26,TATAMOTORS.NS,Auto,91.66,3920191
2025-03-27,TATAMOTORS.NS,Auto,91.22,2237023
2025-03-28,TATAMOTORS.NS,Auto,90.73,7373016
2025-03-31,TATAMOTORS.NS,Auto,90.53,6443219
2025-04-01,TATAMOTORS.NS,Auto,90.3,5143832
2025-04-02,TATAMOTORS.NS,Auto,93.6,3516905
2025-04-03,TATAMOTORS.NS,Auto,92.31,4669065
2025-04-04,TATAMOTORS.NS,Auto,89.98,2181917
2025-04-07,TATAMOTORS.NS,Auto,91.66,2310582
2025-04-08,TATAMOTORS.NS,Auto,92.06,9281042
2025-04-09,TATAMOTORS.NS,Auto,88.28,2587257
2025-04-10,TATAMOTORS.NS,Auto,85.06,3590563
2025-04-11,TATAMOTORS.NS,Auto,85.13,4199642
2025-04-15,TATAMOTORS.NS,Auto,82.46,4505087
2025-04-16,TATAMOTORS.NS,Auto,82.3,3991694
2025-04-17,TATAMOTORS.NS,Auto,81.02,3508456
2025-04-18,TATAMOTORS.NS,Auto,81.12,3853273
2025-04-21,TATAMOTORS.NS,Auto,81.09,5943539
2025-04-22,TATAMOTORS.NS,Auto,78.22,4992499
2025-04-23,TATAMOTORS.NS,Auto,77.15,5069281
2025-04-24,TATAMOTORS.NS,Auto,79.05,2025749
2025-04-25,TATAMOTORS.NS,Auto,79.21,4799919
2025-04-28,TATAMOTORS.NS,Auto,79.91,4174311
2025-04-29,TATAMOTORS.NS,Auto,82.8,3196564
2025-04-30,TATAMOTORS.NS,Auto,85.31,7606509
2025-05-02,TATAMOTORS.NS,Auto,84.89,2388102
2025-05-05,TATAMOTORS.NS,Auto,82.66,3945240
2025-05-06,TATAMOTORS.NS,Auto,84.38,6038778
2025-05-07,TATAMOTORS.NS,Auto,86.92,4216715
2025-05-08,TATAMOTORS.NS,Auto,86.86,2009404
2025-05-09,TATAMOTORS.NS,Auto,91.19,6611557
2025-05-12,TATAMOTORS.NS,Auto,91.94,2200598
2025-05-13,TATAMOTORS.NS,Auto,92.71,2626372
2025-05-14,TATAMOTORS.NS,Auto,94.78,5600470
2025-05-15,TATAMOTORS.NS,Auto,94.7,2849647
2025-05-16,TATAMOTORS.NS,Auto,95.94,3650612
2025-05-19,TATAMOTORS.NS,Auto,91.61,2838808
2025-05-20,TATAMOTORS.NS,Auto,90.93,4094564
2025-05-21,TATAMOTORS.NS,Auto,90.66,6070338
2025-05-22,TATAMOTORS.NS,Auto,89.56,2298020
2025-05-23,TATAMOTORS.NS,Auto,89.17,4347223
2025-05-26,TATAMOTORS.NS,Auto,88.35,2185736
2025-05-27,TATAMOTORS.NS,Auto,89.43,8326443
2025-05-28,TATAMOTORS.NS,Auto,87.86,2891840
2025-05-29,TATAMOTORS.NS,Auto,85.07,4861084
2025-05-30,TATAMOTORS.NS,Auto,84.7,4423780
2025-06-02,TATAMOTORS.NS,Auto,87.1,4186306
2025-06-03,TATAMOTORS.NS,Auto,86.8,3423703
2025-06-04,TATAMOTORS.NS,Auto,86.14,2472559
2025-06-05,TATAMOTORS.NS,Auto,86.37,6687628
2025-06-06,TATAMOTORS.NS,Auto,89.85,2869941
2025-06-09,TATAMOTORS.NS,Auto,90.92,3831028
2025-06-10,TATAMOTORS.NS,Auto,89.26,3536699
2025-06-11,TATAMOTORS.NS,Auto,88.78,5632492
2025-06-12,TATAMOTORS.NS,Auto,88.19,8850775
2025-06-13,TATAMOTORS.NS,Auto,90.69,3145370
2025-06-16,TATAMOTORS.NS,Auto,88.24,4192228
2025-06-17,TATAMOTORS.NS,Auto,86.62,5817168
2025-06-18,TATAMOTORS.NS,Auto,88.59,6362284
2025-06-19,TATAMOTORS.NS,Auto,91.93,3781774
2025-06-20,TATAMOTORS.NS,Auto,92.64,3832280
2025-06-23,TATAMOTORS.NS,Auto,93.0,6256857
2025-06-24,TATAMOTORS.NS,Auto,91.99,2092723
2025-06-25,TATAMOTORS.NS,Auto,93.35,5493385
2025-06-26,TATAMOTORS.NS,Auto,96.35,3018548
2025-06-27,TATAMOTORS.NS,Auto,97.84,4206475
2025-06-30,TATAMOTORS.NS,Auto,98.02,4081032
2025-07-01,TATAMOTORS.NS,Auto,99.18,3228429
2025-07-02,TATAMOTORS.NS,Auto,101.36,4451633
2025-07-03,TATAMOTORS.NS,Auto,100.05,3522572
2025-07-04,TATAMOTORS.NS,Auto,100.63,5689528
2025-07-07,TATAMOTORS.NS,Auto,100.38,3053243
2025-07-08,TATAMOTORS.NS,Auto,98.43,2768474
2025-07-09,TATAMOTORS.NS,Auto,97.44,4150798
2025-07-10,TATAMOTORS.NS,Auto,96.73,3892490
2025-07-11,TATAMOTORS.NS,Auto,96.3,6775629
2025-07-14,TATAMOTORS.NS,Auto,99.95,3956999
2025-07-15,TATAMOTORS.NS,Auto,100.32,3990931
2025-07-16,TATAMOTORS.NS,Auto,100.66,2615146
2025-07-17,TATAMOTORS.NS,Auto,101.97,4270979
2025-07-18,TATAMOTORS.NS,Auto,101.08,2677142
2025-07-21,TATAMOTORS.NS,Auto,100.04,3738818
2025-07-22,TATAMOTORS.NS,Auto,103.29,2896604
2025-07-23,TATAMOTORS.NS,Auto,106.78,4779390
2025-07-24,TATAMOTORS.NS,Auto,109.1,3843485
2025-07-25,TATAMOTORS.NS,Auto,109.49,5971815
2025-07-28,TATAMOTORS.NS,Auto,110.09,2809834
2025-07-29,TATAMOTORS.NS,Auto,109.26,4045898
2025-07-30,TATAMOTORS.NS,Auto,109.82,4169467
2025-07-31,TATAMOTORS.NS,Auto,106.99,3783966
2025-08-01,TATAMOTORS.NS,Auto,108.77,5819744
2025-08-04,TATAMOTORS.NS,Auto,113.49,3881678
2025-08-05,TATAMOTORS.NS,Auto,110.99,2759882
2025-08-06,TATAMOTORS.NS,Auto,114.87,4575584
2025-08-07,TATAMOTORS.NS,Auto,116.14,7438778
2025-08-08,TATAMOTORS.NS,Auto,116.93,3130990
2025-08-11,TATAMOTORS.NS,Auto,116.53,3878299
2025-08-12,TATAMOTORS.NS,Auto,119.82,4268488
2025-08-13,TATAMOTORS.NS,Auto,122.44,5523024
2025-08-14,TATAMOTORS.NS,Auto,124.22,5168290
2025-08-18,TATAMOTORS.NS,Auto,121.84,4151241
2025-08-19,TATAMOTORS.NS,Auto,120.5,3434023
2025-08-20,TATAMOTORS.NS,Auto,120.85,3373745
2025-08-21,TATAMOTORS.NS,Auto,120.51,4705656
2025-08-22,TATAMOTORS.NS,Auto,121.03,3100405
2025-08-25,TATAMOTORS.NS,Auto,117.95,2454582
2025-08-26,TATAMOTORS.NS,Auto,114.84,3676805
2025-08-27,TATAMOTORS.NS,Auto,116.09,3322347
2025-08-28,TATAMOTORS.NS,Auto,114.94,3485059
2025-08-29,TATAMOTORS.NS,Auto,116.31,4802867
2025-09-01,TATAMOTORS.NS,Auto,115.39,4117679
2025-09-02,TATAMOTORS.NS,Auto,115.54,3673226
2025-09-03,TATAMOTORS.NS,Auto,113.85,2630902
2025-09-04,TATAMOTORS.NS,Auto,115.32,3462377
2025-09-05,TATAMOTORS.NS,Auto,114.54,2262568
2025-09-08,TATAMOTORS.NS,Auto,112.83,3039765
2025-09-09,TATAMOTORS.NS,Auto,113.21,3008255
2025-09-10,TATAMOTORS.NS,Auto,112.62,4003139
2025-09-11,TATAMOTORS.NS,Auto,110.02,4069072
2025-09-12,TATAMOTORS.NS,Auto,110.94,3651891
2025-09-15,TATAMOTORS.NS,Auto,108.61,2676508
2025-09-16,TATAMOTORS.NS,Auto,110.09,2182727
2025-09-17,TATAMOTORS.NS,Auto,114.56,6396478
2025-09-18,TATAMOTORS.NS,Auto,113.52,2967415
2025-09-19,TATAMOTORS.NS,Auto,113.97,3606835
2025-09-22,TATAMOTORS.NS,Auto,114.21,3371105
2025-09-23,TATAMOTORS.NS,Auto,113.93,5396412
2025-09-24,TATAMOTORS.NS,Auto,108.75,4421132
2025-09-25,TATAMOTORS.NS,Auto,108.88,3106537
2025-09-26,TATAMOTORS.NS,Auto,109.0,4781968
2025-09-29,TATAMOTORS.NS,Auto,113.22,2486628
2025-09-30,TATAMOTORS.NS,Auto,108.86,3853999
2025-10-01,TATAMOTORS.NS,Auto,109.24,1395490
2025-10-03,TATAMOTORS.NS,Auto,110.55,4455594
2025-10-06,TATAMOTORS.NS,Auto,112.55,3441241
2025-10-07,TATAMOTORS.NS,Auto,111.15,3688298
2025-10-08,TATAMOTORS.NS,Auto,114.29,6094098
2025-10-09,TATAMOTORS.NS,Auto,114.13,3070893
2025-10-10,TATAMOTORS.NS,Auto,114.14,3117642
2025-10-13,TATAMOTORS.NS,Auto,110.6,2371262
2025-10-14,TATAMOTORS.NS,Auto,111.98,4059573
2025-10-15,TATAMOTORS.NS,Auto,116.69,3898025
2025-10-16,TATAMOTORS.NS,Auto,115.01,5151647
2025-10-17,TATAMOTORS.NS,Auto,113.96,3942943
2025-10-20,TATAMOTORS.NS,Auto,110.47,4488434
2025-10-22,TATAMOTORS.NS,Auto,111.8,4791438
2025-10-23,TATAMOTORS.NS,Auto,111.18,4531536
2025-10-24,TATAMOTORS.NS,Auto,113.09,3813394
2025-10-27,TATAMOTORS.NS,Auto,112.66,4818758
2025-10-28,TATAMOTORS.NS,Auto,112.13,5004036
2025-10-29,TATAMOTORS.NS,Auto,111.73,5671326
2025-10-30,TATAMOTORS.NS,Auto,112.22,8867671
2025-10-31,TATAMOTORS.NS,Auto,112.17,2814705
2025-11-03,TATAMOTORS.NS,Auto,114.16,4785825
2025-11-04,TATAMOTORS.NS,Auto,117.85,3970636
2025-11-05,TATAMOTORS.NS,Auto,120.18,4283350
2025-11-06,TATAMOTORS.NS,Auto,124.3,5204121
2025-11-07,TATAMOTORS.NS,Auto,121.75,4315560
2025-11-10,TATAMOTORS.NS,Auto,122.02,2749879
2025-11-11,TATAMOTORS.NS,Auto,125.0,3326686
2025-11-12,TATAMOTORS.NS,Auto,121.58,4879374
2025-11-13,TATAMOTORS.NS,Auto,126.92,3043611
2025-11-14,TATAMOTORS.NS,Auto,126.09,2714843
2025-11-17,TATAMOTORS.NS,Auto,127.7,3590102
2025-11-18,TATAMOTORS.NS,Auto,126.57,2407499
2025-11-19,TATAMOTORS.NS,Auto,126.89,3057868
2025-11-20,TATAMOTORS.NS,Auto,131.09,7870254
2025-11-21,TATAMOTORS.NS,Auto,132.94,3297303
2025-11-24,TATAMOTORS.NS,Auto,136.94,4565187
2025-11-25,TATAMOTORS.NS,Auto,143.43,2991278
2025-11-26,TATAMOTORS.NS,Auto,141.35,4976381
2025-11-27,TATAMOTORS.NS,Auto,137.75,3642296
2025-11-28,TATAMOTORS.NS,Auto,139.44,5264861
2025-12-01,TATAMOTORS.NS,Auto,140.61,3566184
2025-12-02,TATAMOTORS.NS,Auto,137.73,3389508
2025-12-03,TATAMOTORS.NS,Auto,140.36,3785968
2025-12-04,TATAMOTORS.NS,Auto,137.59,3998986
2025-12-05,TATAMOTORS.NS,Auto,138.08,4325249
2025-12-08,TATAMOTORS.NS,Auto,139.2,3130942
2025-12-09,TATAMOTORS.NS,Auto,140.5,2915436
2025-12-10,TATAMOTORS.NS,Auto,141.11,2434495
2025-12-11,TATAMOTORS.NS,Auto,142.33,3250752
2025-12-12,TATAMOTORS.NS,Auto,144.4,2208400
2025-12-15,TATAMOTORS.NS,Auto,141.28,2551109
2025-12-16,TATAMOTORS.NS,Auto,141.67,3667546
2025-12-17,TATAMOTORS.NS,Auto,141.8,4898538
2025-12-18,TATAMOTORS.NS,Auto,142.06,3546847
2025-12-19,TATAMOTORS.NS,Auto,144.92,8017686
2025-12-22,TATAMOTORS.NS,Auto,146.32,4440274
2025-12-23,TATAMOTORS.NS,Auto,148.77,4287533
2025-12-24,TATAMOTORS.NS,Auto,147.95,2686779
2025-12-26,TATAMOTORS.NS,Auto,149.65,4894115
2025-12-29,TATAMOTORS.NS,Auto,144.92,4885289
2025-12-30,TATAMOTORS.NS,Auto,142.28,2865581
2025-12-31,TATAMOTORS.NS,Auto,141.41,4048279
2022-01-03,SUNPHARMA.NS,Pharma,1197.57,4169419
2022-01-04,SUNPHARMA.NS,Pharma,1200.26,3683235
2022-01-05,SUNPHARMA.NS,Pharma,1204.96,4152643
2022-01-06,SUNPHARMA.NS,Pharma,1197.14,4006531
2022-01-07,SUNPHARMA.NS,Pharma,1179.47,7348608
2022-01-10,SUNPHARMA.NS,Pharma,1184.64,2610419
2022-01-11,SUNPHARMA.NS,Pharma,1183.27,3730319
2022-01-12,SUNPHARMA.NS,Pharma,1192.29,2866950
2022-01-13,SUNPHARMA.NS,Pharma,1185.96,3264569
2022-01-14,SUNPHARMA.NS,Pharma,1170.5,4017235
2022-01-17,SUNPHARMA.NS,Pharma,1172.82,6760819
2022-01-18,SUNPHARMA.NS,Pharma,1161.26,4727591
2022-01-19,SUNPHARMA.NS,Pharma,1141.09,2856815
2022-01-20,SUNPHARMA.NS,Pharma,1139.79,3603022
2022-01-21,SUNPHARMA.NS,Pharma,1133.38,5976731
2022-01-24,SUNPHARMA.NS,Pharma,1129.53,3254122
2022-01-25,SUNPHARMA.NS,Pharma,1121.4,4186270
2022-01-27,SUNPHARMA.NS,Pharma,1134.12,4607081
2022-01-28,SUNPHARMA.NS,Pharma,1144.97,3697730
2022-01-31,SUNPHARMA.NS,Pharma,1127.47,2900779
2022-02-01,SUNPHARMA.NS,Pharma,1131.5,4360212
2022-02-02,SUNPHARMA.NS,Pharma,1135.19,8946571
2022-02-03,SUNPHARMA.NS,Pharma,1139.8,3391857
2022-02-04,SUNPHARMA.NS,Pharma,1129.75,3310360
2022-02-07,SUNPHARMA.NS,Pharma,1122.78,5175991
2022-02-08,SUNPHARMA.NS,Pharma,1138.3,9195031
2022-02-09,SUNPHARMA.NS,Pharma,1125.04,2965150
2022-02-10,SUNPHARMA.NS,Pharma,1114.3,2640038
2022-02-11,SUNPHARMA.NS,Pharma,1085.5,5276085
2022-02-14,SUNPHARMA.NS,Pharma,1083.22,5318711
2022-02-15,SUNPHARMA.NS,Pharma,1070.85,2837222
2022-02-16,SUNPHARMA.NS,Pharma,1095.54,3598212
2022-02-17,SUNPHARMA.NS,Pharma,1079.71,2662066
2022-02-18,SUNPHARMA.NS,Pharma,1065.73,3511703
2022-02-21,SUNPHARMA.NS,Pharma,1096.07,3609307
2022-02-22,SUNPHARMA.NS,Pharma,1116.65,5570710
2022-02-23,SUNPHARMA.NS,Pharma,1089.99,6128672
2022-02-24,SUNPHARMA.NS,Pharma,1086.59,3860970
2022-02-25,SUNPHARMA.NS,Pharma,1085.17,6755403
2022-02-28,SUNPHARMA.NS,Pharma,1073.51,5585979
2022-03-01,SUNPHARMA.NS,Pharma,1068.71,2515777
2022-03-02,SUNPHARMA.NS,Pharma,1052.88,5935211
2022-03-03,SUNPHARMA.NS,Pharma,1032.95,5299401
2022-03-04,SUNPHARMA.NS,Pharma,1031.72,7823565
2022-03-07,SUNPHARMA.NS,Pharma,1032.19,4383499
2022-03-09,SUNPHARMA.NS,Pharma,1051.63,7426528
2022-03-10,SUNPHARMA.NS,Pharma,1041.62,2177026
2022-03-11,SUNPHARMA.NS,Pharma,1067.11,3419157
2022-03-14,SUNPHARMA.NS,Pharma,1060.23,1995827
2022-03-15,SUNPHARMA.NS,Pharma,1073.97,3584690
2022-03-16,SUNPHARMA.NS,Pharma,1092.54,4231751
2022-03-17,SUNPHARMA.NS,Pharma,1086.36,3957395
2022-03-18,SUNPHARMA.NS,Pharma,1063.01,5530856
2022-03-21,SUNPHARMA.NS,Pharma,1061.76,9505714
2022-03-22,SUNPHARMA.NS,Pharma,1065.73,3521399
2022-03-23,SUNPHARMA.NS,Pharma,1064.45,6232024
2022-03-24,SUNPHARMA.NS,Pharma,1077.37,5120660
2022-03-25,SUNPHARMA.NS,Pharma,1063.14,4549131
2022-03-28,SUNPHARMA.NS,Pharma,1059.11,5388287
2022-03-29,SUNPHARMA.NS,Pharma,1057.86,3543672
2022-03-30,SUNPHARMA.NS,Pharma,1083.24,5779596
2022-03-31,SUNPHARMA.NS,Pharma,1091.55,2409994
2022-04-01,SUNPHARMA.NS,Pharma,1089.94,4220970
2022-04-04,SUNPHARMA.NS,Pharma,1087.61,3587772
2022-04-05,SUNPHARMA.NS,Pharma,1083.97,9541177
2022-04-06,SUNPHARMA.NS,Pharma,1070.62,2739557
2022-04-07,SUNPHARMA.NS,Pharma,1083.68,4746235
2022-04-08,SUNPHARMA.NS,Pharma,1080.69,6216397
2022-04-11,SUNPHARMA.NS,Pharma,1120.06,3282048
2022-04-12,SUNPHARMA.NS,Pharma,1115.69,4047316
2022-04-13,SUNPHARMA.NS,Pharma,1129.53,3344017
2022-04-15,SUNPHARMA.NS,Pharma,1140.11,3431290
2022-04-18,SUNPHARMA.NS,Pharma,1149.6,7212605
2022-04-19,SUNPHARMA.NS,Pharma,1145.35,2063900
2022-04-20,SUNPHARMA.NS,Pharma,1127.6,4400856
2022-04-21,SUNPHARMA.NS,Pharma,1147.57,1925693
2022-04-22,SUNPHARMA.NS,Pharma,1135.22,5578130
2022-04-25,SUNPHARMA.NS,Pharma,1154.36,3493761
2022-04-26,SUNPHARMA.NS,Pharma,1181.79,2184912
2022-04-27,SUNPHARMA.NS,Pharma,1172.0,3796245
2022-04-28,SUNPHARMA.NS,Pharma,1164.08,2619433
2022-04-29,SUNPHARMA.NS,Pharma,1164.81,5659055
2022-05-02,SUNPHARMA.NS,Pharma,1130.8,5753758
2022-05-03,SUNPHARMA.NS,Pharma,1139.72,2679967
2022-05-04,SUNPHARMA.NS,Pharma,1137.98,4838762
2022-05-05,SUNPHARMA.NS,Pharma,1127.16,3189414
2022-05-06,SUNPHARMA.NS,Pharma,1138.83,3613899
2022-05-09,SUNPHARMA.NS,Pharma,1149.26,8032757
2022-05-10,SUNPHARMA.NS,Pharma,1157.31,3506980
2022-05-11,SUNPHARMA.NS,Pharma,1163.55,6679861
2022-05-12,SUNPHARMA.NS,Pharma,1162.71,7427286
2022-05-13,SUNPHARMA.NS,Pharma,1148.68,3583890
2022-05-16,SUNPHARMA.NS,Pharma,1141.34,4422996
2022-05-17,SUNPHARMA.NS,Pharma,1138.4,3397216
2022-05-18,SUNPHARMA.NS,Pharma,1136.98,4033024
2022-05-19,SUNPHARMA.NS,Pharma,1119.52,5051999
2022-05-20,SUNPHARMA.NS,Pharma,1127.79,3896256
2022-05-23,SUNPHARMA.NS,Pharma,1116.0,4605509
2022-05-24,SUNPHARMA.NS,Pharma,1100.37,3148300
2022-05-25,SUNPHARMA.NS,Pharma,1102.74,2933468
2022-05-26,SUNPHARMA.NS,Pharma,1086.22,3531213
2022-05-27,SUNPHARMA.NS,Pharma,1072.04,4222545
2022-05-30,SUNPHARMA.NS,Pharma,1053.45,6312668
2022-05-31,SUNPHARMA.NS,Pharma,1052.25,3768626
2022-06-01,SUNPHARMA.NS,Pharma,1050.72,4639512
2022-06-02,SUNPHARMA.NS,Pharma,1062.85,2890407
2022-06-03,SUNPHARMA.NS,Pharma,1063.71,5428116
2022-06-06,SUNPHARMA.NS,Pharma,1077.53,3506035
2022-06-07,SUNPHARMA.NS,Pharma,1081.63,3717546
2022-06-08,SUNPHARMA.NS,Pharma,1093.14,4104842
2022-06-09,SUNPHARMA.NS,Pharma,1091.32,3321907
2022-06-10,SUNPHARMA.NS,Pharma,1096.28,2724283
2022-06-13,SUNPHARMA.NS,Pharma,1091.82,4712027
2022-06-14,SUNPHARMA.NS,Pharma,1079.31,5519895
2022-06-15,SUNPHARMA.NS,Pharma,1055.17,2518513
2022-06-16,SUNPHARMA.NS,Pharma,1056.14,4383557
2022-06-17,SUNPHARMA.NS,Pharma,1064.54,4360492
2022-06-20,SUNPHARMA.NS,Pharma,1073.38,3540769
2022-06-21,SUNPHARMA.NS,Pharma,1061.03,3534940
2022-06-22,SUNPHARMA.NS,Pharma,1068.74,5841579
2022-06-23,SUNPHARMA.NS,Pharma,1056.82,8579173
2022-06-24,SUNPHARMA.NS,Pharma,1046.73,6328554
2022-06-27,SUNPHARMA.NS,Pharma,1035.13,4852934
2022-06-28,SUNPHARMA.NS,Pharma,1028.17,6071899
2022-06-29,SUNPHARMA.NS,Pharma,1023.35,4736755
2022-06-30,SUNPHARMA.NS,Pharma,1017.04,3156929
2022-07-01,SUNPHARMA.NS,Pharma,1022.28,4557230
2022-07-04,SUNPHARMA.NS,Pharma,1023.22,2506157
2022-07-05,SUNPHARMA.NS,Pharma,1024.13,3091487
2022-07-06,SUNPHARMA.NS,Pharma,1012.57,5571865
2022-07-07,SUNPHARMA.NS,Pharma,986.25,3749693
2022-07-08,SUNPHARMA.NS,Pharma,1016.32,2997253
2022-07-11,SUNPHARMA.NS,Pharma,1019.67,3242412
2022-07-12,SUNPHARMA.NS,Pharma,1050.75,2610341
2022-07-13,SUNPHARMA.NS,Pharma,1045.17,4480589
2022-07-14,SUNPHARMA.NS,Pharma,1035.46,3444722
2022-07-15,SUNPHARMA.NS,Pharma,1033.92,3669286
2022-07-18,SUNPHARMA.NS,Pharma,1035.49,4620807
2022-07-19,SUNPHARMA.NS,Pharma,1028.92,4502435
2022-07-20,SUNPHARMA.NS,Pharma,1015.68,2638087
2022-07-21,SUNPHARMA.NS,Pharma,1005.16,2668802
2022-07-22,SUNPHARMA.NS,Pharma,985.63,3897319
2022-07-25,SUNPHARMA.NS,Pharma,989.43,5014653
2022-07-26,SUNPHARMA.NS,Pharma,989.36,3160096
2022-07-27,SUNPHARMA.NS,Pharma,987.22,3317778
2022-07-28,SUNPHARMA.NS,Pharma,982.37,4195210
2022-07-29,SUNPHARMA.NS,Pharma,962.04,4169036
2022-08-01,SUNPHARMA.NS,Pharma,985.33,3922069
2022-08-02,SUNPHARMA.NS,Pharma,983.11,4567733
2022-08-03,SUNPHARMA.NS,Pharma,977.82,2907217
2022-08-04,SUNPHARMA.NS,Pharma,1002.19,6783175
2022-08-05,SUNPHARMA.NS,Pharma,981.95,3595111
2022-08-08,SUNPHARMA.NS,Pharma,982.92,7190314
2022-08-09,SUNPHARMA.NS,Pharma,1001.26,1864028
2022-08-10,SUNPHARMA.NS,Pharma,979.59,2206879
2022-08-11,SUNPHARMA.NS,Pharma,956.14,3878513
2022-08-12,SUNPHARMA.NS,Pharma,952.03,5667873
2022-08-16,SUNPHARMA.NS,Pharma,931.26,4332749
2022-08-17,SUNPHARMA.NS,Pharma,944.36,3845083
2022-08-18,SUNPHARMA.NS,Pharma,952.08,4411895
2022-08-19,SUNPHARMA.NS,Pharma,940.76,3963484
2022-08-22,SUNPHARMA.NS,Pharma,921.81,7935577
2022-08-23,SUNPHARMA.NS,Pharma,919.25,3334512
2022-08-24,SUNPHARMA.NS,Pharma,922.73,6237413
2022-08-25,SUNPHARMA.NS,Pharma,903.91,3081488
2022-08-26,SUNPHARMA.NS,Pharma,888.42,3602282
2022-08-29,SUNPHARMA.NS,Pharma,880.15,2842462
2022-08-30,SUNPHARMA.NS,Pharma,866.2,5381454
2022-08-31,SUNPHARMA.NS,Pharma,880.83,6104199
2022-09-01,SUNPHARMA.NS,Pharma,885.71,3756993
2022-09-02,SUNPHARMA.NS,Pharma,888.2,4832571
2022-09-05,SUNPHARMA.NS,Pharma,894.67,4175447
2022-09-06,SUNPHARMA.NS,Pharma,875.82,4915730
2022-09-07,SUNPHARMA.NS,Pharma,874.5,6039967
2022-09-08,SUNPHARMA.NS,Pharma,893.6,2676554
2022-09-09,SUNPHARMA.NS,Pharma,899.14,2758986
2022-09-12,SUNPHARMA.NS,Pharma,892.88,3292512
2022-09-13,SUNPHARMA.NS,Pharma,887.52,3422726
2022-09-14,SUNPHARMA.NS,Pharma,876.83,4297321
2022-09-15,SUNPHARMA.NS,Pharma,874.49,4008867
2022-09-16,SUNPHARMA.NS,Pharma,847.23,3722560
2022-09-19,SUNPHARMA.NS,Pharma,848.99,3890699
2022-09-20,SUNPHARMA.NS,Pharma,837.87,4315305
2022-09-21,SUNPHARMA.NS,Pharma,839.5,3052894
2022-09-22,SUNPHARMA.NS,Pharma,841.73,1903378
2022-09-23,SUNPHARMA.NS,Pharma,825.2,2908104
2022-09-26,SUNPHARMA.NS,Pharma,818.42,5885166
2022-09-27,SUNPHARMA.NS,Pharma,810.89,1613134
2022-09-28,SUNPHARMA.NS,Pharma,826.59,5938086
2022-09-29,SUNPHARMA.NS,Pharma,825.6,3273909
2022-09-30,SUNPHARMA.NS,Pharma,826.29,5379027
2022-10-03,SUNPHARMA.NS,Pharma,825.3,2792814
2022-10-04,SUNPHARMA.NS,Pharma,804.08,1660378
2022-10-05,SUNPHARMA.NS,Pharma,792.5,2956436
2022-10-06,SUNPHARMA.NS,Pharma,773.03,3812647
2022-10-07,SUNPHARMA.NS,Pharma,790.99,4572020
2022-10-10,SUNPHARMA.NS,Pharma,790.44,2434499
2022-10-11,SUNPHARMA.NS,Pharma,801.87,4556306
2022-10-12,SUNPHARMA.NS,Pharma,790.64,4031341
2022-10-13,SUNPHARMA.NS,Pharma,788.42,3217090
2022-10-14,SUNPHARMA.NS,Pharma,778.1,4159423
2022-10-17,SUNPHARMA.NS,Pharma,783.11,4119849
2022-10-18,SUNPHARMA.NS,Pharma,779.29,4801117
2022-10-19,SUNPHARMA.NS,Pharma,773.12,4283588
2022-10-20,SUNPHARMA.NS,Pharma,761.22,4142804
2022-10-21,SUNPHARMA.NS,Pharma,777.32,7978587
2022-10-25,SUNPHARMA.NS,Pharma,772.27,2021070
2022-10-26,SUNPHARMA.NS,Pharma,768.99,2530623
2022-10-27,SUNPHARMA.NS,Pharma,757.54,5847401
2022-10-28,SUNPHARMA.NS,Pharma,769.0,2389938
2022-10-31,SUNPHARMA.NS,Pharma,761.57,5464629
2022-11-01,SUNPHARMA.NS,Pharma,747.82,4465262
2022-11-02,SUNPHARMA.NS,Pharma,750.36,2526640
2022-11-03,SUNPHARMA.NS,Pharma,760.72,5647119
2022-11-04,SUNPHARMA.NS,Pharma,757.26,6052293
2022-11-07,SUNPHARMA.NS,Pharma,753.47,4036706
2022-11-08,SUNPHARMA.NS,Pharma,744.59,3856993
2022-11-09,SUNPHARMA.NS,Pharma,736.75,6287890
2022-11-10,SUNPHARMA.NS,Pharma,749.58,2203437
2022-11-11,SUNPHARMA.NS,Pharma,733.66,5092162
2022-11-14,SUNPHARMA.NS,Pharma,738.81,2410652
2022-11-15,SUNPHARMA.NS,Pharma,734.47,4892387
2022-11-16,SUNPHARMA.NS,Pharma,740.32,3816313
2022-11-17,SUNPHARMA.NS,Pharma,738.99,3945442
2022-11-18,SUNPHARMA.NS,Pharma,737.94,7104762
2022-11-21,SUNPHARMA.NS,Pharma,728.14,2308191
2022-11-22,SUNPHARMA.NS,Pharma,717.33,5134849
2022-11-23,SUNPHARMA.NS,Pharma,720.2,3894517
2022-11-24,SUNPHARMA.NS,Pharma,704.33,4134940
2022-11-25,SUNPHARMA.NS,Pharma,706.38,5392076
2022-11-28,SUNPHARMA.NS,Pharma,700.94,5297298
2022-11-29,SUNPHARMA.NS,Pharma,695.47,4965608
2022-11-30,SUNPHARMA.NS,Pharma,690.53,2944206
2022-12-01,SUNPHARMA.NS,Pharma,695.16,4956620
2022-12-02,SUNPHARMA.NS,Pharma,671.8,5211056
2022-12-05,SUNPHARMA.NS,Pharma,660.8,4761659
2022-12-06,SUNPHARMA.NS,Pharma,668.69,4981359
2022-12-07,SUNPHARMA.NS,Pharma,680.28,4130285
2022-12-08,SUNPHARMA.NS,Pharma,697.16,2658739
2022-12-09,SUNPHARMA.NS,Pharma,704.17,3465497
2022-12-12,SUNPHARMA.NS,Pharma,698.82,3391157
2022-12-13,SUNPHARMA.NS,Pharma,705.59,4033747
2022-12-14,SUNPHARMA.NS,Pharma,716.65,3473870
2022-12-15,SUNPHARMA.NS,Pharma,722.13,7513425
2022-12-16,SUNPHARMA.NS,Pharma,724.58,4682839
2022-12-19,SUNPHARMA.NS,Pharma,725.91,3912924
2022-12-20,SUNPHARMA.NS,Pharma,719.08,4409286
2022-12-21,SUNPHARMA.NS,Pharma,707.12,4633514
2022-12-22,SUNPHARMA.NS,Pharma,711.21,8535596
2022-12-23,SUNPHARMA.NS,Pharma,702.9,4677614
2022-12-26,SUNPHARMA.NS,Pharma,721.24,3469676
2022-12-27,SUNPHARMA.NS,Pharma,714.65,2791181
2022-12-28,SUNPHARMA.NS,Pharma,714.37,4327370
2022-12-29,SUNPHARMA.NS,Pharma,719.53,8190315
2022-12-30,SUNPHARMA.NS,Pharma,723.1,3782672
2023-01-02,SUNPHARMA.NS,Pharma,730.1,2881098
2023-01-03,SUNPHARMA.NS,Pharma,741.08,5653553
2023-01-04,SUNPHARMA.NS,Pharma,742.59,4166566
2023-01-05,SUNPHARMA.NS,Pharma,746.97,2256535
2023-01-06,SUNPHARMA.NS,Pharma,744.98,4296995
2023-01-09,SUNPHARMA.NS,Pharma,730.43,5953560
2023-01-10,SUNPHARMA.NS,Pharma,735.3,1914747
2023-01-11,SUNPHARMA.NS,Pharma,730.06,5134910
2023-01-12,SUNPHARMA.NS,Pharma,737.58,2577054
2023-01-13,SUNPHARMA.NS,Pharma,744.56,3718570
2023-01-16,SUNPHARMA.NS,Pharma,746.46,3382878
2023-01-17,SUNPHARMA.NS,Pharma,753.56,5892007
2023-01-18,SUNPHARMA.NS,Pharma,757.12,5662721
2023-01-19,SUNPHARMA.NS,Pharma,750.01,2486029
2023-01-20,SUNPHARMA.NS,Pharma,765.24,1989435
2023-01-23,SUNPHARMA.NS,Pharma,768.77,2350261
2023-01-24,SUNPHARMA.NS,Pharma,785.2,4634078
2023-01-25,SUNPHARMA.NS,Pharma,777.62,1796303
2023-01-27,SUNPHARMA.NS,Pharma,773.78,3187050
2023-01-30,SUNPHARMA.NS,Pharma,755.27,5529741
2023-01-31,SUNPHARMA.NS,Pharma,776.96,4923763
2023-02-01,SUNPHARMA.NS,Pharma,785.02,2204840
2023-02-02,SUNPHARMA.NS,Pharma,788.82,4279527
2023-02-03,SUNPHARMA.NS,Pharma,811.83,2855761
2023-02-06,SUNPHARMA.NS,Pharma,816.43,3185008
2023-02-07,SUNPHARMA.NS,Pharma,811.76,3268214
2023-02-08,SUNPHARMA.NS,Pharma,821.7,3405476
2023-02-09,SUNPHARMA.NS,Pharma,822.51,3874126
2023-02-10,SUNPHARMA.NS,Pharma,805.1,3084956
2023-02-13,SUNPHARMA.NS,Pharma,812.0,3128260
2023-02-14,SUNPHARMA.NS,Pharma,804.22,5456953
2023-02-15,SUNPHARMA.NS,Pharma,792.45,3998981
2023-02-16,SUNPHARMA.NS,Pharma,801.76,2725831
2023-02-17,SUNPHARMA.NS,Pharma,791.59,4136943
2023-02-20,SUNPHARMA.NS,Pharma,795.18,2373055
2023-02-21,SUNPHARMA.NS,Pharma,786.56,4155851
2023-02-22,SUNPHARMA.NS,Pharma,787.28,4857607
2023-02-23,SUNPHARMA.NS,Pharma,792.95,5295667
2023-02-24,SUNPHARMA.NS,Pharma,789.49,4628383
2023-02-27,SUNPHARMA.NS,Pharma,801.33,2733950
2023-02-28,SUNPHARMA.NS,Pharma,820.24,3275508
2023-03-01,SUNPHARMA.NS,Pharma,820.01,5949550
2023-03-02,SUNPHARMA.NS,Pharma,810.19,3576548
2023-03-03,SUNPHARMA.NS,Pharma,807.04,3873530
2023-03-06,SUNPHARMA.NS,Pharma,810.46,5061481
2023-03-07,SUNPHARMA.NS,Pharma,803.4,6768204
2023-03-09,SUNPHARMA.NS,Pharma,802.17,3887852
2023-03-10,SUNPHARMA.NS,Pharma,816.65,3483143
2023-03-13,SUNPHARMA.NS,Pharma,824.58,7750128
2023-03-14,SUNPHARMA.NS,Pharma,837.7,7946913
2023-03-15,SUNPHARMA.NS,Pharma,842.75,4045430
2023-03-16,SUNPHARMA.NS,Pharma,852.0,4019673
2023-03-17,SUNPHARMA.NS,Pharma,851.72,5485455
2023-03-20,SUNPHARMA.NS,Pharma,840.45,4654104
2023-03-21,SUNPHARMA.NS,Pharma,828.23,4032643
2023-03-22,SUNPHARMA.NS,Pharma,823.77,5169227
2023-03-23,SUNPHARMA.NS,Pharma,816.01,3183756
2023-03-24,SUNPHARMA.NS,Pharma,821.47,5895629
2023-03-27,SUNPHARMA.NS,Pharma,832.1,5036688
2023-03-28,SUNPHARMA.NS,Pharma,835.43,4679493
2023-03-29,SUNPHARMA.NS,Pharma,829.93,3845023
2023-03-30,SUNPHARMA.NS,Pharma,824.05,3212544
2023-03-31,SUNPHARMA.NS,Pharma,823.3,2152476
2023-04-03,SUNPHARMA.NS,Pharma,825.26,2154357
2023-04-04,SUNPHARMA.NS,Pharma,833.29,2223566
2023-04-05,SUNPHARMA.NS,Pharma,835.42,6125813
2023-04-06,SUNPHARMA.NS,Pharma,854.93,3172088
2023-04-07,SUNPHARMA.NS,Pharma,856.08,2614751
2023-04-10,SUNPHARMA.NS,Pharma,852.87,3868300
2023-04-11,SUNPHARMA.NS,Pharma,858.81,2862854
2023-04-12,SUNPHARMA.NS,Pharma,856.4,3480005
2023-04-13,SUNPHARMA.NS,Pharma,867.93,4849647
2023-04-17,SUNPHARMA.NS,Pharma,865.8,3558138
2023-04-18,SUNPHARMA.NS,Pharma,866.74,3559315
2023-04-19,SUNPHARMA.NS,Pharma,869.04,3964406
2023-04-20,SUNPHARMA.NS,Pharma,882.92,2447464
2023-04-21,SUNPHARMA.NS,Pharma,879.58,4417943
2023-04-24,SUNPHARMA.NS,Pharma,890.13,6577588
2023-04-25,SUNPHARMA.NS,Pharma,883.77,3512167
2023-04-26,SUNPHARMA.NS,Pharma,871.74,4132706
2023-04-27,SUNPHARMA.NS,Pharma,870.12,2978987
2023-04-28,SUNPHARMA.NS,Pharma,861.2,3101717
2023-05-02,SUNPHARMA.NS,Pharma,859.29,5633495
2023-05-03,SUNPHARMA.NS,Pharma,853.23,4224093
2023-05-04,SUNPHARMA.NS,Pharma,852.52,5035006
2023-05-05,SUNPHARMA.NS,Pharma,852.9,4384121
2023-05-08,SUNPHARMA.NS,Pharma,851.68,3779579
2023-05-09,SUNPHARMA.NS,Pharma,850.64,6104259
2023-05-10,SUNPHARMA.NS,Pharma,835.38,2137274
2023-05-11,SUNPHARMA.NS,Pharma,845.23,3008869
2023-05-12,SUNPHARMA.NS,Pharma,835.35,3495805
2023-05-15,SUNPHARMA.NS,Pharma,844.24,4056653
2023-05-16,SUNPHARMA.NS,Pharma,845.43,3597291
2023-05-17,SUNPHARMA.NS,Pharma,841.38,4296088
2023-05-18,SUNPHARMA.NS,Pharma,856.34,6447905
2023-05-19,SUNPHARMA.NS,Pharma,859.27,2668805
2023-05-22,SUNPHARMA.NS,Pharma,856.53,6805810
2023-05-23,SUNPHARMA.NS,Pharma,852.43,3699779
2023-05-24,SUNPHARMA.NS,Pharma,851.94,4272739
2023-05-25,SUNPHARMA.NS,Pharma,836.72,4026765
2023-05-26,SUNPHARMA.NS,Pharma,840.86,4402266
2023-05-29,SUNPHARMA.NS,Pharma,830.8,6083273
2023-05-30,SUNPHARMA.NS,Pharma,822.97,2671090
2023-05-31,SUNPHARMA.NS,Pharma,826.64,3104982
2023-06-01,SUNPHARMA.NS,Pharma,834.36,4972804
2023-06-02,SUNPHARMA.NS,Pharma,838.62,3016004
2023-06-05,SUNPHARMA.NS,Pharma,847.16,2075840
2023-06-06,SUNPHARMA.NS,Pharma,857.1,5005729
2023-06-07,SUNPHARMA.NS,Pharma,858.2,3048431
2023-06-08,SUNPHARMA.NS,Pharma,853.24,5432602
2023-06-09,SUNPHARMA.NS,Pharma,852.2,3412701
2023-06-12,SUNPHARMA.NS,Pharma,854.65,5952067
2023-06-13,SUNPHARMA.NS,Pharma,867.87,4364809
2023-06-14,SUNPHARMA.NS,Pharma,870.78,3127093
2023-06-15,SUNPHARMA.NS,Pharma,871.28,2600589
2023-06-16,SUNPHARMA.NS,Pharma,883.18,3680555
2023-06-19,SUNPHARMA.NS,Pharma,879.88,4071495
2023-06-20,SUNPHARMA.NS,Pharma,874.15,3189894
2023-06-21,SUNPHARMA.NS,Pharma,874.93,2539546
2023-06-22,SUNPHARMA.NS,Pharma,881.29,3685426
2023-06-23,SUNPHARMA.NS,Pharma,896.35,6836487
2023-06-26,SUNPHARMA.NS,Pharma,887.3,4354840
2023-06-27,SUNPHARMA.NS,Pharma,883.85,3183269
2023-06-28,SUNPHARMA.NS,Pharma,864.45,4202776
2023-06-29,SUNPHARMA.NS,Pharma,856.9,4976853
2023-06-30,SUNPHARMA.NS,Pharma,866.76,2887052
2023-07-03,SUNPHARMA.NS,Pharma,869.32,3648759
2023-07-04,SUNPHARMA.NS,Pharma,862.23,3792346
2023-07-05,SUNPHARMA.NS,Pharma,862.1,3469159
2023-07-06,SUNPHARMA.NS,Pharma,871.99,2593261
2023-07-07,SUNPHARMA.NS,Pharma,870.8,5032638
2023-07-10,SUNPHARMA.NS,Pharma,866.21,1910589
2023-07-11,SUNPHARMA.NS,Pharma,871.11,3169996
2023-07-12,SUNPHARMA.NS,Pharma,872.24,3096225
2023-07-13,SUNPHARMA.NS,Pharma,873.63,3283118
2023-07-14,SUNPHARMA.NS,Pharma,883.97,6655455
2023-07-17,SUNPHARMA.NS,Pharma,880.66,3583472
2023-07-18,SUNPHARMA.NS,Pharma,877.69,5797652
2023-07-19,SUNPHARMA.NS,Pharma,876.28,4183796
2023-07-20,SUNPHARMA.NS,Pharma,867.64,4670016
2023-07-21,SUNPHARMA.NS,Pharma,870.52,3600039
2023-07-24,SUNPHARMA.NS,Pharma,868.38,5142755
2023-07-25,SUNPHARMA.NS,Pharma,870.05,3218531
2023-07-26,SUNPHARMA.NS,Pharma,849.52,3416964
2023-07-27,SUNPHARMA.NS,Pharma,858.83,3328281
2023-07-28,SUNPHARMA.NS,Pharma,868.41,2769033
2023-07-31,SUNPHARMA.NS,Pharma,867.63,3963080
2023-08-01,SUNPHARMA.NS,Pharma,855.69,5410013
2023-08-02,SUNPHARMA.NS,Pharma,854.35,3546949
2023-08-03,SUNPHARMA.NS,Pharma,846.83,3018960
2023-08-04,SUNPHARMA.NS,Pharma,850.14,7900788
2023-08-07,SUNPHARMA.NS,Pharma,858.32,3483514
2023-08-08,SUNPHARMA.NS,Pharma,868.67,5157333
2023-08-09,SUNPHARMA.NS,Pharma,880.26,3999374
2023-08-10,SUNPHARMA.NS,Pharma,895.44,5818571
2023-08-11,SUNPHARMA.NS,Pharma,917.61,3921301
2023-08-14,SUNPHARMA.NS,Pharma,946.5,3925483
2023-08-16,SUNPHARMA.NS,Pharma,935.73,3913030
2023-08-17,SUNPHARMA.NS,Pharma,955.19,3651786
2023-08-18,SUNPHARMA.NS,Pharma,956.95,4080373
2023-08-21,SUNPHARMA.NS,Pharma,933.01,3049330
2023-08-22,SUNPHARMA.NS,Pharma,940.48,4749155
2023-08-23,SUNPHARMA.NS,Pharma,935.23,10319668
2023-08-24,SUNPHARMA.NS,Pharma,933.92,2878700
2023-08-25,SUNPHARMA.NS,Pharma,915.81,4459845
2023-08-28,SUNPHARMA.NS,Pharma,932.57,4015244
2023-08-29,SUNPHARMA.NS,Pharma,921.49,2686617
2023-08-30,SUNPHARMA.NS,Pharma,910.79,5247976
2023-08-31,SUNPHARMA.NS,Pharma,918.37,3418670
2023-09-01,SUNPHARMA.NS,Pharma,920.94,3138466
2023-09-04,SUNPHARMA.NS,Pharma,936.39,6443801
2023-09-05,SUNPHARMA.NS,Pharma,947.54,3543275
2023-09-06,SUNPHARMA.NS,Pharma,946.59,6007864
2023-09-07,SUNPHARMA.NS,Pharma,935.04,4823895
2023-09-08,SUNPHARMA.NS,Pharma,936.24,4127810
2023-09-11,SUNPHARMA.NS,Pharma,947.58,4988939
2023-09-12,SUNPHARMA.NS,Pharma,935.74,5257280
2023-09-13,SUNPHARMA.NS,Pharma,929.33,3755295
2023-09-14,SUNPHARMA.NS,Pharma,928.18,3510107
2023-09-15,SUNPHARMA.NS,Pharma,931.29,5390601
2023-09-18,SUNPHARMA.NS,Pharma,929.19,10558328
2023-09-19,SUNPHARMA.NS,Pharma,926.2,2263815
2023-09-20,SUNPHARMA.NS,Pharma,937.93,2702690
2023-09-21,SUNPHARMA.NS,Pharma,920.34,2850133
2023-09-22,SUNPHARMA.NS,Pharma,900.62,3564133
2023-09-25,SUNPHARMA.NS,Pharma,904.94,2838618
2023-09-26,SUNPHARMA.NS,Pharma,914.56,4946699
2023-09-27,SUNPHARMA.NS,Pharma,919.26,2405447
2023-09-28,SUNPHARMA.NS,Pharma,916.75,3438005
2023-09-29,SUNPHARMA.NS,Pharma,894.49,3357139
2023-10-03,SUNPHARMA.NS,Pharma,892.21,5655181
2023-10-04,SUNPHARMA.NS,Pharma,883.92,3925190
2023-10-05,SUNPHARMA.NS,Pharma,883.72,2498920
2023-10-06,SUNPHARMA.NS,Pharma,882.12,4429410
2023-10-09,SUNPHARMA.NS,Pharma,893.34,2887160
2023-10-10,SUNPHARMA.NS,Pharma,888.02,2630344
2023-10-11,SUNPHARMA.NS,Pharma,883.15,5885829
2023-10-12,SUNPHARMA.NS,Pharma,882.56,3433546
2023-10-13,SUNPHARMA.NS,Pharma,878.7,4740729
2023-10-16,SUNPHARMA.NS,Pharma,864.97,3379711
2023-10-17,SUNPHARMA.NS,Pharma,869.59,4352603
2023-10-18,SUNPHARMA.NS,Pharma,855.05,6514796
2023-10-19,SUNPHARMA.NS,Pharma,859.44,4265013
2023-10-20,SUNPHARMA.NS,Pharma,864.89,3519373
2023-10-23,SUNPHARMA.NS,Pharma,848.73,2517541
2023-10-24,SUNPHARMA.NS,Pharma,877.97,5451047
2023-10-25,SUNPHARMA.NS,Pharma,885.63,4724712
2023-10-26,SUNPHARMA.NS,Pharma,899.28,4473322
2023-10-27,SUNPHARMA.NS,Pharma,903.81,3882445
2023-10-30,SUNPHARMA.NS,Pharma,923.18,5916349
2023-10-31,SUNPHARMA.NS,Pharma,934.72,3425183
2023-11-01,SUNPHARMA.NS,Pharma,936.94,4841977
2023-11-02,SUNPHARMA.NS,Pharma,950.44,7542333
2023-11-03,SUNPHARMA.NS,Pharma,969.78,4106867
2023-11-06,SUNPHARMA.NS,Pharma,963.91,3548409
2023-11-07,SUNPHARMA.NS,Pharma,966.93,3287686
2023-11-08,SUNPHARMA.NS,Pharma,990.71,3272846
2023-11-09,SUNPHARMA.NS,Pharma,988.71,4044294
2023-11-10,SUNPHARMA.NS,Pharma,1001.69,7124649
2023-11-13,SUNPHARMA.NS,Pharma,998.07,4645858
2023-11-14,SUNPHARMA.NS,Pharma,1011.87,4288624
2023-11-15,SUNPHARMA.NS,Pharma,1031.35,4201000
2023-11-16,SUNPHARMA.NS,Pharma,994.32,2320298
2023-11-17,SUNPHARMA.NS,Pharma,982.37,3859671
2023-11-20,SUNPHARMA.NS,Pharma,981.08,2887077
2023-11-21,SUNPHARMA.NS,Pharma,995.81,6761790
2023-11-22,SUNPHARMA.NS,Pharma,986.78,2942292
2023-11-23,SUNPHARMA.NS,Pharma,981.91,2502482
2023-11-24,SUNPHARMA.NS,Pharma,970.0,2185256
2023-11-27,SUNPHARMA.NS,Pharma,952.02,3044887
2023-11-28,SUNPHARMA.NS,Pharma,976.8,1444729
2023-11-29,SUNPHARMA.NS,Pharma,967.69,4262099
2023-11-30,SUNPHARMA.NS,Pharma,983.14,4334988
2023-12-01,SUNPHARMA.NS,Pharma,988.09,2727043
2023-12-04,SUNPHARMA.NS,Pharma,986.1,5399989
2023-12-05,SUNPHARMA.NS,Pharma,1001.28,3765349
2023-12-06,SUNPHARMA.NS,Pharma,1001.53,3784113
2023-12-07,SUNPHARMA.NS,Pharma,997.7,5409084
2023-12-08,SUNPHARMA.NS,Pharma,1002.92,5932256
2023-12-11,SUNPHARMA.NS,Pharma,1011.47,2796076
2023-12-12,SUNPHARMA.NS,Pharma,1016.13,2413235
2023-12-13,SUNPHARMA.NS,Pharma,1000.47,3495713
2023-12-14,SUNPHARMA.NS,Pharma,1005.74,6868621
2023-12-15,SUNPHARMA.NS,Pharma,1018.64,3045570
2023-12-18,SUNPHARMA.NS,Pharma,1009.86,5603403
2023-12-19,SUNPHARMA.NS,Pharma,1019.05,2839403
2023-12-20,SUNPHARMA.NS,Pharma,1020.77,3783715
2023-12-21,SUNPHARMA.NS,Pharma,1023.52,3265159
2023-12-22,SUNPHARMA.NS,Pharma,1026.77,4612014
2023-12-26,SUNPHARMA.NS,Pharma,1023.15,4205181
2023-12-27,SUNPHARMA.NS,Pharma,1043.93,2919388
2023-12-28,SUNPHARMA.NS,Pharma,1043.56,3371669
2023-12-29,SUNPHARMA.NS,Pharma,1003.82,2749059
2024-01-01,SUNPHARMA.NS,Pharma,970.06,4327308
2024-01-02,SUNPHARMA.NS,Pharma,978.6,2796767
2024-01-03,SUNPHARMA.NS,Pharma,950.45,4128425
2024-01-04,SUNPHARMA.NS,Pharma,949.75,4588338
2024-01-05,SUNPHARMA.NS,Pharma,964.05,5029755
2024-01-08,SUNPHARMA.NS,Pharma,937.69,5053703
2024-01-09,SUNPHARMA.NS,Pharma,928.79,4490965
2024-01-10,SUNPHARMA.NS,Pharma,927.08,2734281
2024-01-11,SUNPHARMA.NS,Pharma,908.9,2947563
2024-01-12,SUNPHARMA.NS,Pharma,912.85,2942958
2024-01-15,SUNPHARMA.NS,Pharma,910.17,3902849
2024-01-16,SUNPHARMA.NS,Pharma,916.77,5849171
2024-01-17,SUNPHARMA.NS,Pharma,923.97,3128024
2024-01-18,SUNPHARMA.NS,Pharma,915.43,3583531
2024-01-19,SUNPHARMA.NS,Pharma,916.46,6077793
2024-01-22,SUNPHARMA.NS,Pharma,937.0,2471586
2024-01-23,SUNPHARMA.NS,Pharma,957.37,6799410
2024-01-24,SUNPHARMA.NS,Pharma,970.58,4964061
2024-01-25,SUNPHARMA.NS,Pharma,979.85,3124727
2024-01-29,SUNPHARMA.NS,Pharma,970.22,3543491
2024-01-30,SUNPHARMA.NS,Pharma,966.36,7232699
2024-01-31,SUNPHARMA.NS,Pharma,960.09,3351519
2024-02-01,SUNPHARMA.NS,Pharma,965.21,5131055
2024-02-02,SUNPHARMA.NS,Pharma,977.85,8153185
2024-02-05,SUNPHARMA.NS,Pharma,993.46,3934569
2024-02-06,SUNPHARMA.NS,Pharma,987.73,3979533
2024-02-07,SUNPHARMA.NS,Pharma,969.49,8654018
2024-02-08,SUNPHARMA.NS,Pharma,962.32,2727789
2024-02-09,SUNPHARMA.NS,Pharma,958.27,3966852
2024-02-12,SUNPHARMA.NS,Pharma,952.65,4634878
2024-02-13,SUNPHARMA.NS,Pharma,948.0,2326702
2024-02-14,SUNPHARMA.NS,Pharma,942.77,2658594
2024-02-15,SUNPHARMA.NS,Pharma,933.87,3269468
2024-02-16,SUNPHARMA.NS,Pharma,940.28,4605950
2024-02-19,SUNPHARMA.NS,Pharma,951.24,3369847
2024-02-20,SUNPHARMA.NS,Pharma,963.99,3872854
2024-02-21,SUNPHARMA.NS,Pharma,958.7,5249028
2024-02-22,SUNPHARMA.NS,Pharma,944.73,4928250
2024-02-23,SUNPHARMA.NS,Pharma,935.46,1948464
2024-02-26,SUNPHARMA.NS,Pharma,945.68,4255698
2024-02-27,SUNPHARMA.NS,Pharma,945.76,4837777
2024-02-28,SUNPHARMA.NS,Pharma,971.81,3880325
2024-02-29,SUNPHARMA.NS,Pharma,972.01,4798986
2024-03-01,SUNPHARMA.NS,Pharma,971.65,5226888
2024-03-04,SUNPHARMA.NS,Pharma,958.7,4473095
2024-03-05,SUNPHARMA.NS,Pharma,958.58,3860666
2024-03-06,SUNPHARMA.NS,Pharma,974.68,4360365
2024-03-07,SUNPHARMA.NS,Pharma,980.56,1768284
2024-03-11,SUNPHARMA.NS,Pharma,976.81,6542545
2024-03-12,SUNPHARMA.NS,Pharma,986.9,6344436
2024-03-13,SUNPHARMA.NS,Pharma,995.8,6188703
2024-03-14,SUNPHARMA.NS,Pharma,1006.76,4175977
2024-03-15,SUNPHARMA.NS,Pharma,999.96,4877010
2024-03-18,SUNPHARMA.NS,Pharma,1015.38,4193514
2024-03-19,SUNPHARMA.NS,Pharma,1002.06,4470059
2024-03-20,SUNPHARMA.NS,Pharma,985.66,6444838
2024-03-21,SUNPHARMA.NS,Pharma,990.44,2148743
2024-03-22,SUNPHARMA.NS,Pharma,989.86,4656314
2024-03-25,SUNPHARMA.NS,Pharma,991.95,2982420
2024-03-26,SUNPHARMA.NS,Pharma,996.37,2667848
2024-03-27,SUNPHARMA.NS,Pharma,1001.01,3819280
2024-03-28,SUNPHARMA.NS,Pharma,1019.81,2575447
2024-03-29,SUNPHARMA.NS,Pharma,1027.7,2573717
2024-04-01,SUNPHARMA.NS,Pharma,1035.07,2232151
2024-04-02,SUNPHARMA.NS,Pharma,1051.65,3372914
2024-04-03,SUNPHARMA.NS,Pharma,1063.51,4809563
2024-04-04,SUNPHARMA.NS,Pharma,1057.58,5330129
2024-04-05,SUNPHARMA.NS,Pharma,1073.6,7978654
2024-04-08,SUNPHARMA.NS,Pharma,1057.33,3465296
2024-04-09,SUNPHARMA.NS,Pharma,1076.36,5278759
2024-04-10,SUNPHARMA.NS,Pharma,1075.83,4252586
2024-04-11,SUNPHARMA.NS,Pharma,1068.97,4209327
2024-04-12,SUNPHARMA.NS,Pharma,1065.91,4550811
2024-04-15,SUNPHARMA.NS,Pharma,1086.09,5285181
2024-04-16,SUNPHARMA.NS,Pharma,1083.65,4720093
2024-04-17,SUNPHARMA.NS,Pharma,1076.5,3476193
2024-04-18,SUNPHARMA.NS,Pharma,1073.99,4899323
2024-04-19,SUNPHARMA.NS,Pharma,1083.29,3203668
2024-04-22,SUNPHARMA.NS,Pharma,1092.41,4903846
2024-04-23,SUNPHARMA.NS,Pharma,1061.77,4158646
2024-04-24,SUNPHARMA.NS,Pharma,1051.22,2076062
2024-04-25,SUNPHARMA.NS,Pharma,1030.69,3803980
2024-04-26,SUNPHARMA.NS,Pharma,1040.6,5532334
2024-04-29,SUNPHARMA.NS,Pharma,1033.68,3819890
2024-04-30,SUNPHARMA.NS,Pharma,1039.23,4325945
2024-05-02,SUNPHARMA.NS,Pharma,1032.1,3376844
2024-05-03,SUNPHARMA.NS,Pharma,1018.38,3627656
2024-05-06,SUNPHARMA.NS,Pharma,1015.38,5564932
2024-05-07,SUNPHARMA.NS,Pharma,1009.22,3433798
2024-05-08,SUNPHARMA.NS,Pharma,1019.58,2668916
2024-05-09,SUNPHARMA.NS,Pharma,1009.35,1861558
2024-05-10,SUNPHARMA.NS,Pharma,1010.12,3058535
2024-05-13,SUNPHARMA.NS,Pharma,1013.63,2718096
2024-05-14,SUNPHARMA.NS,Pharma,1013.73,2373398
2024-05-15,SUNPHARMA.NS,Pharma,1025.05,2742248
2024-05-16,SUNPHARMA.NS,Pharma,1014.48,2823069
2024-05-17,SUNPHARMA.NS,Pharma,1012.05,2757242
2024-05-20,SUNPHARMA.NS,Pharma,1025.31,6479258
2024-05-21,SUNPHARMA.NS,Pharma,997.4,2241070
2024-05-22,SUNPHARMA.NS,Pharma,990.83,4887529
2024-05-23,SUNPHARMA.NS,Pharma,983.77,4815551
2024-05-24,SUNPHARMA.NS,Pharma,998.03,4951554
2024-05-27,SUNPHARMA.NS,Pharma,994.65,3926625
2024-05-28,SUNPHARMA.NS,Pharma,983.53,6217752
2024-05-29,SUNPHARMA.NS,Pharma,985.09,3993635
2024-05-30,SUNPHARMA.NS,Pharma,976.41,3708528
2024-05-31,SUNPHARMA.NS,Pharma,1000.72,6005308
2024-06-03,SUNPHARMA.NS,Pharma,1007.02,3757253
2024-06-04,SUNPHARMA.NS,Pharma,1007.8,2288051
2024-06-05,SUNPHARMA.NS,Pharma,1010.1,4758010
2024-06-06,SUNPHARMA.NS,Pharma,1008.52,5836858
2024-06-07,SUNPHARMA.NS,Pharma,1006.51,4423904
2024-06-10,SUNPHARMA.NS,Pharma,1003.49,3517546
2024-06-11,SUNPHARMA.NS,Pharma,1023.33,4375237
2024-06-12,SUNPHARMA.NS,Pharma,1014.17,5070807
2024-06-13,SUNPHARMA.NS,Pharma,999.19,2781900
2024-06-14,SUNPHARMA.NS,Pharma,1024.16,1954583
2024-06-17,SUNPHARMA.NS,Pharma,1027.69,3805717
2024-06-18,SUNPHARMA.NS,Pharma,1005.24,5740799
2024-06-19,SUNPHARMA.NS,Pharma,1014.51,2682519
2024-06-20,SUNPHARMA.NS,Pharma,999.65,2550642
2024-06-21,SUNPHARMA.NS,Pharma,993.71,4285978
2024-06-24,SUNPHARMA.NS,Pharma,1003.87,3681033
2024-06-25,SUNPHARMA.NS,Pharma,1029.34,3133269
2024-06-26,SUNPHARMA.NS,Pharma,1035.85,5999245
2024-06-27,SUNPHARMA.NS,Pharma,1048.64,3156631
2024-06-28,SUNPHARMA.NS,Pharma,1069.45,4527008
2024-07-01,SUNPHARMA.NS,Pharma,1065.36,5356643
2024-07-02,SUNPHARMA.NS,Pharma,1044.13,3712819
2024-07-03,SUNPHARMA.NS,Pharma,1033.39,5360855
2024-07-04,SUNPHARMA.NS,Pharma,1066.17,5044706
2024-07-05,SUNPHARMA.NS,Pharma,1048.3,4257598
2024-07-08,SUNPHARMA.NS,Pharma,1051.33,3502053
2024-07-09,SUNPHARMA.NS,Pharma,1040.31,6589564
2024-07-10,SUNPHARMA.NS,Pharma,1040.12,5485111
2024-07-11,SUNPHARMA.NS,Pharma,1049.56,5170775
2024-07-12,SUNPHARMA.NS,Pharma,1061.88,4074128
2024-07-15,SUNPHARMA.NS,Pharma,1096.36,3305982
2024-07-16,SUNPHARMA.NS,Pharma,1115.4,2028550
2024-07-17,SUNPHARMA.NS,Pharma,1134.21,4796234
2024-07-18,SUNPHARMA.NS,Pharma,1136.85,3553284
2024-07-19,SUNPHARMA.NS,Pharma,1160.98,4314410
2024-07-22,SUNPHARMA.NS,Pharma,1159.92,9468775
2024-07-23,SUNPHARMA.NS,Pharma,1164.66,6185536
2024-07-24,SUNPHARMA.NS,Pharma,1156.25,4669962
2024-07-25,SUNPHARMA.NS,Pharma,1162.92,3854340
2024-07-26,SUNPHARMA.NS,Pharma,1172.41,5247534
2024-07-29,SUNPHARMA.NS,Pharma,1181.16,5481378
2024-07-30,SUNPHARMA.NS,Pharma,1199.66,3486576
2024-07-31,SUNPHARMA.NS,Pharma,1197.98,3643377
2024-08-01,SUNPHARMA.NS,Pharma,1213.09,4334556
2024-08-02,SUNPHARMA.NS,Pharma,1203.98,3063827
2024-08-05,SUNPHARMA.NS,Pharma,1181.16,3139893
2024-08-06,SUNPHARMA.NS,Pharma,1155.35,2690897
2024-08-07,SUNPHARMA.NS,Pharma,1175.51,7346336
2024-08-08,SUNPHARMA.NS,Pharma,1183.61,2490546
2024-08-09,SUNPHARMA.NS,Pharma,1186.22,2522599
2024-08-12,SUNPHARMA.NS,Pharma,1177.56,1796149
2024-08-13,SUNPHARMA.NS,Pharma,1187.29,4957876
2024-08-14,SUNPHARMA.NS,Pharma,1179.66,2866306
2024-08-16,SUNPHARMA.NS,Pharma,1167.02,5204903
2024-08-19,SUNPHARMA.NS,Pharma,1143.31,3925077
2024-08-20,SUNPHARMA.NS,Pharma,1132.17,6233265
2024-08-21,SUNPHARMA.NS,Pharma,1114.29,2965092
2024-08-22,SUNPHARMA.NS,Pharma,1100.25,4075815
2024-08-23,SUNPHARMA.NS,Pharma,1110.75,5891069
2024-08-26,SUNPHARMA.NS,Pharma,1137.54,6108699
2024-08-27,SUNPHARMA.NS,Pharma,1143.64,5839822
2024-08-28,SUNPHARMA.NS,Pharma,1108.5,4847688
2024-08-29,SUNPHARMA.NS,Pharma,1129.57,3957187
2024-08-30,SUNPHARMA.NS,Pharma,1126.63,4898587
2024-09-02,SUNPHARMA.NS,Pharma,1102.51,2524707
2024-09-03,SUNPHARMA.NS,Pharma,1132.24,3498697
2024-09-04,SUNPHARMA.NS,Pharma,1123.71,6541208
2024-09-05,SUNPHARMA.NS,Pharma,1109.71,5514705
2024-09-06,SUNPHARMA.NS,Pharma,1103.13,2605334
2024-09-09,SUNPHARMA.NS,Pharma,1100.49,4516334
2024-09-10,SUNPHARMA.NS,Pharma,1109.31,2912047
2024-09-11,SUNPHARMA.NS,Pharma,1120.46,3614122
2024-09-12,SUNPHARMA.NS,Pharma,1113.09,6706388
2024-09-13,SUNPHARMA.NS,Pharma,1101.05,2111983
2024-09-16,SUNPHARMA.NS,Pharma,1083.05,2553204
2024-09-17,SUNPHARMA.NS,Pharma,1085.69,4209739
2024-09-18,SUNPHARMA.NS,Pharma,1073.82,4706145
2024-09-19,SUNPHARMA.NS,Pharma,1083.91,3593387
2024-09-20,SUNPHARMA.NS,Pharma,1084.68,5989414
2024-09-23,SUNPHARMA.NS,Pharma,1088.97,3685589
2024-09-24,SUNPHARMA.NS,Pharma,1093.59,4390674
2024-09-25,SUNPHARMA.NS,Pharma,1103.46,4074423
2024-09-26,SUNPHARMA.NS,Pharma,1103.97,3651650
2024-09-27,SUNPHARMA.NS,Pharma,1123.33,5185523
2024-09-30,SUNPHARMA.NS,Pharma,1122.96,3009807
2024-10-01,SUNPHARMA.NS,Pharma,1110.22,6278012
2024-10-03,SUNPHARMA.NS,Pharma,1124.6,5597279
2024-10-04,SUNPHARMA.NS,Pharma,1119.08,5627868
2024-10-07,SUNPHARMA.NS,Pharma,1110.54,8874142
2024-10-08,SUNPHARMA.NS,Pharma,1103.6,4627476
2024-10-09,SUNPHARMA.NS,Pharma,1097.53,4170107
2024-10-10,SUNPHARMA.NS,Pharma,1102.27,4703754
2024-10-11,SUNPHARMA.NS,Pharma,1098.51,3458064
2024-10-14,SUNPHARMA.NS,Pharma,1116.64,3875016
2024-10-15,SUNPHARMA.NS,Pharma,1116.82,2984453
2024-10-16,SUNPHARMA.NS,Pharma,1135.66,6425387
2024-10-17,SUNPHARMA.NS,Pharma,1145.46,2808236
2024-10-18,SUNPHARMA.NS,Pharma,1132.76,2999169
2024-10-21,SUNPHARMA.NS,Pharma,1121.36,3706916
2024-10-22,SUNPHARMA.NS,Pharma,1108.6,2714388
2024-10-23,SUNPHARMA.NS,Pharma,1077.13,3179419
2024-10-24,SUNPHARMA.NS,Pharma,1084.27,3526466
2024-10-25,SUNPHARMA.NS,Pharma,1088.36,5274985
2024-10-28,SUNPHARMA.NS,Pharma,1115.11,2406036
2024-10-29,SUNPHARMA.NS,Pharma,1111.69,3326831
2024-10-30,SUNPHARMA.NS,Pharma,1106.77,4434943
2024-10-31,SUNPHARMA.NS,Pharma,1121.99,4757369
2024-11-04,SUNPHARMA.NS,Pharma,1124.51,9899120
2024-11-05,SUNPHARMA.NS,Pharma,1132.48,6662994
2024-11-06,SUNPHARMA.NS,Pharma,1101.47,7118836
2024-11-07,SUNPHARMA.NS,Pharma,1101.37,2332992
2024-11-08,SUNPHARMA.NS,Pharma,1109.73,4489447
2024-11-11,SUNPHARMA.NS,Pharma,1101.86,4975986
2024-11-12,SUNPHARMA.NS,Pharma,1125.99,2602740
2024-11-13,SUNPHARMA.NS,Pharma,1128.69,3676328
2024-11-14,SUNPHARMA.NS,Pharma,1140.41,5304619
2024-11-15,SUNPHARMA.NS,Pharma,1138.11,5412445
2024-11-18,SUNPHARMA.NS,Pharma,1135.12,6240637
2024-11-19,SUNPHARMA.NS,Pharma,1151.41,4182059
2024-11-20,SUNPHARMA.NS,Pharma,1160.64,3305067
2024-11-21,SUNPHARMA.NS,Pharma,1143.61,4938822
2024-11-22,SUNPHARMA.NS,Pharma,1132.17,4287253
2024-11-25,SUNPHARMA.NS,Pharma,1127.85,4706568
2024-11-26,SUNPHARMA.NS,Pharma,1142.67,2082156
2024-11-27,SUNPHARMA.NS,Pharma,1145.23,4002770
2024-11-28,SUNPHARMA.NS,Pharma,1128.9,4638057
2024-11-29,SUNPHARMA.NS,Pharma,1120.81,4001042
2024-12-02,SUNPHARMA.NS,Pharma,1119.49,3815334
2024-12-03,SUNPHARMA.NS,Pharma,1104.13,3813546
2024-12-04,SUNPHARMA.NS,Pharma,1098.38,2939871
2024-12-05,SUNPHARMA.NS,Pharma,1102.01,5400829
2024-12-06,SUNPHARMA.NS,Pharma,1100.57,3603201
2024-12-09,SUNPHARMA.NS,Pharma,1110.68,1658146
2024-12-10,SUNPHARMA.NS,Pharma,1083.9,3224487
2024-12-11,SUNPHARMA.NS,Pharma,1114.97,3055918
2024-12-12,SUNPHARMA.NS,Pharma,1133.65,3563505
2024-12-13,SUNPHARMA.NS,Pharma,1109.69,3183407
2024-12-16,SUNPHARMA.NS,Pharma,1106.14,3842609
2024-12-17,SUNPHARMA.NS,Pharma,1104.32,4278823
2024-12-18,SUNPHARMA.NS,Pharma,1083.3,3026679
2024-12-19,SUNPHARMA.NS,Pharma,1092.22,4066177
2024-12-20,SUNPHARMA.NS,Pharma,1124.26,5038307
2024-12-23,SUNPHARMA.NS,Pharma,1127.73,3524527
2024-12-24,SUNPHARMA.NS,Pharma,1155.82,5029573
2024-12-26,SUNPHARMA.NS,Pharma,1152.19,6345116
2024-12-27,SUNPHARMA.NS,Pharma,1137.45,2870799
2024-12-30,SUNPHARMA.NS,Pharma,1126.68,4427948
2024-12-31,SUNPHARMA.NS,Pharma,1114.19,8141437
2025-01-01,SUNPHARMA.NS,Pharma,1114.52,4343383
2025-01-02,SUNPHARMA.NS,Pharma,1133.19,2990023
2025-01-03,SUNPHARMA.NS,Pharma,1122.2,4737575
2025-01-06,SUNPHARMA.NS,Pharma,1111.41,3764763
2025-01-07,SUNPHARMA.NS,Pharma,1121.09,2563395
2025-01-08,SUNPHARMA.NS,Pharma,1118.05,3762667
2025-01-09,SUNPHARMA.NS,Pharma,1132.46,2673766
2025-01-10,SUNPHARMA.NS,Pharma,1117.96,2246775
2025-01-13,SUNPHARMA.NS,Pharma,1109.69,5409309
2025-01-14,SUNPHARMA.NS,Pharma,1112.55,1760210
2025-01-15,SUNPHARMA.NS,Pharma,1122.12,6510297
2025-01-16,SUNPHARMA.NS,Pharma,1138.55,4871996
2025-01-17,SUNPHARMA.NS,Pharma,1141.22,6737020
2025-01-20,SUNPHARMA.NS,Pharma,1168.34,7151997
2025-01-21,SUNPHARMA.NS,Pharma,1174.11,5917355
2025-01-22,SUNPHARMA.NS,Pharma,1193.77,3437166
2025-01-23,SUNPHARMA.NS,Pharma,1186.23,3213915
2025-01-24,SUNPHARMA.NS,Pharma,1200.43,4154730
2025-01-27,SUNPHARMA.NS,Pharma,1193.12,5654105
2025-01-28,SUNPHARMA.NS,Pharma,1208.46,7745327
2025-01-29,SUNPHARMA.NS,Pharma,1210.07,2809257
2025-01-30,SUNPHARMA.NS,Pharma,1218.29,5304385
2025-01-31,SUNPHARMA.NS,Pharma,1234.55,4049112
2025-02-03,SUNPHARMA.NS,Pharma,1231.46,4052355
2025-02-04,SUNPHARMA.NS,Pharma,1225.62,5013386
2025-02-05,SUNPHARMA.NS,Pharma,1200.74,1621594
2025-02-06,SUNPHARMA.NS,Pharma,1196.83,4032910
2025-02-07,SUNPHARMA.NS,Pharma,1185.96,2590056
2025-02-10,SUNPHARMA.NS,Pharma,1181.28,5163870
2025-02-11,SUNPHARMA.NS,Pharma,1193.67,4454973
2025-02-12,SUNPHARMA.NS,Pharma,1190.96,7223787
2025-02-13,SUNPHARMA.NS,Pharma,1227.93,6738080
2025-02-14,SUNPHARMA.NS,Pharma,1202.89,3233522
2025-02-17,SUNPHARMA.NS,Pharma,1203.48,4398222
2025-02-18,SUNPHARMA.NS,Pharma,1207.41,7021686
2025-02-19,SUNPHARMA.NS,Pharma,1202.22,4723565
2025-02-20,SUNPHARMA.NS,Pharma,1185.57,5145394
2025-02-21,SUNPHARMA.NS,Pharma,1207.31,7122740
2025-02-24,SUNPHARMA.NS,Pharma,1219.87,6739274
2025-02-25,SUNPHARMA.NS,Pharma,1238.12,4316677
2025-02-26,SUNPHARMA.NS,Pharma,1220.88,5878182
2025-02-27,SUNPHARMA.NS,Pharma,1227.3,5545636
2025-02-28,SUNPHARMA.NS,Pharma,1237.74,7319134
2025-03-03,SUNPHARMA.NS,Pharma,1251.65,4204004
2025-03-04,SUNPHARMA.NS,Pharma,1236.36,6322470
2025-03-05,SUNPHARMA.NS,Pharma,1246.5,3531393
2025-03-06,SUNPHARMA.NS,Pharma,1259.04,4801263
2025-03-07,SUNPHARMA.NS,Pharma,1284.59,5585825
2025-03-10,SUNPHARMA.NS,Pharma,1267.06,5206081
2025-03-11,SUNPHARMA.NS,Pharma,1252.87,4564867
2025-03-12,SUNPHARMA.NS,Pharma,1239.48,4055421
2025-03-13,SUNPHARMA.NS,Pharma,1234.97,5260481
2025-03-14,SUNPHARMA.NS,Pharma,1244.41,4908959
2025-03-17,SUNPHARMA.NS,Pharma,1242.21,4255837
2025-03-18,SUNPHARMA.NS,Pharma,1254.86,5187799
2025-03-19,SUNPHARMA.NS,Pharma,1224.49,2422933
2025-03-20,SUNPHARMA.NS,Pharma,1197.84,4745277
2025-03-21,SUNPHARMA.NS,Pharma,1215.95,2249819
2025-03-24,SUNPHARMA.NS,Pharma,1239.71,2998278
2025-03-25,SUNPHARMA.NS,Pharma,1225.35,4582594
2025-03-26,SUNPHARMA.NS,Pharma,1212.96,4006653
2025-03-27,SUNPHARMA.NS,Pharma,1236.38,2255032
2025-03-28,SUNPHARMA.NS,Pharma,1216.49,2103396
2025-03-31,SUNPHARMA.NS,Pharma,1211.23,3606057
2025-04-01,SUNPHARMA.NS,Pharma,1230.41,2147995
2025-04-02,SUNPHARMA.NS,Pharma,1234.5,2504186
2025-04-03,SUNPHARMA.NS,Pharma,1251.36,3283371
2025-04-04,SUNPHARMA.NS,Pharma,1261.44,5468706
2025-04-07,SUNPHARMA.NS,Pharma,1284.85,2669817
2025-04-08,SUNPHARMA.NS,Pharma,1271.15,1885706
2025-04-09,SUNPHARMA.NS,Pharma,1281.05,6407893
2025-04-10,SUNPHARMA.NS,Pharma,1253.68,5392056
2025-04-11,SUNPHARMA.NS,Pharma,1248.46,4536103
2025-04-15,SUNPHARMA.NS,Pharma,1225.81,3946308
2025-04-16,SUNPHARMA.NS,Pharma,1221.82,8305802
2025-04-17,SUNPHARMA.NS,Pharma,1219.84,4469567
2025-04-18,SUNPHARMA.NS,Pharma,1224.15,4114712
2025-04-21,SUNPHARMA.NS,Pharma,1215.1,3752948
2025-04-22,SUNPHARMA.NS,Pharma,1199.9,4651294
2025-04-23,SUNPHARMA.NS,Pharma,1206.04,3092100
2025-04-24,SUNPHARMA.NS,Pharma,1204.86,5897477
2025-04-25,SUNPHARMA.NS,Pharma,1193.42,6301467
2025-04-28,SUNPHARMA.NS,Pharma,1209.9,6237053
2025-04-29,SUNPHARMA.NS,Pharma,1207.49,3929201
2025-04-30,SUNPHARMA.NS,Pharma,1226.06,4555840
2025-05-02,SUNPHARMA.NS,Pharma,1209.15,2511259
2025-05-05,SUNPHARMA.NS,Pharma,1220.66,2575064
2025-05-06,SUNPHARMA.NS,Pharma,1209.96,5229355
2025-05-07,SUNPHARMA.NS,Pharma,1235.87,5500809
2025-05-08,SUNPHARMA.NS,Pharma,1260.65,2169393
2025-05-09,SUNPHARMA.NS,Pharma,1277.73,2547396
2025-05-12,SUNPHARMA.NS,Pharma,1302.52,2882397
2025-05-13,SUNPHARMA.NS,Pharma,1316.6,4507249
2025-05-14,SUNPHARMA.NS,Pharma,1316.49,3434276
2025-05-15,SUNPHARMA.NS,Pharma,1306.96,2656990
2025-05-16,SUNPHARMA.NS,Pharma,1294.64,3577278
2025-05-19,SUNPHARMA.NS,Pharma,1309.37,3557484
2025-05-20,SUNPHARMA.NS,Pharma,1300.48,5487046
2025-05-21,SUNPHARMA.NS,Pharma,1297.33,3637807
2025-05-22,SUNPHARMA.NS,Pharma,1288.28,6659329
2025-05-23,SUNPHARMA.NS,Pharma,1309.06,1952194
2025-05-26,SUNPHARMA.NS,Pharma,1307.26,4685642
2025-05-27,SUNPHARMA.NS,Pharma,1302.7,8325704
2025-05-28,SUNPHARMA.NS,Pharma,1329.84,3807841
2025-05-29,SUNPHARMA.NS,Pharma,1354.58,3621366
2025-05-30,SUNPHARMA.NS,Pharma,1345.71,3166141
2025-06-02,SUNPHARMA.NS,Pharma,1361.38,2398811
2025-06-03,SUNPHARMA.NS,Pharma,1374.68,5783024
2025-06-04,SUNPHARMA.NS,Pharma,1370.55,3028781
2025-06-05,SUNPHARMA.NS,Pharma,1374.24,5483143
2025-06-06,SUNPHARMA.NS,Pharma,1354.63,4579320
2025-06-09,SUNPHARMA.NS,Pharma,1363.95,5026472
2025-06-10,SUNPHARMA.NS,Pharma,1368.87,2868711
2025-06-11,SUNPHARMA.NS,Pharma,1360.67,4501536
2025-06-12,SUNPHARMA.NS,Pharma,1355.1,3999222
2025-06-13,SUNPHARMA.NS,Pharma,1360.66,4268382
2025-06-16,SUNPHARMA.NS,Pharma,1366.84,1656614
2025-06-17,SUNPHARMA.NS,Pharma,1354.73,4799063
2025-06-18,SUNPHARMA.NS,Pharma,1355.64,8723628
2025-06-19,SUNPHARMA.NS,Pharma,1378.11,2554585
2025-06-20,SUNPHARMA.NS,Pharma,1355.6,5560619
2025-06-23,SUNPHARMA.NS,Pharma,1361.13,3676772
2025-06-24,SUNPHARMA.NS,Pharma,1360.12,2777575
2025-06-25,SUNPHARMA.NS,Pharma,1375.94,3122172
2025-06-26,SUNPHARMA.NS,Pharma,1385.21,6652969
2025-06-27,SUNPHARMA.NS,Pharma,1362.9,4418201
2025-06-30,SUNPHARMA.NS,Pharma,1347.13,3820860
2025-07-01,SUNPHARMA.NS,Pharma,1359.24,2302077
2025-07-02,SUNPHARMA.NS,Pharma,1376.32,4840608
2025-07-03,SUNPHARMA.NS,Pharma,1378.96,5826275
2025-07-04,SUNPHARMA.NS,Pharma,1383.44,4437717
2025-07-07,SUNPHARMA.NS,Pharma,1389.75,2677196
2025-07-08,SUNPHARMA.NS,Pharma,1381.42,4800890
2025-07-09,SUNPHARMA.NS,Pharma,1367.94,7656166
2025-07-10,SUNPHARMA.NS,Pharma,1345.84,3776024
2025-07-11,SUNPHARMA.NS,Pharma,1372.54,5737475
2025-07-14,SUNPHARMA.NS,Pharma,1371.07,3694125
2025-07-15,SUNPHARMA.NS,Pharma,1397.38,3750344
2025-07-16,SUNPHARMA.NS,Pharma,1370.78,4290316
2025-07-17,SUNPHARMA.NS,Pharma,1373.97,3519120
2025-07-18,SUNPHARMA.NS,Pharma,1345.21,3402693
2025-07-21,SUNPHARMA.NS,Pharma,1363.56,4019173
2025-07-22,SUNPHARMA.NS,Pharma,1405.22,5598952
2025-07-23,SUNPHARMA.NS,Pharma,1431.98,4110843
2025-07-24,SUNPHARMA.NS,Pharma,1421.47,3943096
2025-07-25,SUNPHARMA.NS,Pharma,1408.59,4278046
2025-07-28,SUNPHARMA.NS,Pharma,1414.53,6955986
2025-07-29,SUNPHARMA.NS,Pharma,1417.28,2829557
2025-07-30,SUNPHARMA.NS,Pharma,1423.64,5050796
2025-07-31,SUNPHARMA.NS,Pharma,1423.81,5361510
2025-08-01,SUNPHARMA.NS,Pharma,1432.25,3770227
2025-08-04,SUNPHARMA.NS,Pharma,1446.22,6139598
2025-08-05,SUNPHARMA.NS,Pharma,1426.63,5547048
2025-08-06,SUNPHARMA.NS,Pharma,1428.61,5351511
2025-08-07,SUNPHARMA.NS,Pharma,1385.75,2558779
2025-08-08,SUNPHARMA.NS,Pharma,1406.44,3310666
2025-08-11,SUNPHARMA.NS,Pharma,1402.55,3161175
2025-08-12,SUNPHARMA.NS,Pharma,1398.05,5144243
2025-08-13,SUNPHARMA.NS,Pharma,1410.53,5475018
2025-08-14,SUNPHARMA.NS,Pharma,1421.35,3655252
2025-08-18,SUNPHARMA.NS,Pharma,1413.02,3659040
2025-08-19,SUNPHARMA.NS,Pharma,1455.74,8688513
2025-08-20,SUNPHARMA.NS,Pharma,1455.98,4284201
2025-08-21,SUNPHARMA.NS,Pharma,1450.16,4688823
2025-08-22,SUNPHARMA.NS,Pharma,1452.15,3679631
2025-08-25,SUNPHARMA.NS,Pharma,1455.39,6366842
2025-08-26,SUNPHARMA.NS,Pharma,1455.24,4615595
2025-08-27,SUNPHARMA.NS,Pharma,1419.71,4256984
2025-08-28,SUNPHARMA.NS,Pharma,1414.07,4320232
2025-08-29,SUNPHARMA.NS,Pharma,1396.13,3457661
2025-09-01,SUNPHARMA.NS,Pharma,1418.1,2870928
2025-09-02,SUNPHARMA.NS,Pharma,1406.97,4004824
2025-09-03,SUNPHARMA.NS,Pharma,1412.82,6881671
2025-09-04,SUNPHARMA.NS,Pharma,1395.02,3611590
2025-09-05,SUNPHARMA.NS,Pharma,1401.19,5778714
2025-09-08,SUNPHARMA.NS,Pharma,1428.61,3483239
2025-09-09,SUNPHARMA.NS,Pharma,1416.03,2071634
2025-09-10,SUNPHARMA.NS,Pharma,1443.82,3326422
2025-09-11,SUNPHARMA.NS,Pharma,1446.49,2262974
2025-09-12,SUNPHARMA.NS,Pharma,1443.83,5190334
2025-09-15,SUNPHARMA.NS,Pharma,1453.3,2102401
2025-09-16,SUNPHARMA.NS,Pharma,1433.72,4111256
2025-09-17,SUNPHARMA.NS,Pharma,1421.4,3071275
2025-09-18,SUNPHARMA.NS,Pharma,1415.05,3211957
2025-09-19,SUNPHARMA.NS,Pharma,1441.24,5410807
2025-09-22,SUNPHARMA.NS,Pharma,1461.27,3832601
2025-09-23,SUNPHARMA.NS,Pharma,1471.23,3952668
2025-09-24,SUNPHARMA.NS,Pharma,1471.96,3865894
2025-09-25,SUNPHARMA.NS,Pharma,1483.95,3478428
2025-09-26,SUNPHARMA.NS,Pharma,1459.04,3022027
2025-09-29,SUNPHARMA.NS,Pharma,1444.57,2228624
2025-09-30,SUNPHARMA.NS,Pharma,1436.95,4566779
2025-10-01,SUNPHARMA.NS,Pharma,1455.74,4437460
2025-10-03,SUNPHARMA.NS,Pharma,1444.15,5961501
2025-10-06,SUNPHARMA.NS,Pharma,1421.49,4599257
2025-10-07,SUNPHARMA.NS,Pharma,1394.69,3412576
2025-10-08,SUNPHARMA.NS,Pharma,1389.1,3777037
2025-10-09,SUNPHARMA.NS,Pharma,1382.54,4881062
2025-10-10,SUNPHARMA.NS,Pharma,1390.46,5872533
2025-10-13,SUNPHARMA.NS,Pharma,1384.98,3471185
2025-10-14,SUNPHARMA.NS,Pharma,1408.64,5885793
2025-10-15,SUNPHARMA.NS,Pharma,1434.3,3891711
2025-10-16,SUNPHARMA.NS,Pharma,1427.34,3168880
2025-10-17,SUNPHARMA.NS,Pharma,1440.75,3194853
2025-10-20,SUNPHARMA.NS,Pharma,1444.91,3615555
2025-10-22,SUNPHARMA.NS,Pharma,1432.72,3978144
2025-10-23,SUNPHARMA.NS,Pharma,1430.89,5974128
2025-10-24,SUNPHARMA.NS,Pharma,1436.1,7735718
2025-10-27,SUNPHARMA.NS,Pharma,1453.36,3707530
2025-10-28,SUNPHARMA.NS,Pharma,1483.98,2463032
2025-10-29,SUNPHARMA.NS,Pharma,1496.69,3248162
2025-10-30,SUNPHARMA.NS,Pharma,1480.45,3596020
2025-10-31,SUNPHARMA.NS,Pharma,1458.51,4405036
2025-11-03,SUNPHARMA.NS,Pharma,1492.82,2131269
2025-11-04,SUNPHARMA.NS,Pharma,1496.77,5783409
2025-11-05,SUNPHARMA.NS,Pharma,1483.69,2916804
2025-11-06,SUNPHARMA.NS,Pharma,1510.07,4448549
2025-11-07,SUNPHARMA.NS,Pharma,1506.99,3827573
2025-11-10,SUNPHARMA.NS,Pharma,1520.0,3162442
2025-11-11,SUNPHARMA.NS,Pharma,1512.28,6388918
2025-11-12,SUNPHARMA.NS,Pharma,1462.64,3413673
2025-11-13,SUNPHARMA.NS,Pharma,1447.57,2860435
2025-11-14,SUNPHARMA.NS,Pharma,1443.51,4814330
2025-11-17,SUNPHARMA.NS,Pharma,1437.58,5436568
2025-11-18,SUNPHARMA.NS,Pharma,1430.43,3728284
2025-11-19,SUNPHARMA.NS,Pharma,1437.9,4260549
2025-11-20,SUNPHARMA.NS,Pharma,1453.53,5594672
2025-11-21,SUNPHARMA.NS,Pharma,1432.78,3712161
2025-11-24,SUNPHARMA.NS,Pharma,1399.48,3665538
2025-11-25,SUNPHARMA.NS,Pharma,1402.15,5262398
2025-11-26,SUNPHARMA.NS,Pharma,1378.14,3793121
2025-11-27,SUNPHARMA.NS,Pharma,1370.17,3048533
2025-11-28,SUNPHARMA.NS,Pharma,1388.91,3990656
2025-12-01,SUNPHARMA.NS,Pharma,1386.01,2853274
2025-12-02,SUNPHARMA.NS,Pharma,1402.43,3902644
2025-12-03,SUNPHARMA.NS,Pharma,1373.94,5606542
2025-12-04,SUNPHARMA.NS,Pharma,1372.41,2608258
2025-12-05,SUNPHARMA.NS,Pharma,1403.88,3933904
2025-12-08,SUNPHARMA.NS,Pharma,1407.0,4922743
2025-12-09,SUNPHARMA.NS,Pharma,1399.26,3913263
2025-12-10,SUNPHARMA.NS,Pharma,1382.17,6506076
2025-12-11,SUNPHARMA.NS,Pharma,1386.01,4076115
2025-12-12,SUNPHARMA.NS,Pharma,1395.54,4580726
2025-12-15,SUNPHARMA.NS,Pharma,1371.15,6488073
2025-12-16,SUNPHARMA.NS,Pharma,1365.35,4788091
2025-12-17,SUNPHARMA.NS,Pharma,1334.92,3972955
2025-12-18,SUNPHARMA.NS,Pharma,1349.05,3436908
2025-12-19,SUNPHARMA.NS,Pharma,1335.12,3788755
2025-12-22,SUNPHARMA.NS,Pharma,1346.11,4506806
2025-12-23,SUNPHARMA.NS,Pharma,1347.67,3050443
2025-12-24,SUNPHARMA.NS,Pharma,1357.54,6335997
2025-12-26,SUNPHARMA.NS,Pharma,1366.45,8945971
2025-12-29,SUNPHARMA.NS,Pharma,1392.05,4010636
2025-12-30,SUNPHARMA.NS,Pharma,1379.98,2195785
2025-12-31,SUNPHARMA.NS,Pharma,1402.07,5245496
2022-01-03,TITAN.NS,Consumer,2890.89,3002792
2022-01-04,TITAN.NS,Consumer,2899.82,7796010
2022-01-05,TITAN.NS,Consumer,2884.01,4313200
2022-01-06,TITAN.NS,Consumer,2914.92,2680418
2022-01-07,TITAN.NS,Consumer,2920.5,4198457
2022-01-10,TITAN.NS,Consumer,2944.41,2072778
2022-01-11,TITAN.NS,Consumer,2971.32,4231106
2022-01-12,TITAN.NS,Consumer,3013.84,4583215
2022-01-13,TITAN.NS,Consumer,3023.61,3871706
2022-01-14,TITAN.NS,Consumer,3043.64,3075552
2022-01-17,TITAN.NS,Consumer,3017.23,7463438
2022-01-18,TITAN.NS,Consumer,3021.1,3555109
2022-01-19,TITAN.NS,Consumer,2985.76,2058561
2022-01-20,TITAN.NS,Consumer,2956.23,3770032
2022-01-21,TITAN.NS,Consumer,2990.57,6014508
2022-01-24,TITAN.NS,Consumer,2992.61,7035664
2022-01-25,TITAN.NS,Consumer,3004.43,1554192
2022-01-27,TITAN.NS,Consumer,2910.19,2980488
2022-01-28,TITAN.NS,Consumer,2931.79,3502091
2022-01-31,TITAN.NS,Consumer,2920.36,4231215
2022-02-01,TITAN.NS,Consumer,2938.0,2478271
2022-02-02,TITAN.NS,Consumer,2928.75,4849047
2022-02-03,TITAN.NS,Consumer,3022.29,5524950
2022-02-04,TITAN.NS,Consumer,2991.81,2930068
2022-02-07,TITAN.NS,Consumer,2937.73,3927157
2022-02-08,TITAN.NS,Consumer,2919.8,5309881
2022-02-09,TITAN.NS,Consumer,2902.51,7415052
2022-02-10,TITAN.NS,Consumer,2921.19,5776996
2022-02-11,TITAN.NS,Consumer,2892.3,3326742
2022-02-14,TITAN.NS,Consumer,2910.13,4679392
2022-02-15,TITAN.NS,Consumer,2908.74,3677609
2022-02-16,TITAN.NS,Consumer,2931.35,3071555
2022-02-17,TITAN.NS,Consumer,2979.63,4749354
2022-02-18,TITAN.NS,Consumer,2959.36,4732273
2022-02-21,TITAN.NS,Consumer,2908.16,3982215
2022-02-22,TITAN.NS,Consumer,2898.85,5670385
2022-02-23,TITAN.NS,Consumer,2813.14,3615796
2022-02-24,TITAN.NS,Consumer,2755.99,3866599
2022-02-25,TITAN.NS,Consumer,2620.27,4278111
2022-02-28,TITAN.NS,Consumer,2648.2,4468805
2022-03-01,TITAN.NS,Consumer,2556.99,2889530
2022-03-02,TITAN.NS,Consumer,2599.78,7729480
2022-03-03,TITAN.NS,Consumer,2568.32,5052152
2022-03-04,TITAN.NS,Consumer,2494.13,3995176
2022-03-07,TITAN.NS,Consumer,2514.22,4025179
2022-03-09,TITAN.NS,Consumer,2495.45,3888111
2022-03-10,TITAN.NS,Consumer,2417.08,6660307
2022-03-11,TITAN.NS,Consumer,2419.67,5583738
2022-03-14,TITAN.NS,Consumer,2386.11,4986220
2022-03-15,TITAN.NS,Consumer,2425.07,9505060
2022-03-16,TITAN.NS,Consumer,2423.14,4912093
2022-03-17,TITAN.NS,Consumer,2420.07,2914055
2022-03-18,TITAN.NS,Consumer,2426.7,5173747
2022-03-21,TITAN.NS,Consumer,2453.04,4811904
2022-03-22,TITAN.NS,Consumer,2452.92,6488780
2022-03-23,TITAN.NS,Consumer,2461.08,5183045
2022-03-24,TITAN.NS,Consumer,2477.55,4190309
2022-03-25,TITAN.NS,Consumer,2465.93,5594902
2022-03-28,TITAN.NS,Consumer,2374.47,2217550
2022-03-29,TITAN.NS,Consumer,2390.71,4721659
2022-03-30,TITAN.NS,Consumer,2411.21,4875940
2022-03-31,TITAN.NS,Consumer,2376.5,2503693
2022-04-01,TITAN.NS,Consumer,2424.82,4169699
2022-04-04,TITAN.NS,Consumer,2411.62,3166213
2022-04-05,TITAN.NS,Consumer,2424.18,3426091
2022-04-06,TITAN.NS,Consumer,2435.81,5517206
2022-04-07,TITAN.NS,Consumer,2425.1,2781582
2022-04-08,TITAN.NS,Consumer,2391.21,3688012
2022-04-11,TITAN.NS,Consumer,2357.31,2887035
2022-04-12,TITAN.NS,Consumer,2284.83,4320628
2022-04-13,TITAN.NS,Consumer,2329.31,4488442
2022-04-15,TITAN.NS,Consumer,2374.42,2543568
2022-04-18,TITAN.NS,Consumer,2360.36,3543235
2022-04-19,TITAN.NS,Consumer,2383.37,3737976
2022-04-20,TITAN.NS,Consumer,2363.69,4159177
2022-04-21,TITAN.NS,Consumer,2376.72,5564177
2022-04-22,TITAN.NS,Consumer,2374.74,2856119
2022-04-25,TITAN.NS,Consumer,2343.6,3461610
2022-04-26,TITAN.NS,Consumer,2298.45,6316495
2022-04-27,TITAN.NS,Consumer,2266.23,5250568
2022-04-28,TITAN.NS,Consumer,2276.99,2851187
2022-04-29,TITAN.NS,Consumer,2244.96,3836342
2022-05-02,TITAN.NS,Consumer,2193.62,4617807
2022-05-03,TITAN.NS,Consumer,2227.45,5446656
2022-05-04,TITAN.NS,Consumer,2162.98,4465002
2022-05-05,TITAN.NS,Consumer,2241.2,4607759
2022-05-06,TITAN.NS,Consumer,2254.99,4646414
2022-05-09,TITAN.NS,Consumer,2287.37,4055617
2022-05-10,TITAN.NS,Consumer,2292.59,2294353
2022-05-11,TITAN.NS,Consumer,2272.97,3348163
2022-05-12,TITAN.NS,Consumer,2265.46,6156151
2022-05-13,TITAN.NS,Consumer,2230.78,5398640
2022-05-16,TITAN.NS,Consumer,2201.7,3971690
2022-05-17,TITAN.NS,Consumer,2239.67,3666812
2022-05-18,TITAN.NS,Consumer,2197.17,3079824
2022-05-19,TITAN.NS,Consumer,2225.15,2950476
2022-05-20,TITAN.NS,Consumer,2215.67,5563134
2022-05-23,TITAN.NS,Consumer,2174.84,3574177
2022-05-24,TITAN.NS,Consumer,2186.12,4427656
2022-05-25,TITAN.NS,Consumer,2131.35,9269455
2022-05-26,TITAN.NS,Consumer,2106.94,4137270
2022-05-27,TITAN.NS,Consumer,2094.14,3067254
2022-05-30,TITAN.NS,Consumer,2036.62,5425232
2022-05-31,TITAN.NS,Consumer,1986.49,5819630
2022-06-01,TITAN.NS,Consumer,1971.7,2022839
2022-06-02,TITAN.NS,Consumer,1964.47,6178838
2022-06-03,TITAN.NS,Consumer,1933.97,2911899
2022-06-06,TITAN.NS,Consumer,1918.42,7022730
2022-06-07,TITAN.NS,Consumer,1973.98,6239222
2022-06-08,TITAN.NS,Consumer,1957.78,4178211
2022-06-09,TITAN.NS,Consumer,1979.74,2970349
2022-06-10,TITAN.NS,Consumer,1945.28,5865367
2022-06-13,TITAN.NS,Consumer,1943.34,4624042
2022-06-14,TITAN.NS,Consumer,1904.15,3045342
2022-06-15,TITAN.NS,Consumer,1836.69,4796419
2022-06-16,TITAN.NS,Consumer,1816.77,2689546
2022-06-17,TITAN.NS,Consumer,1836.09,4385860
2022-06-20,TITAN.NS,Consumer,1810.46,4415393
2022-06-21,TITAN.NS,Consumer,1827.74,4719743
2022-06-22,TITAN.NS,Consumer,1831.6,6099559
2022-06-23,TITAN.NS,Consumer,1811.22,3357647
2022-06-24,TITAN.NS,Consumer,1836.37,3191786
2022-06-27,TITAN.NS,Consumer,1878.56,4030935
2022-06-28,TITAN.NS,Consumer,1849.54,5311358
2022-06-29,TITAN.NS,Consumer,1796.36,3710298
2022-06-30,TITAN.NS,Consumer,1787.5,2275182
2022-07-01,TITAN.NS,Consumer,1784.59,3640995
2022-07-04,TITAN.NS,Consumer,1824.51,4221401
2022-07-05,TITAN.NS,Consumer,1854.66,3041336
2022-07-06,TITAN.NS,Consumer,1909.97,1753627
2022-07-07,TITAN.NS,Consumer,1900.11,4452968
2022-07-08,TITAN.NS,Consumer,1876.47,2525938
2022-07-11,TITAN.NS,Consumer,1878.14,5602687
2022-07-12,TITAN.NS,Consumer,1842.67,8942402
2022-07-13,TITAN.NS,Consumer,1850.56,2920003
2022-07-14,TITAN.NS,Consumer,1838.12,4515947
2022-07-15,TITAN.NS,Consumer,1858.76,4433318
2022-07-18,TITAN.NS,Consumer,1911.49,2333346
2022-07-19,TITAN.NS,Consumer,1887.71,1709636
2022-07-20,TITAN.NS,Consumer,1885.31,2484293
2022-07-21,TITAN.NS,Consumer,1885.31,3590371
2022-07-22,TITAN.NS,Consumer,1843.82,9374677
2022-07-25,TITAN.NS,Consumer,1837.96,4879173
2022-07-26,TITAN.NS,Consumer,1832.49,2929949
2022-07-27,TITAN.NS,Consumer,1816.68,2920121
2022-07-28,TITAN.NS,Consumer,1806.62,3141898
2022-07-29,TITAN.NS,Consumer,1765.32,2068502
2022-08-01,TITAN.NS,Consumer,1828.07,2929197
2022-08-02,TITAN.NS,Consumer,1800.67,4691845
2022-08-03,TITAN.NS,Consumer,1772.28,3688569
2022-08-04,TITAN.NS,Consumer,1831.43,3461405
2022-08-05,TITAN.NS,Consumer,1851.44,5345944
2022-08-08,TITAN.NS,Consumer,1865.95,2691567
2022-08-09,TITAN.NS,Consumer,1904.39,4638724
2022-08-10,TITAN.NS,Consumer,1885.03,2678671
2022-08-11,TITAN.NS,Consumer,1818.84,5340104
2022-08-12,TITAN.NS,Consumer,1906.34,4083300
2022-08-16,TITAN.NS,Consumer,1879.89,4228259
2022-08-17,TITAN.NS,Consumer,1916.33,3808957
2022-08-18,TITAN.NS,Consumer,1931.53,4830680
2022-08-19,TITAN.NS,Consumer,1885.69,2961999
2022-08-22,TITAN.NS,Consumer,1864.44,5687906
2022-08-23,TITAN.NS,Consumer,1933.34,3650178
2022-08-24,TITAN.NS,Consumer,1870.18,4746464
2022-08-25,TITAN.NS,Consumer,1849.42,5029786
2022-08-26,TITAN.NS,Consumer,1871.25,3054828
2022-08-29,TITAN.NS,Consumer,1854.55,4746795
2022-08-30,TITAN.NS,Consumer,1885.72,3077080
2022-08-31,TITAN.NS,Consumer,1840.84,2288552
2022-09-01,TITAN.NS,Consumer,1829.2,4272159
2022-09-02,TITAN.NS,Consumer,1868.97,8515434
2022-09-05,TITAN.NS,Consumer,1910.54,3174745
2022-09-06,TITAN.NS,Consumer,1880.19,4775705
2022-09-07,TITAN.NS,Consumer,1904.03,5318050
2022-09-08,TITAN.NS,Consumer,1869.9,2660805
2022-09-09,TITAN.NS,Consumer,1838.25,3215671
2022-09-12,TITAN.NS,Consumer,1798.66,6183211
2022-09-13,TITAN.NS,Consumer,1792.54,5021751
2022-09-14,TITAN.NS,Consumer,1733.5,4092391
2022-09-15,TITAN.NS,Consumer,1668.45,2299239
2022-09-16,TITAN.NS,Consumer,1709.68,3262471
2022-09-19,TITAN.NS,Consumer,1715.21,4790952
2022-09-20,TITAN.NS,Consumer,1763.55,1328773
2022-09-21,TITAN.NS,Consumer,1739.24,5305346
2022-09-22,TITAN.NS,Consumer,1744.6,5933582
2022-09-23,TITAN.NS,Consumer,1782.51,7497932
2022-09-26,TITAN.NS,Consumer,1795.73,6235934
2022-09-27,TITAN.NS,Consumer,1762.77,4594583
2022-09-28,TITAN.NS,Consumer,1770.35,5243491
2022-09-29,TITAN.NS,Consumer,1789.27,3524828
2022-09-30,TITAN.NS,Consumer,1796.52,3290843
2022-10-03,TITAN.NS,Consumer,1794.09,4653637
2022-10-04,TITAN.NS,Consumer,1806.74,2993149
2022-10-05,TITAN.NS,Consumer,1861.63,3438145
2022-10-06,TITAN.NS,Consumer,1848.45,8595458
2022-10-07,TITAN.NS,Consumer,1858.21,3081866
2022-10-10,TITAN.NS,Consumer,1875.3,4337400
2022-10-11,TITAN.NS,Consumer,1897.68,2261528
2022-10-12,TITAN.NS,Consumer,1861.16,2994090
2022-10-13,TITAN.NS,Consumer,1918.21,3003296
2022-10-14,TITAN.NS,Consumer,1879.91,3821931
2022-10-17,TITAN.NS,Consumer,1910.99,2934393
2022-10-18,TITAN.NS,Consumer,1933.25,3611161
2022-10-19,TITAN.NS,Consumer,1947.24,3338797
2022-10-20,TITAN.NS,Consumer,1986.84,3719478
2022-10-21,TITAN.NS,Consumer,1950.73,2224739
2022-10-25,TITAN.NS,Consumer,1934.37,2305970
2022-10-26,TITAN.NS,Consumer,1939.61,5228409
2022-10-27,TITAN.NS,Consumer,1929.8,3254334
2022-10-28,TITAN.NS,Consumer,1978.23,4263719
2022-10-31,TITAN.NS,Consumer,1973.78,4560736
2022-11-01,TITAN.NS,Consumer,1929.5,4081927
2022-11-02,TITAN.NS,Consumer,1933.0,2483295
2022-11-03,TITAN.NS,Consumer,1974.85,1938907
2022-11-04,TITAN.NS,Consumer,1976.79,3434505
2022-11-07,TITAN.NS,Consumer,1937.59,4022790
2022-11-08,TITAN.NS,Consumer,1891.52,6478257
2022-11-09,TITAN.NS,Consumer,1851.29,7911848
2022-11-10,TITAN.NS,Consumer,1872.36,4485705
2022-11-11,TITAN.NS,Consumer,1842.03,3852705
2022-11-14,TITAN.NS,Consumer,1928.64,3854070
2022-11-15,TITAN.NS,Consumer,1914.47,3895228
2022-11-16,TITAN.NS,Consumer,1893.01,3116038
2022-11-17,TITAN.NS,Consumer,1899.04,6366507
2022-11-18,TITAN.NS,Consumer,1941.69,3426924
2022-11-21,TITAN.NS,Consumer,1925.39,4466008
2022-11-22,TITAN.NS,Consumer,1917.83,4442411
2022-11-23,TITAN.NS,Consumer,1936.23,1748509
2022-11-24,TITAN.NS,Consumer,1939.52,2765495
2022-11-25,TITAN.NS,Consumer,1978.91,4474781
2022-11-28,TITAN.NS,Consumer,1946.88,6123486
2022-11-29,TITAN.NS,Consumer,1959.2,4247684
2022-11-30,TITAN.NS,Consumer,1933.97,5037690
2022-12-01,TITAN.NS,Consumer,1948.17,2705475
2022-12-02,TITAN.NS,Consumer,1923.33,4030696
2022-12-05,TITAN.NS,Consumer,1849.24,2645175
2022-12-06,TITAN.NS,Consumer,1898.26,5236502
2022-12-07,TITAN.NS,Consumer,1892.88,4053085
2022-12-08,TITAN.NS,Consumer,1928.93,7329099
2022-12-09,TITAN.NS,Consumer,1894.88,3962449
2022-12-12,TITAN.NS,Consumer,1911.01,2297543
2022-12-13,TITAN.NS,Consumer,1920.92,4478173
2022-12-14,TITAN.NS,Consumer,1936.42,3399802
2022-12-15,TITAN.NS,Consumer,1913.42,5571532
2022-12-16,TITAN.NS,Consumer,1943.64,3094723
2022-12-19,TITAN.NS,Consumer,1913.52,6185360
2022-12-20,TITAN.NS,Consumer,1871.72,2455437
2022-12-21,TITAN.NS,Consumer,1864.96,6544530
2022-12-22,TITAN.NS,Consumer,1946.08,2469745
2022-12-23,TITAN.NS,Consumer,1927.69,3030705
2022-12-26,TITAN.NS,Consumer,1900.93,5064131
2022-12-27,TITAN.NS,Consumer,1849.07,8448279
2022-12-28,TITAN.NS,Consumer,1822.67,4112669
2022-12-29,TITAN.NS,Consumer,1901.79,2442819
2022-12-30,TITAN.NS,Consumer,1882.82,1761704
2023-01-02,TITAN.NS,Consumer,1818.49,5572044
2023-01-03,TITAN.NS,Consumer,1843.07,7107874
2023-01-04,TITAN.NS,Consumer,1868.63,5853255
2023-01-05,TITAN.NS,Consumer,1873.43,4235149
2023-01-06,TITAN.NS,Consumer,1854.81,3055824
2023-01-09,TITAN.NS,Consumer,1848.28,4776778
2023-01-10,TITAN.NS,Consumer,1895.81,4512441
2023-01-11,TITAN.NS,Consumer,1869.54,7976145
2023-01-12,TITAN.NS,Consumer,1852.5,4783970
2023-01-13,TITAN.NS,Consumer,1827.98,5442527
2023-01-16,TITAN.NS,Consumer,1813.28,3827965
2023-01-17,TITAN.NS,Consumer,1832.89,2825206
2023-01-18,TITAN.NS,Consumer,1873.27,3935432
2023-01-19,TITAN.NS,Consumer,1852.21,1711030
2023-01-20,TITAN.NS,Consumer,1883.02,3963259
2023-01-23,TITAN.NS,Consumer,1870.08,4451152
2023-01-24,TITAN.NS,Consumer,1845.8,3279919
2023-01-25,TITAN.NS,Consumer,1805.38,4518154
2023-01-27,TITAN.NS,Consumer,1798.29,5812249
2023-01-30,TITAN.NS,Consumer,1807.92,4173569
2023-01-31,TITAN.NS,Consumer,1821.37,3856791
2023-02-01,TITAN.NS,Consumer,1832.41,3476580
2023-02-02,TITAN.NS,Consumer,1867.6,3646367
2023-02-03,TITAN.NS,Consumer,1932.65,7966710
2023-02-06,TITAN.NS,Consumer,1910.41,3021075
2023-02-07,TITAN.NS,Consumer,1880.12,3195385
2023-02-08,TITAN.NS,Consumer,1843.62,5556621
2023-02-09,TITAN.NS,Consumer,1873.0,3046668
2023-02-10,TITAN.NS,Consumer,1870.04,5429500
2023-02-13,TITAN.NS,Consumer,1852.26,2876664
2023-02-14,TITAN.NS,Consumer,1877.89,3977466
2023-02-15,TITAN.NS,Consumer,1852.9,5525348
2023-02-16,TITAN.NS,Consumer,1849.61,2598353
2023-02-17,TITAN.NS,Consumer,1839.93,5159534
2023-02-20,TITAN.NS,Consumer,1841.13,5472380
2023-02-21,TITAN.NS,Consumer,1825.46,3638301
2023-02-22,TITAN.NS,Consumer,1759.95,6251706
2023-02-23,TITAN.NS,Consumer,1752.61,3758014
2023-02-24,TITAN.NS,Consumer,1671.38,3851147
2023-02-27,TITAN.NS,Consumer,1710.58,5128758
2023-02-28,TITAN.NS,Consumer,1695.28,6149537
2023-03-01,TITAN.NS,Consumer,1681.3,1484594
2023-03-02,TITAN.NS,Consumer,1698.01,1926142
2023-03-03,TITAN.NS,Consumer,1687.08,2544016
2023-03-06,TITAN.NS,Consumer,1650.83,4966840
2023-03-07,TITAN.NS,Consumer,1639.72,4312531
2023-03-09,TITAN.NS,Consumer,1653.5,2065108
2023-03-10,TITAN.NS,Consumer,1711.59,7872530
2023-03-13,TITAN.NS,Consumer,1699.7,4872887
2023-03-14,TITAN.NS,Consumer,1660.15,3647153
2023-03-15,TITAN.NS,Consumer,1659.3,4761292
2023-03-16,TITAN.NS,Consumer,1704.63,3580437
2023-03-17,TITAN.NS,Consumer,1689.04,5851503
2023-03-20,TITAN.NS,Consumer,1696.14,6402444
2023-03-21,TITAN.NS,Consumer,1676.16,6910696
2023-03-22,TITAN.NS,Consumer,1709.13,4734565
2023-03-23,TITAN.NS,Consumer,1702.32,4151450
2023-03-24,TITAN.NS,Consumer,1724.32,5735492
2023-03-27,TITAN.NS,Consumer,1713.17,7239823
2023-03-28,TITAN.NS,Consumer,1711.74,3644918
2023-03-29,TITAN.NS,Consumer,1681.72,6649024
2023-03-30,TITAN.NS,Consumer,1679.75,3295087
2023-03-31,TITAN.NS,Consumer,1691.24,3033753
2023-04-03,TITAN.NS,Consumer,1759.95,4549315
2023-04-04,TITAN.NS,Consumer,1798.18,3086496
2023-04-05,TITAN.NS,Consumer,1786.42,2056027
2023-04-06,TITAN.NS,Consumer,1822.98,3736591
2023-04-07,TITAN.NS,Consumer,1821.65,9316795
2023-04-10,TITAN.NS,Consumer,1832.53,2085620
2023-04-11,TITAN.NS,Consumer,1802.99,5413828
2023-04-12,TITAN.NS,Consumer,1814.71,3657977
2023-04-13,TITAN.NS,Consumer,1809.24,3125472
2023-04-17,TITAN.NS,Consumer,1807.74,2974978
2023-04-18,TITAN.NS,Consumer,1833.25,4135540
2023-04-19,TITAN.NS,Consumer,1818.17,3621741
2023-04-20,TITAN.NS,Consumer,1820.36,4939215
2023-04-21,TITAN.NS,Consumer,1821.88,8663935
2023-04-24,TITAN.NS,Consumer,1876.22,4334364
2023-04-25,TITAN.NS,Consumer,1837.8,3228292
2023-04-26,TITAN.NS,Consumer,1826.31,4580490
2023-04-27,TITAN.NS,Consumer,1824.92,3191621
2023-04-28,TITAN.NS,Consumer,1866.86,3400802
2023-05-02,TITAN.NS,Consumer,1875.47,3146643
2023-05-03,TITAN.NS,Consumer,1866.34,5576140
2023-05-04,TITAN.NS,Consumer,1825.92,5423840
2023-05-05,TITAN.NS,Consumer,1820.75,3758971
2023-05-08,TITAN.NS,Consumer,1819.18,2396148
2023-05-09,TITAN.NS,Consumer,1835.5,2925762
2023-05-10,TITAN.NS,Consumer,1817.17,3934591
2023-05-11,TITAN.NS,Consumer,1843.56,6022849
2023-05-12,TITAN.NS,Consumer,1850.11,1385326
2023-05-15,TITAN.NS,Consumer,1825.01,4352853
2023-05-16,TITAN.NS,Consumer,1784.8,5062242
2023-05-17,TITAN.NS,Consumer,1820.56,5105431
2023-05-18,TITAN.NS,Consumer,1841.45,5134520
2023-05-19,TITAN.NS,Consumer,1796.78,5791574
2023-05-22,TITAN.NS,Consumer,1791.63,3693479
2023-05-23,TITAN.NS,Consumer,1746.42,5197162
2023-05-24,TITAN.NS,Consumer,1775.3,2092268
2023-05-25,TITAN.NS,Consumer,1821.28,3418020
2023-05-26,TITAN.NS,Consumer,1801.02,4508590
2023-05-29,TITAN.NS,Consumer,1769.66,3361977
2023-05-30,TITAN.NS,Consumer,1777.87,2801489
2023-05-31,TITAN.NS,Consumer,1829.87,3189377
2023-06-01,TITAN.NS,Consumer,1834.37,5038720
2023-06-02,TITAN.NS,Consumer,1855.86,3843657
2023-06-05,TITAN.NS,Consumer,1834.54,3940687
2023-06-06,TITAN.NS,Consumer,1848.25,4574611
2023-06-07,TITAN.NS,Consumer,1861.32,4391803
2023-06-08,TITAN.NS,Consumer,1864.33,6678416
2023-06-09,TITAN.NS,Consumer,1852.05,6036971
2023-06-12,TITAN.NS,Consumer,1871.89,4640289
2023-06-13,TITAN.NS,Consumer,1898.78,3627334
2023-06-14,TITAN.NS,Consumer,1879.01,6426904
2023-06-15,TITAN.NS,Consumer,1893.99,7223209
2023-06-16,TITAN.NS,Consumer,1916.22,2340147
2023-06-19,TITAN.NS,Consumer,1887.73,3898260
2023-06-20,TITAN.NS,Consumer,1859.75,3759350
2023-06-21,TITAN.NS,Consumer,1860.25,2867074
2023-06-22,TITAN.NS,Consumer,1867.35,3374189
2023-06-23,TITAN.NS,Consumer,1875.82,3518410
2023-06-26,TITAN.NS,Consumer,1908.26,5834792
2023-06-27,TITAN.NS,Consumer,1893.98,2468112
2023-06-28,TITAN.NS,Consumer,1851.09,4375580
2023-06-29,TITAN.NS,Consumer,1908.5,3062248
2023-06-30,TITAN.NS,Consumer,1929.84,6179708
2023-07-03,TITAN.NS,Consumer,1965.37,4165624
2023-07-04,TITAN.NS,Consumer,1995.65,5579897
2023-07-05,TITAN.NS,Consumer,2020.81,4151931
2023-07-06,TITAN.NS,Consumer,2002.12,2276325
2023-07-07,TITAN.NS,Consumer,1988.2,3335048
2023-07-10,TITAN.NS,Consumer,1947.32,7330799
2023-07-11,TITAN.NS,Consumer,1888.27,4913910
2023-07-12,TITAN.NS,Consumer,1941.01,8110647
2023-07-13,TITAN.NS,Consumer,1972.12,6875278
2023-07-14,TITAN.NS,Consumer,1984.38,3236462
2023-07-17,TITAN.NS,Consumer,1979.89,2530598
2023-07-18,TITAN.NS,Consumer,1981.22,5923708
2023-07-19,TITAN.NS,Consumer,2029.49,5775687
2023-07-20,TITAN.NS,Consumer,2003.34,4055551
2023-07-21,TITAN.NS,Consumer,2043.52,2406240
2023-07-24,TITAN.NS,Consumer,2040.08,3316533
2023-07-25,TITAN.NS,Consumer,2071.25,4244996
2023-07-26,TITAN.NS,Consumer,2052.08,5248352
2023-07-27,TITAN.NS,Consumer,2075.67,2824015
2023-07-28,TITAN.NS,Consumer,2042.69,5739772
2023-07-31,TITAN.NS,Consumer,2049.01,5290669
2023-08-01,TITAN.NS,Consumer,2034.4,5316465
2023-08-02,TITAN.NS,Consumer,2039.16,4821285
2023-08-03,TITAN.NS,Consumer,1992.88,1871198
2023-08-04,TITAN.NS,Consumer,1953.94,4461883
2023-08-07,TITAN.NS,Consumer,1976.58,3493471
2023-08-08,TITAN.NS,Consumer,2016.5,4896753
2023-08-09,TITAN.NS,Consumer,1990.67,2288736
2023-08-10,TITAN.NS,Consumer,2027.34,1971972
2023-08-11,TITAN.NS,Consumer,2072.0,4918789
2023-08-14,TITAN.NS,Consumer,2117.15,2924349
2023-08-16,TITAN.NS,Consumer,2052.14,1896063
2023-08-17,TITAN.NS,Consumer,2049.87,2757816
2023-08-18,TITAN.NS,Consumer,2027.57,3769548
2023-08-21,TITAN.NS,Consumer,2042.67,5922724
2023-08-22,TITAN.NS,Consumer,2043.61,4047201
2023-08-23,TITAN.NS,Consumer,2005.32,3262615
2023-08-24,TITAN.NS,Consumer,2057.32,3647447
2023-08-25,TITAN.NS,Consumer,2009.5,5202574
2023-08-28,TITAN.NS,Consumer,2040.12,4841975
2023-08-29,TITAN.NS,Consumer,2025.08,5130818
2023-08-30,TITAN.NS,Consumer,1964.16,7356786
2023-08-31,TITAN.NS,Consumer,1888.76,4060017
2023-09-01,TITAN.NS,Consumer,1856.78,5113778
2023-09-04,TITAN.NS,Consumer,1855.96,1885616
2023-09-05,TITAN.NS,Consumer,1859.91,4253191
2023-09-06,TITAN.NS,Consumer,1883.1,2489265
2023-09-07,TITAN.NS,Consumer,1871.44,3202097
2023-09-08,TITAN.NS,Consumer,1853.22,3400308
2023-09-11,TITAN.NS,Consumer,1807.97,3987313
2023-09-12,TITAN.NS,Consumer,1820.0,3256104
2023-09-13,TITAN.NS,Consumer,1840.63,3492496
2023-09-14,TITAN.NS,Consumer,1819.8,5012983
2023-09-15,TITAN.NS,Consumer,1813.43,4117766
2023-09-18,TITAN.NS,Consumer,1796.99,3899961
2023-09-19,TITAN.NS,Consumer,1769.73,3986283
2023-09-20,TITAN.NS,Consumer,1709.83,3684879
2023-09-21,TITAN.NS,Consumer,1736.79,5647420
2023-09-22,TITAN.NS,Consumer,1770.76,3866891
2023-09-25,TITAN.NS,Consumer,1770.23,8807509
2023-09-26,TITAN.NS,Consumer,1758.95,4682511
2023-09-27,TITAN.NS,Consumer,1837.55,5185630
2023-09-28,TITAN.NS,Consumer,1870.74,3574201
2023-09-29,TITAN.NS,Consumer,1875.05,4846869
2023-10-03,TITAN.NS,Consumer,1854.64,5704014
2023-10-04,TITAN.NS,Consumer,1866.0,4298343
2023-10-05,TITAN.NS,Consumer,1827.93,3486717
2023-10-06,TITAN.NS,Consumer,1837.61,5857573
2023-10-09,TITAN.NS,Consumer,1826.03,7926736
2023-10-10,TITAN.NS,Consumer,1836.99,2371071
2023-10-11,TITAN.NS,Consumer,1804.36,3381770
2023-10-12,TITAN.NS,Consumer,1864.74,3930228
2023-10-13,TITAN.NS,Consumer,1849.67,3519730
2023-10-16,TITAN.NS,Consumer,1888.92,3907738
2023-10-17,TITAN.NS,Consumer,1917.85,2810646
2023-10-18,TITAN.NS,Consumer,1906.07,5530203
2023-10-19,TITAN.NS,Consumer,1904.36,4030314
2023-10-20,TITAN.NS,Consumer,1945.61,4356921
2023-10-23,TITAN.NS,Consumer,1909.33,3614027
2023-10-24,TITAN.NS,Consumer,1931.39,3136066
2023-10-25,TITAN.NS,Consumer,1939.71,3169956
2023-10-26,TITAN.NS,Consumer,1978.44,7014006
2023-10-27,TITAN.NS,Consumer,1996.6,2830203
2023-10-30,TITAN.NS,Consumer,2025.3,3476218
2023-10-31,TITAN.NS,Consumer,2012.24,2119178
2023-11-01,TITAN.NS,Consumer,2052.73,4728422
2023-11-02,TITAN.NS,Consumer,2079.29,5439678
2023-11-03,TITAN.NS,Consumer,2102.0,2162386
2023-11-06,TITAN.NS,Consumer,2081.41,3099729
2023-11-07,TITAN.NS,Consumer,2102.12,3023547
2023-11-08,TITAN.NS,Consumer,2116.74,3524570
2023-11-09,TITAN.NS,Consumer,2129.53,4843934
2023-11-10,TITAN.NS,Consumer,2125.05,3955754
2023-11-13,TITAN.NS,Consumer,2111.96,3992081
2023-11-14,TITAN.NS,Consumer,2074.03,2424493
2023-11-15,TITAN.NS,Consumer,2068.37,3933971
2023-11-16,TITAN.NS,Consumer,2027.37,5574390
2023-11-17,TITAN.NS,Consumer,2010.78,4142677
2023-11-20,TITAN.NS,Consumer,2011.71,1978768
2023-11-21,TITAN.NS,Consumer,2016.69,6226794
2023-11-22,TITAN.NS,Consumer,2032.93,6406131
2023-11-23,TITAN.NS,Consumer,2040.82,4870235
2023-11-24,TITAN.NS,Consumer,2061.85,5534168
2023-11-27,TITAN.NS,Consumer,2096.72,4722446
2023-11-28,TITAN.NS,Consumer,2066.8,5028272
2023-11-29,TITAN.NS,Consumer,2094.32,3266534
2023-11-30,TITAN.NS,Consumer,2111.14,5267168
2023-12-01,TITAN.NS,Consumer,2100.9,1824228
2023-12-04,TITAN.NS,Consumer,2119.65,3776204
2023-12-05,TITAN.NS,Consumer,2113.31,5499359
2023-12-06,TITAN.NS,Consumer,2125.19,6667142
2023-12-07,TITAN.NS,Consumer,2081.78,4620037
2023-12-08,TITAN.NS,Consumer,2071.18,6077986
2023-12-11,TITAN.NS,Consumer,2067.88,3917659
2023-12-12,TITAN.NS,Consumer,2068.74,4993885
2023-12-13,TITAN.NS,Consumer,2066.62,5125025
2023-12-14,TITAN.NS,Consumer,2052.24,1747275
2023-12-15,TITAN.NS,Consumer,2064.28,5248211
2023-12-18,TITAN.NS,Consumer,2073.58,4161761
2023-12-19,TITAN.NS,Consumer,2097.4,4311912
2023-12-20,TITAN.NS,Consumer,2073.29,5462993
2023-12-21,TITAN.NS,Consumer,2053.37,3311984
2023-12-22,TITAN.NS,Consumer,2099.27,4029420
2023-12-26,TITAN.NS,Consumer,2088.3,4092001
2023-12-27,TITAN.NS,Consumer,2071.98,4570818
2023-12-28,TITAN.NS,Consumer,2141.11,1880913
2023-12-29,TITAN.NS,Consumer,2120.73,5048689
2024-01-01,TITAN.NS,Consumer,2131.04,5119939
2024-01-02,TITAN.NS,Consumer,2142.93,2528956
2024-01-03,TITAN.NS,Consumer,2141.73,3081397
2024-01-04,TITAN.NS,Consumer,2144.48,5938865
2024-01-05,TITAN.NS,Consumer,2174.37,2834039
2024-01-08,TITAN.NS,Consumer,2170.03,6724065
2024-01-09,TITAN.NS,Consumer,2137.0,2882143
2024-01-10,TITAN.NS,Consumer,2160.05,5612144
2024-01-11,TITAN.NS,Consumer,2176.77,2849816
2024-01-12,TITAN.NS,Consumer,2166.22,5335863
2024-01-15,TITAN.NS,Consumer,2105.97,4324492
2024-01-16,TITAN.NS,Consumer,2112.38,4345426
2024-01-17,TITAN.NS,Consumer,2116.91,2781526
2024-01-18,TITAN.NS,Consumer,2105.25,3982463
2024-01-19,TITAN.NS,Consumer,2090.93,3036513
2024-01-22,TITAN.NS,Consumer,2138.78,2929080
2024-01-23,TITAN.NS,Consumer,2179.79,6334464
2024-01-24,TITAN.NS,Consumer,2194.36,10874595
2024-01-25,TITAN.NS,Consumer,2222.19,3053595
2024-01-29,TITAN.NS,Consumer,2268.54,4632448
2024-01-30,TITAN.NS,Consumer,2243.46,5555520
2024-01-31,TITAN.NS,Consumer,2202.83,3202320
2024-02-01,TITAN.NS,Consumer,2176.48,2929695
2024-02-02,TITAN.NS,Consumer,2212.02,3993200
2024-02-05,TITAN.NS,Consumer,2279.64,4016876
2024-02-06,TITAN.NS,Consumer,2304.95,1649854
2024-02-07,TITAN.NS,Consumer,2282.75,4366278
2024-02-08,TITAN.NS,Consumer,2307.21,5292158
2024-02-09,TITAN.NS,Consumer,2317.47,4743141
2024-02-12,TITAN.NS,Consumer,2257.63,3644640
2024-02-13,TITAN.NS,Consumer,2271.29,2400172
2024-02-14,TITAN.NS,Consumer,2273.08,4688012
2024-02-15,TITAN.NS,Consumer,2213.75,3045563
2024-02-16,TITAN.NS,Consumer,2215.03,3573710
2024-02-19,TITAN.NS,Consumer,2223.09,4002286
2024-02-20,TITAN.NS,Consumer,2237.46,5289697
2024-02-21,TITAN.NS,Consumer,2243.66,5743602
2024-02-22,TITAN.NS,Consumer,2249.78,4294944
2024-02-23,TITAN.NS,Consumer,2296.79,4037719
2024-02-26,TITAN.NS,Consumer,2353.98,5221914
2024-02-27,TITAN.NS,Consumer,2319.56,2936315
2024-02-28,TITAN.NS,Consumer,2337.07,3141618
2024-02-29,TITAN.NS,Consumer,2307.66,6654845
2024-03-01,TITAN.NS,Consumer,2371.69,6669851
2024-03-04,TITAN.NS,Consumer,2416.11,2152751
2024-03-05,TITAN.NS,Consumer,2387.11,3352610
2024-03-06,TITAN.NS,Consumer,2347.47,5522928
2024-03-07,TITAN.NS,Consumer,2302.85,4561847
2024-03-11,TITAN.NS,Consumer,2346.66,3789731
2024-03-12,TITAN.NS,Consumer,2338.06,2612529
2024-03-13,TITAN.NS,Consumer,2349.83,3338980
2024-03-14,TITAN.NS,Consumer,2315.07,2971555
2024-03-15,TITAN.NS,Consumer,2330.7,6430106
2024-03-18,TITAN.NS,Consumer,2331.62,3062412
2024-03-19,TITAN.NS,Consumer,2350.84,4176359
2024-03-20,TITAN.NS,Consumer,2356.44,4622921
2024-03-21,TITAN.NS,Consumer,2316.42,3843578
2024-03-22,TITAN.NS,Consumer,2302.71,3936692
2024-03-25,TITAN.NS,Consumer,2353.04,2553287
2024-03-26,TITAN.NS,Consumer,2388.76,3485970
2024-03-27,TITAN.NS,Consumer,2339.63,3564712
2024-03-28,TITAN.NS,Consumer,2318.9,3231661
2024-03-29,TITAN.NS,Consumer,2274.44,6492420
2024-04-01,TITAN.NS,Consumer,2328.81,7816400
2024-04-02,TITAN.NS,Consumer,2394.56,5636393
2024-04-03,TITAN.NS,Consumer,2455.41,6781062
2024-04-04,TITAN.NS,Consumer,2457.72,3201171
2024-04-05,TITAN.NS,Consumer,2438.68,3707268
2024-04-08,TITAN.NS,Consumer,2439.82,2954739
2024-04-09,TITAN.NS,Consumer,2392.62,4156241
2024-04-10,TITAN.NS,Consumer,2375.33,2924252
2024-04-11,TITAN.NS,Consumer,2369.98,2755437
2024-04-12,TITAN.NS,Consumer,2323.41,1534775
2024-04-15,TITAN.NS,Consumer,2409.38,4685688
2024-04-16,TITAN.NS,Consumer,2396.21,6034014
2024-04-17,TITAN.NS,Consumer,2358.12,5805065
2024-04-18,TITAN.NS,Consumer,2349.2,5223865
2024-04-19,TITAN.NS,Consumer,2375.79,5323541
2024-04-22,TITAN.NS,Consumer,2344.51,3583329
2024-04-23,TITAN.NS,Consumer,2275.43,2296488
2024-04-24,TITAN.NS,Consumer,2259.26,2738982
2024-04-25,TITAN.NS,Consumer,2279.23,3588265
2024-04-26,TITAN.NS,Consumer,2336.98,1867428
2024-04-29,TITAN.NS,Consumer,2329.21,4862528
2024-04-30,TITAN.NS,Consumer,2351.51,4619439
2024-05-02,TITAN.NS,Consumer,2357.32,4810929
2024-05-03,TITAN.NS,Consumer,2381.42,5495250
2024-05-06,TITAN.NS,Consumer,2353.22,2123387
2024-05-07,TITAN.NS,Consumer,2360.05,3025461
2024-05-08,TITAN.NS,Consumer,2418.17,2661561
2024-05-09,TITAN.NS,Consumer,2433.23,3268610
2024-05-10,TITAN.NS,Consumer,2364.98,3114970
2024-05-13,TITAN.NS,Consumer,2314.31,1871161
2024-05-14,TITAN.NS,Consumer,2300.23,5084807
2024-05-15,TITAN.NS,Consumer,2275.23,6393197
2024-05-16,TITAN.NS,Consumer,2355.85,3086482
2024-05-17,TITAN.NS,Consumer,2384.14,3199778
2024-05-20,TITAN.NS,Consumer,2350.76,5359745
2024-05-21,TITAN.NS,Consumer,2309.27,3889603
2024-05-22,TITAN.NS,Consumer,2345.69,4856011
2024-05-23,TITAN.NS,Consumer,2354.2,2798756
2024-05-24,TITAN.NS,Consumer,2340.74,4941689
2024-05-27,TITAN.NS,Consumer,2357.01,4582769
2024-05-28,TITAN.NS,Consumer,2324.37,3409006
2024-05-29,TITAN.NS,Consumer,2342.49,3926875
2024-05-30,TITAN.NS,Consumer,2309.82,1896717
2024-05-31,TITAN.NS,Consumer,2312.22,3623413
2024-06-03,TITAN.NS,Consumer,2275.7,4032779
2024-06-04,TITAN.NS,Consumer,2309.84,3448617
2024-06-05,TITAN.NS,Consumer,2294.96,2960636
2024-06-06,TITAN.NS,Consumer,2333.89,6474502
2024-06-07,TITAN.NS,Consumer,2311.6,6167067
2024-06-10,TITAN.NS,Consumer,2291.13,4050481
2024-06-11,TITAN.NS,Consumer,2292.29,4532326
2024-06-12,TITAN.NS,Consumer,2265.54,2115564
2024-06-13,TITAN.NS,Consumer,2252.74,2695541
2024-06-14,TITAN.NS,Consumer,2191.9,3392906
2024-06-17,TITAN.NS,Consumer,2209.52,2755275
2024-06-18,TITAN.NS,Consumer,2171.56,5676223
2024-06-19,TITAN.NS,Consumer,2132.13,3209559
2024-06-20,TITAN.NS,Consumer,2176.23,2616059
2024-06-21,TITAN.NS,Consumer,2166.01,8045215
2024-06-24,TITAN.NS,Consumer,2161.84,7613976
2024-06-25,TITAN.NS,Consumer,2126.84,5161692
2024-06-26,TITAN.NS,Consumer,2100.69,2023330
2024-06-27,TITAN.NS,Consumer,2104.39,6693318
2024-06-28,TITAN.NS,Consumer,2083.11,6608787
2024-07-01,TITAN.NS,Consumer,2103.3,2178432
2024-07-02,TITAN.NS,Consumer,2077.39,1806953
2024-07-03,TITAN.NS,Consumer,2055.15,3289820
2024-07-04,TITAN.NS,Consumer,2080.41,4533101
2024-07-05,TITAN.NS,Consumer,2070.14,6579313
2024-07-08,TITAN.NS,Consumer,2163.26,2065135
2024-07-09,TITAN.NS,Consumer,2138.96,7529147
2024-07-10,TITAN.NS,Consumer,2095.46,2222360
2024-07-11,TITAN.NS,Consumer,2072.86,5408367
2024-07-12,TITAN.NS,Consumer,2073.48,3951685
2024-07-15,TITAN.NS,Consumer,2098.28,6196141
2024-07-16,TITAN.NS,Consumer,2129.62,4553939
2024-07-17,TITAN.NS,Consumer,2131.41,3902141
2024-07-18,TITAN.NS,Consumer,2138.38,5068138
2024-07-19,TITAN.NS,Consumer,2089.47,3026843
2024-07-22,TITAN.NS,Consumer,2149.3,3827728
2024-07-23,TITAN.NS,Consumer,2104.69,2492911
2024-07-24,TITAN.NS,Consumer,2107.64,5158509
2024-07-25,TITAN.NS,Consumer,2039.51,6028337
2024-07-26,TITAN.NS,Consumer,2052.92,4678337
2024-07-29,TITAN.NS,Consumer,2052.04,4311101
2024-07-30,TITAN.NS,Consumer,2137.83,3595540
2024-07-31,TITAN.NS,Consumer,2125.86,9262380
2024-08-01,TITAN.NS,Consumer,2172.94,3941746
2024-08-02,TITAN.NS,Consumer,2204.64,2308990
2024-08-05,TITAN.NS,Consumer,2194.36,4863529
2024-08-06,TITAN.NS,Consumer,2194.51,4070563
2024-08-07,TITAN.NS,Consumer,2183.16,8255156
2024-08-08,TITAN.NS,Consumer,2169.67,3975227
2024-08-09,TITAN.NS,Consumer,2109.71,2483165
2024-08-12,TITAN.NS,Consumer,2060.34,7232341
2024-08-13,TITAN.NS,Consumer,2002.42,4437240
2024-08-14,TITAN.NS,Consumer,2002.27,3269861
2024-08-16,TITAN.NS,Consumer,2007.2,8801327
2024-08-19,TITAN.NS,Consumer,2000.66,3949478
2024-08-20,TITAN.NS,Consumer,2022.81,3285498
2024-08-21,TITAN.NS,Consumer,2007.28,5575817
2024-08-22,TITAN.NS,Consumer,2046.72,5589860
2024-08-23,TITAN.NS,Consumer,2050.72,5506949
2024-08-26,TITAN.NS,Consumer,2005.45,6395613
2024-08-27,TITAN.NS,Consumer,2036.4,2053294
2024-08-28,TITAN.NS,Consumer,2076.13,5349186
2024-08-29,TITAN.NS,Consumer,2042.96,4108140
2024-08-30,TITAN.NS,Consumer,2052.78,4187814
2024-09-02,TITAN.NS,Consumer,2035.39,3345963
2024-09-03,TITAN.NS,Consumer,2010.42,3446359
2024-09-04,TITAN.NS,Consumer,1969.24,3665217
2024-09-05,TITAN.NS,Consumer,1962.97,4188866
2024-09-06,TITAN.NS,Consumer,1977.31,1851132
2024-09-09,TITAN.NS,Consumer,2052.31,5136602
2024-09-10,TITAN.NS,Consumer,2071.01,5626017
2024-09-11,TITAN.NS,Consumer,2034.75,4705172
2024-09-12,TITAN.NS,Consumer,2029.4,4909784
2024-09-13,TITAN.NS,Consumer,2064.5,5599140
2024-09-16,TITAN.NS,Consumer,2028.5,4336641
2024-09-17,TITAN.NS,Consumer,2020.67,8579018
2024-09-18,TITAN.NS,Consumer,2018.81,3997450
2024-09-19,TITAN.NS,Consumer,2104.78,5617395
2024-09-20,TITAN.NS,Consumer,2127.32,2919602
2024-09-23,TITAN.NS,Consumer,2036.78,3810126
2024-09-24,TITAN.NS,Consumer,2054.88,5885531
2024-09-25,TITAN.NS,Consumer,2000.49,3767013
2024-09-26,TITAN.NS,Consumer,2002.19,3281626
2024-09-27,TITAN.NS,Consumer,2038.13,4502453
2024-09-30,TITAN.NS,Consumer,1991.5,4052938
2024-10-01,TITAN.NS,Consumer,2034.12,2885763
2024-10-03,TITAN.NS,Consumer,2035.26,3491600
2024-10-04,TITAN.NS,Consumer,2056.66,4309755
2024-10-07,TITAN.NS,Consumer,2024.23,1707476
2024-10-08,TITAN.NS,Consumer,2057.53,4054121
2024-10-09,TITAN.NS,Consumer,2047.56,2908611
2024-10-10,TITAN.NS,Consumer,2029.53,3645037
2024-10-11,TITAN.NS,Consumer,2001.18,2559278
2024-10-14,TITAN.NS,Consumer,2084.22,3520017
2024-10-15,TITAN.NS,Consumer,2094.25,7488154
2024-10-16,TITAN.NS,Consumer,2109.71,2794094
2024-10-17,TITAN.NS,Consumer,2132.59,3160140
2024-10-18,TITAN.NS,Consumer,2120.12,3499643
2024-10-21,TITAN.NS,Consumer,2155.3,1891518
2024-10-22,TITAN.NS,Consumer,2086.34,2166380
2024-10-23,TITAN.NS,Consumer,2105.7,4824185
2024-10-24,TITAN.NS,Consumer,2070.27,3232820
2024-10-25,TITAN.NS,Consumer,2099.97,7461257
2024-10-28,TITAN.NS,Consumer,2122.42,2863864
2024-10-29,TITAN.NS,Consumer,2122.13,7620935
2024-10-30,TITAN.NS,Consumer,2047.13,2152772
2024-10-31,TITAN.NS,Consumer,2010.32,3755465
2024-11-04,TITAN.NS,Consumer,2022.21,2901174
2024-11-05,TITAN.NS,Consumer,2035.15,5192628
2024-11-06,TITAN.NS,Consumer,1990.78,3156619
2024-11-07,TITAN.NS,Consumer,2007.75,3287005
2024-11-08,TITAN.NS,Consumer,2018.09,3831754
2024-11-11,TITAN.NS,Consumer,1994.78,9723379
2024-11-12,TITAN.NS,Consumer,2019.98,6443473
2024-11-13,TITAN.NS,Consumer,2008.29,3374422
2024-11-14,TITAN.NS,Consumer,2039.53,2835462
2024-11-15,TITAN.NS,Consumer,2027.78,2913956
2024-11-18,TITAN.NS,Consumer,2056.28,2693869
2024-11-19,TITAN.NS,Consumer,2068.05,5692463
2024-11-20,TITAN.NS,Consumer,2019.41,3061015
2024-11-21,TITAN.NS,Consumer,2029.5,6059458
2024-11-22,TITAN.NS,Consumer,1986.79,6042137
2024-11-25,TITAN.NS,Consumer,1959.74,3760410
2024-11-26,TITAN.NS,Consumer,1942.74,2359745
2024-11-27,TITAN.NS,Consumer,1934.08,5216040
2024-11-28,TITAN.NS,Consumer,1945.69,2560858
2024-11-29,TITAN.NS,Consumer,1923.06,3987040
2024-12-02,TITAN.NS,Consumer,1862.68,6748108
2024-12-03,TITAN.NS,Consumer,1857.78,1701621
2024-12-04,TITAN.NS,Consumer,1834.58,3610386
2024-12-05,TITAN.NS,Consumer,1880.57,3171892
2024-12-06,TITAN.NS,Consumer,1888.68,3383148
2024-12-09,TITAN.NS,Consumer,1905.55,2423915
2024-12-10,TITAN.NS,Consumer,1923.5,8253043
2024-12-11,TITAN.NS,Consumer,1972.2,4226551
2024-12-12,TITAN.NS,Consumer,1994.43,1946319
2024-12-13,TITAN.NS,Consumer,2020.68,4540513
2024-12-16,TITAN.NS,Consumer,2048.62,5920218
2024-12-17,TITAN.NS,Consumer,2078.89,3886263
2024-12-18,TITAN.NS,Consumer,2058.91,7059180
2024-12-19,TITAN.NS,Consumer,2081.72,1921154
2024-12-20,TITAN.NS,Consumer,2105.5,5944436
2024-12-23,TITAN.NS,Consumer,2078.98,3651033
2024-12-24,TITAN.NS,Consumer,2143.22,2914099
2024-12-26,TITAN.NS,Consumer,2145.72,5264921
2024-12-27,TITAN.NS,Consumer,2129.15,5226197
2024-12-30,TITAN.NS,Consumer,2152.44,6782085
2024-12-31,TITAN.NS,Consumer,2137.37,6668772
2025-01-01,TITAN.NS,Consumer,2153.19,4092660
2025-01-02,TITAN.NS,Consumer,2162.35,2270585
2025-01-03,TITAN.NS,Consumer,2206.2,2108121
2025-01-06,TITAN.NS,Consumer,2244.3,2180179
2025-01-07,TITAN.NS,Consumer,2254.46,3425790
2025-01-08,TITAN.NS,Consumer,2252.43,4348987
2025-01-09,TITAN.NS,Consumer,2275.67,4839263
2025-01-10,TITAN.NS,Consumer,2293.41,4880093
2025-01-13,TITAN.NS,Consumer,2254.45,2990621
2025-01-14,TITAN.NS,Consumer,2291.75,6447672
2025-01-15,TITAN.NS,Consumer,2329.45,7006865
2025-01-16,TITAN.NS,Consumer,2338.13,2799189
2025-01-17,TITAN.NS,Consumer,2382.04,3843466
2025-01-20,TITAN.NS,Consumer,2402.43,5064417
2025-01-21,TITAN.NS,Consumer,2383.95,6642405
2025-01-22,TITAN.NS,Consumer,2461.28,4923271
2025-01-23,TITAN.NS,Consumer,2437.57,3235530
2025-01-24,TITAN.NS,Consumer,2468.77,2784963
2025-01-27,TITAN.NS,Consumer,2452.47,2731577
2025-01-28,TITAN.NS,Consumer,2400.59,3644166
2025-01-29,TITAN.NS,Consumer,2392.55,3332923
2025-01-30,TITAN.NS,Consumer,2460.87,2546051
2025-01-31,TITAN.NS,Consumer,2465.05,5124261
2025-02-03,TITAN.NS,Consumer,2458.29,3531933
2025-02-04,TITAN.NS,Consumer,2405.22,4652271
2025-02-05,TITAN.NS,Consumer,2391.03,2533057
2025-02-06,TITAN.NS,Consumer,2378.69,5685409
2025-02-07,TITAN.NS,Consumer,2413.37,5339240
2025-02-10,TITAN.NS,Consumer,2421.95,5983361
2025-02-11,TITAN.NS,Consumer,2427.48,3828004
2025-02-12,TITAN.NS,Consumer,2438.87,3675104
2025-02-13,TITAN.NS,Consumer,2453.67,4970986
2025-02-14,TITAN.NS,Consumer,2451.71,6280727
2025-02-17,TITAN.NS,Consumer,2450.33,3958736
2025-02-18,TITAN.NS,Consumer,2485.85,2309525
2025-02-19,TITAN.NS,Consumer,2424.58,3403677
2025-02-20,TITAN.NS,Consumer,2351.39,6409019
2025-02-21,TITAN.NS,Consumer,2343.79,5230029
2025-02-24,TITAN.NS,Consumer,2327.79,4447674
2025-02-25,TITAN.NS,Consumer,2332.86,3439372
2025-02-26,TITAN.NS,Consumer,2326.64,7256682
2025-02-27,TITAN.NS,Consumer,2335.36,2781063
2025-02-28,TITAN.NS,Consumer,2301.11,4018171
2025-03-03,TITAN.NS,Consumer,2307.91,4726068
2025-03-04,TITAN.NS,Consumer,2277.89,4640957
2025-03-05,TITAN.NS,Consumer,2280.3,3026697
2025-03-06,TITAN.NS,Consumer,2304.68,5338827
2025-03-07,TITAN.NS,Consumer,2300.97,4922417
2025-03-10,TITAN.NS,Consumer,2252.73,4260036
2025-03-11,TITAN.NS,Consumer,2258.28,4639436
2025-03-12,TITAN.NS,Consumer,2275.92,3311219
2025-03-13,TITAN.NS,Consumer,2246.76,7654359
2025-03-14,TITAN.NS,Consumer,2217.51,6420321
2025-03-17,TITAN.NS,Consumer,2281.13,3177125
2025-03-18,TITAN.NS,Consumer,2332.63,3777725
2025-03-19,TITAN.NS,Consumer,2273.28,5986209
2025-03-20,TITAN.NS,Consumer,2309.96,5053786
2025-03-21,TITAN.NS,Consumer,2332.79,4192839
2025-03-24,TITAN.NS,Consumer,2408.57,2844030
2025-03-25,TITAN.NS,Consumer,2319.25,2947969
2025-03-26,TITAN.NS,Consumer,2319.93,4142575
2025-03-27,TITAN.NS,Consumer,2329.47,7244683
2025-03-28,TITAN.NS,Consumer,2255.67,6073547
2025-03-31,TITAN.NS,Consumer,2221.12,5033335
2025-04-01,TITAN.NS,Consumer,2181.73,5247123
2025-04-02,TITAN.NS,Consumer,2185.48,1813205
2025-04-03,TITAN.NS,Consumer,2125.44,4506598
2025-04-04,TITAN.NS,Consumer,2121.4,4492184
2025-04-07,TITAN.NS,Consumer,2059.12,2414899
2025-04-08,TITAN.NS,Consumer,2019.2,8826882
2025-04-09,TITAN.NS,Consumer,2036.16,4758692
2025-04-10,TITAN.NS,Consumer,2077.45,4930831
2025-04-11,TITAN.NS,Consumer,2044.86,3106019
2025-04-15,TITAN.NS,Consumer,2032.56,4440382
2025-04-16,TITAN.NS,Consumer,1974.32,4269097
2025-04-17,TITAN.NS,Consumer,1981.59,7934230
2025-04-18,TITAN.NS,Consumer,1991.02,5669240
2025-04-21,TITAN.NS,Consumer,1952.13,4337972
2025-04-22,TITAN.NS,Consumer,1948.43,2381259
2025-04-23,TITAN.NS,Consumer,1904.05,2607299
2025-04-24,TITAN.NS,Consumer,1888.35,1643031
2025-04-25,TITAN.NS,Consumer,1899.75,3594614
2025-04-28,TITAN.NS,Consumer,1901.95,4841388
2025-04-29,TITAN.NS,Consumer,1887.17,4151973
2025-04-30,TITAN.NS,Consumer,1870.99,5063814
2025-05-02,TITAN.NS,Consumer,1857.05,8552527
2025-05-05,TITAN.NS,Consumer,1825.4,2896802
2025-05-06,TITAN.NS,Consumer,1854.9,2890616
2025-05-07,TITAN.NS,Consumer,1882.25,4216151
2025-05-08,TITAN.NS,Consumer,1882.42,2334072
2025-05-09,TITAN.NS,Consumer,1920.1,3949580
2025-05-12,TITAN.NS,Consumer,1903.18,3436403
2025-05-13,TITAN.NS,Consumer,1897.02,2581021
2025-05-14,TITAN.NS,Consumer,1948.81,2557450
2025-05-15,TITAN.NS,Consumer,1907.34,3351643
2025-05-16,TITAN.NS,Consumer,1906.96,3161730
2025-05-19,TITAN.NS,Consumer,1900.94,3554965
2025-05-20,TITAN.NS,Consumer,1878.44,6448708
2025-05-21,TITAN.NS,Consumer,1898.86,5815847
2025-05-22,TITAN.NS,Consumer,1942.74,4625487
2025-05-23,TITAN.NS,Consumer,1937.62,5107898
2025-05-26,TITAN.NS,Consumer,1967.82,2819751
2025-05-27,TITAN.NS,Consumer,1962.47,5001558
2025-05-28,TITAN.NS,Consumer,1981.75,2834560
2025-05-29,TITAN.NS,Consumer,2004.46,4954821
2025-05-30,TITAN.NS,Consumer,2029.16,7642840
2025-06-02,TITAN.NS,Consumer,2074.12,5716361
2025-06-03,TITAN.NS,Consumer,1981.84,5505281
2025-06-04,TITAN.NS,Consumer,1941.4,2776928
2025-06-05,TITAN.NS,Consumer,2014.9,4027605
2025-06-06,TITAN.NS,Consumer,1968.37,4466333
2025-06-09,TITAN.NS,Consumer,1945.4,5845615
2025-06-10,TITAN.NS,Consumer,1927.43,3153856
2025-06-11,TITAN.NS,Consumer,1890.36,3930877
2025-06-12,TITAN.NS,Consumer,1884.55,7182110
2025-06-13,TITAN.NS,Consumer,1854.59,4157337
2025-06-16,TITAN.NS,Consumer,1851.61,1854407
2025-06-17,TITAN.NS,Consumer,1821.92,2747985
2025-06-18,TITAN.NS,Consumer,1871.17,3232706
2025-06-19,TITAN.NS,Consumer,1883.01,2864314
2025-06-20,TITAN.NS,Consumer,1893.61,4474089
2025-06-23,TITAN.NS,Consumer,1913.61,6110800
2025-06-24,TITAN.NS,Consumer,1881.41,6515062
2025-06-25,TITAN.NS,Consumer,1901.12,6677415
2025-06-26,TITAN.NS,Consumer,1848.41,3332423
2025-06-27,TITAN.NS,Consumer,1883.96,3790209
2025-06-30,TITAN.NS,Consumer,1889.2,3968020
2025-07-01,TITAN.NS,Consumer,1927.31,11440190
2025-07-02,TITAN.NS,Consumer,1951.26,4725252
2025-07-03,TITAN.NS,Consumer,2009.41,3918615
2025-07-04,TITAN.NS,Consumer,2002.14,2995283
2025-07-07,TITAN.NS,Consumer,1968.14,6274730
2025-07-08,TITAN.NS,Consumer,2026.63,2655453
2025-07-09,TITAN.NS,Consumer,2062.72,4495365
2025-07-10,TITAN.NS,Consumer,2022.74,3999608
2025-07-11,TITAN.NS,Consumer,2063.43,3650153
2025-07-14,TITAN.NS,Consumer,2096.79,8016750
2025-07-15,TITAN.NS,Consumer,2095.86,4974508
2025-07-16,TITAN.NS,Consumer,2047.72,5884284
2025-07-17,TITAN.NS,Consumer,2047.69,2714952
2025-07-18,TITAN.NS,Consumer,2025.04,5891734
2025-07-21,TITAN.NS,Consumer,1991.57,6668528
2025-07-22,TITAN.NS,Consumer,2014.62,4494135
2025-07-23,TITAN.NS,Consumer,1987.59,3489759
2025-07-24,TITAN.NS,Consumer,1997.85,3067872
2025-07-25,TITAN.NS,Consumer,2040.62,4103515
2025-07-28,TITAN.NS,Consumer,2071.56,3800526
2025-07-29,TITAN.NS,Consumer,2127.84,3299415
2025-07-30,TITAN.NS,Consumer,2120.09,4807468
2025-07-31,TITAN.NS,Consumer,2109.89,4368218
2025-08-01,TITAN.NS,Consumer,2111.32,3560735
2025-08-04,TITAN.NS,Consumer,2138.49,3581853
2025-08-05,TITAN.NS,Consumer,2141.17,2235373
2025-08-06,TITAN.NS,Consumer,2118.29,3832550
2025-08-07,TITAN.NS,Consumer,2136.04,2627129
2025-08-08,TITAN.NS,Consumer,2191.33,3542413
2025-08-11,TITAN.NS,Consumer,2139.12,4503529
2025-08-12,TITAN.NS,Consumer,2153.37,2119233
2025-08-13,TITAN.NS,Consumer,2209.64,3659899
2025-08-14,TITAN.NS,Consumer,2209.37,4566676
2025-08-18,TITAN.NS,Consumer,2127.18,2358447
2025-08-19,TITAN.NS,Consumer,2209.81,3252879
2025-08-20,TITAN.NS,Consumer,2154.83,2523345
2025-08-21,TITAN.NS,Consumer,2098.34,5459291
2025-08-22,TITAN.NS,Consumer,2076.01,3222827
2025-08-25,TITAN.NS,Consumer,2027.66,3168201
2025-08-26,TITAN.NS,Consumer,1957.3,5416037
2025-08-27,TITAN.NS,Consumer,1896.42,3670000
2025-08-28,TITAN.NS,Consumer,1881.87,7556975
2025-08-29,TITAN.NS,Consumer,1863.67,4830143
2025-09-01,TITAN.NS,Consumer,1860.16,4700121
2025-09-02,TITAN.NS,Consumer,1884.02,4754276
2025-09-03,TITAN.NS,Consumer,1937.19,6310873
2025-09-04,TITAN.NS,Consumer,1949.72,1349133
2025-09-05,TITAN.NS,Consumer,1957.38,5093911
2025-09-08,TITAN.NS,Consumer,1962.96,3002395
2025-09-09,TITAN.NS,Consumer,2008.15,2639833
2025-09-10,TITAN.NS,Consumer,2075.76,3803188
2025-09-11,TITAN.NS,Consumer,2058.0,3876607
2025-09-12,TITAN.NS,Consumer,2008.92,2163661
2025-09-15,TITAN.NS,Consumer,1999.34,2634723
2025-09-16,TITAN.NS,Consumer,2003.43,2435222
2025-09-17,TITAN.NS,Consumer,1983.12,2975075
2025-09-18,TITAN.NS,Consumer,2004.96,4764452
2025-09-19,TITAN.NS,Consumer,2004.2,3495330
2025-09-22,TITAN.NS,Consumer,1990.12,4415458
2025-09-23,TITAN.NS,Consumer,1967.91,3026393
2025-09-24,TITAN.NS,Consumer,1952.15,6436236
2025-09-25,TITAN.NS,Consumer,1984.83,3403423
2025-09-26,TITAN.NS,Consumer,1965.53,5462415
2025-09-29,TITAN.NS,Consumer,1936.18,4081947
2025-09-30,TITAN.NS,Consumer,1924.85,3041764
2025-10-01,TITAN.NS,Consumer,1933.28,8526107
2025-10-03,TITAN.NS,Consumer,1935.3,6154112
2025-10-06,TITAN.NS,Consumer,1880.87,3704731
2025-10-07,TITAN.NS,Consumer,1876.14,5511853
2025-10-08,TITAN.NS,Consumer,1917.72,3971011
2025-10-09,TITAN.NS,Consumer,1893.82,3629688
2025-10-10,TITAN.NS,Consumer,1901.07,3123251
2025-10-13,TITAN.NS,Consumer,1870.1,3977288
2025-10-14,TITAN.NS,Consumer,1915.17,4455013
2025-10-15,TITAN.NS,Consumer,1928.1,4303851
2025-10-16,TITAN.NS,Consumer,1928.3,4892838
2025-10-17,TITAN.NS,Consumer,1958.78,3960376
2025-10-20,TITAN.NS,Consumer,1922.51,2530811
2025-10-22,TITAN.NS,Consumer,1910.06,4592498
2025-10-23,TITAN.NS,Consumer,1889.58,3088585
2025-10-24,TITAN.NS,Consumer,1907.17,2221389
2025-10-27,TITAN.NS,Consumer,1881.92,3646732
2025-10-28,TITAN.NS,Consumer,1889.78,3282847
2025-10-29,TITAN.NS,Consumer,1886.82,2934568
2025-10-30,TITAN.NS,Consumer,1845.09,2493782
2025-10-31,TITAN.NS,Consumer,1868.07,4341610
2025-11-03,TITAN.NS,Consumer,1949.37,3122853
2025-11-04,TITAN.NS,Consumer,1945.21,2831773
2025-11-05,TITAN.NS,Consumer,1924.67,4511699
2025-11-06,TITAN.NS,Consumer,1879.53,3652253
2025-11-07,TITAN.NS,Consumer,1896.29,4448899
2025-11-10,TITAN.NS,Consumer,1961.59,3709956
2025-11-11,TITAN.NS,Consumer,1957.15,4434440
2025-11-12,TITAN.NS,Consumer,1902.87,2347548
2025-11-13,TITAN.NS,Consumer,1951.05,6500394
2025-11-14,TITAN.NS,Consumer,1943.65,2138318
2025-11-17,TITAN.NS,Consumer,1961.88,5271755
2025-11-18,TITAN.NS,Consumer,1954.91,3753696
2025-11-19,TITAN.NS,Consumer,1917.47,8390565
2025-11-20,TITAN.NS,Consumer,1902.83,3989709
2025-11-21,TITAN.NS,Consumer,1944.54,4970230
2025-11-24,TITAN.NS,Consumer,1953.45,1901024
2025-11-25,TITAN.NS,Consumer,1972.86,6068301
2025-11-26,TITAN.NS,Consumer,1956.26,4627144
2025-11-27,TITAN.NS,Consumer,1952.79,2104320
2025-11-28,TITAN.NS,Consumer,1954.97,3110324
2025-12-01,TITAN.NS,Consumer,1959.37,3528692
2025-12-02,TITAN.NS,Consumer,1992.49,5766102
2025-12-03,TITAN.NS,Consumer,1992.64,3577187
2025-12-04,TITAN.NS,Consumer,2032.09,2507133
2025-12-05,TITAN.NS,Consumer,2011.82,3356636
2025-12-08,TITAN.NS,Consumer,1985.61,4770034
2025-12-09,TITAN.NS,Consumer,2014.2,3790981
2025-12-10,TITAN.NS,Consumer,2036.22,4962860
2025-12-11,TITAN.NS,Consumer,2033.62,1678403
2025-12-12,TITAN.NS,Consumer,2041.07,7469242
2025-12-15,TITAN.NS,Consumer,2034.52,3902695
2025-12-16,TITAN.NS,Consumer,2099.69,4410829
2025-12-17,TITAN.NS,Consumer,2076.02,5339095
2025-12-18,TITAN.NS,Consumer,2077.88,6143279
2025-12-19,TITAN.NS,Consumer,2052.99,5906880
2025-12-22,TITAN.NS,Consumer,2106.04,2993848
2025-12-23,TITAN.NS,Consumer,2070.61,2200898
2025-12-24,TITAN.NS,Consumer,2056.88,4714954
2025-12-26,TITAN.NS,Consumer,2108.42,6014147
2025-12-29,TITAN.NS,Consumer,2078.74,4722742
2025-12-30,TITAN.NS,Consumer,2085.51,1910058
2025-12-31,TITAN.NS,Consumer,2097.71,8136991
2022-01-03,WIPRO.NS,IT,421.28,2908357
2022-01-04,WIPRO.NS,IT,423.09,2920363
2022-01-05,WIPRO.NS,IT,411.55,7110554
2022-01-06,WIPRO.NS,IT,418.01,2645125
2022-01-07,WIPRO.NS,IT,425.35,3674339
2022-01-10,WIPRO.NS,IT,424.7,3751768
2022-01-11,WIPRO.NS,IT,432.63,5019086
2022-01-12,WIPRO.NS,IT,435.12,2969411
2022-01-13,WIPRO.NS,IT,436.12,2938065
2022-01-14,WIPRO.NS,IT,434.69,5234429
2022-01-17,WIPRO.NS,IT,433.61,9398974
2022-01-18,WIPRO.NS,IT,440.91,3235487
2022-01-19,WIPRO.NS,IT,437.79,3160372
2022-01-20,WIPRO.NS,IT,425.98,9417861
2022-01-21,WIPRO.NS,IT,429.11,3479632
2022-01-24,WIPRO.NS,IT,431.73,3527871
2022-01-25,WIPRO.NS,IT,438.41,4252587
2022-01-27,WIPRO.NS,IT,445.93,4603786
2022-01-28,WIPRO.NS,IT,451.64,4352951
2022-01-31,WIPRO.NS,IT,447.44,5591009
2022-02-01,WIPRO.NS,IT,444.94,2449321
2022-02-02,WIPRO.NS,IT,450.71,3686291
2022-02-03,WIPRO.NS,IT,449.59,5841275
2022-02-04,WIPRO.NS,IT,449.41,1786743
2022-02-07,WIPRO.NS,IT,447.38,2518584
2022-02-08,WIPRO.NS,IT,444.72,5114419
2022-02-09,WIPRO.NS,IT,443.69,4110150
2022-02-10,WIPRO.NS,IT,445.91,3183754
2022-02-11,WIPRO.NS,IT,443.98,4457080
2022-02-14,WIPRO.NS,IT,434.67,4656203
2022-02-15,WIPRO.NS,IT,443.06,2925126
2022-02-16,WIPRO.NS,IT,452.38,3887124
2022-02-17,WIPRO.NS,IT,452.85,2645667
2022-02-18,WIPRO.NS,IT,455.66,5978163
2022-02-21,WIPRO.NS,IT,458.66,2312442
2022-02-22,WIPRO.NS,IT,465.93,3816222
2022-02-23,WIPRO.NS,IT,464.18,5270037
2022-02-24,WIPRO.NS,IT,464.68,8044209
2022-02-25,WIPRO.NS,IT,457.59,3732727
2022-02-28,WIPRO.NS,IT,454.73,10455522
2022-03-01,WIPRO.NS,IT,437.94,2682491
2022-03-02,WIPRO.NS,IT,433.19,4905297
2022-03-03,WIPRO.NS,IT,441.13,3126561
2022-03-04,WIPRO.NS,IT,436.45,7087182
2022-03-07,WIPRO.NS,IT,431.08,3870808
2022-03-09,WIPRO.NS,IT,426.35,2783100
2022-03-10,WIPRO.NS,IT,413.4,6162145
2022-03-11,WIPRO.NS,IT,410.67,3424792
2022-03-14,WIPRO.NS,IT,408.85,2533939
2022-03-15,WIPRO.NS,IT,396.35,3568174
2022-03-16,WIPRO.NS,IT,398.24,5684112
2022-03-17,WIPRO.NS,IT,402.36,3789668
2022-03-18,WIPRO.NS,IT,402.24,3480007
2022-03-21,WIPRO.NS,IT,403.19,3988353
2022-03-22,WIPRO.NS,IT,404.37,1720342
2022-03-23,WIPRO.NS,IT,404.72,10863750
2022-03-24,WIPRO.NS,IT,407.19,3915049
2022-03-25,WIPRO.NS,IT,414.04,5594162
2022-03-28,WIPRO.NS,IT,408.45,6736916
2022-03-29,WIPRO.NS,IT,416.44,2738313
2022-03-30,WIPRO.NS,IT,414.33,2548499
2022-03-31,WIPRO.NS,IT,407.33,6967789
2022-04-01,WIPRO.NS,IT,404.56,2994429
2022-04-04,WIPRO.NS,IT,394.83,3477041
2022-04-05,WIPRO.NS,IT,396.02,3054696
2022-04-06,WIPRO.NS,IT,392.26,1395244
2022-04-07,WIPRO.NS,IT,393.06,3681049
2022-04-08,WIPRO.NS,IT,399.81,3882603
2022-04-11,WIPRO.NS,IT,394.74,5795180
2022-04-12,WIPRO.NS,IT,394.01,3399243
2022-04-13,WIPRO.NS,IT,399.54,3212730
2022-04-15,WIPRO.NS,IT,404.26,4807603
2022-04-18,WIPRO.NS,IT,408.13,5448080
2022-04-19,WIPRO.NS,IT,400.23,2644610
2022-04-20,WIPRO.NS,IT,404.68,1985973
2022-04-21,WIPRO.NS,IT,408.48,8688256
2022-04-22,WIPRO.NS,IT,414.1,6874708
2022-04-25,WIPRO.NS,IT,410.03,3143015
2022-04-26,WIPRO.NS,IT,414.31,3539162
2022-04-27,WIPRO.NS,IT,410.07,3913629
2022-04-28,WIPRO.NS,IT,418.4,2935628
2022-04-29,WIPRO.NS,IT,416.56,3226737
2022-05-02,WIPRO.NS,IT,412.68,3798854
2022-05-03,WIPRO.NS,IT,406.75,2409373
2022-05-04,WIPRO.NS,IT,398.98,8992422
2022-05-05,WIPRO.NS,IT,397.83,2193955
2022-05-06,WIPRO.NS,IT,397.75,1897792
2022-05-09,WIPRO.NS,IT,399.25,5439428
2022-05-10,WIPRO.NS,IT,401.75,3447678
2022-05-11,WIPRO.NS,IT,409.43,4598368
2022-05-12,WIPRO.NS,IT,404.6,3962642
2022-05-13,WIPRO.NS,IT,398.27,3467543
2022-05-16,WIPRO.NS,IT,393.25,3830054
2022-05-17,WIPRO.NS,IT,402.74,4565997
2022-05-18,WIPRO.NS,IT,399.12,5903467
2022-05-19,WIPRO.NS,IT,405.0,3042265
2022-05-20,WIPRO.NS,IT,399.58,4674238
2022-05-23,WIPRO.NS,IT,395.13,3369119
2022-05-24,WIPRO.NS,IT,400.44,3487560
2022-05-25,WIPRO.NS,IT,402.29,2914753
2022-05-26,WIPRO.NS,IT,401.69,3578686
2022-05-27,WIPRO.NS,IT,389.74,2579511
2022-05-30,WIPRO.NS,IT,392.67,2661658
2022-05-31,WIPRO.NS,IT,386.79,2881125
2022-06-01,WIPRO.NS,IT,385.64,1796573
2022-06-02,WIPRO.NS,IT,381.89,2843180
2022-06-03,WIPRO.NS,IT,376.56,3323686
2022-06-06,WIPRO.NS,IT,369.1,4490809
2022-06-07,WIPRO.NS,IT,364.11,2430812
2022-06-08,WIPRO.NS,IT,357.87,3902989
2022-06-09,WIPRO.NS,IT,365.04,4507662
2022-06-10,WIPRO.NS,IT,364.18,3593962
2022-06-13,WIPRO.NS,IT,367.67,4215224
2022-06-14,WIPRO.NS,IT,354.59,4251142
2022-06-15,WIPRO.NS,IT,356.59,3470078
2022-06-16,WIPRO.NS,IT,365.98,3118723
2022-06-17,WIPRO.NS,IT,361.72,4176678
2022-06-20,WIPRO.NS,IT,364.27,2691014
2022-06-21,WIPRO.NS,IT,365.11,1790036
2022-06-22,WIPRO.NS,IT,367.46,3046348
2022-06-23,WIPRO.NS,IT,369.41,3219604
2022-06-24,WIPRO.NS,IT,365.86,4135714
2022-06-27,WIPRO.NS,IT,356.0,4071130
2022-06-28,WIPRO.NS,IT,354.47,3131018
2022-06-29,WIPRO.NS,IT,364.23,4040607
2022-06-30,WIPRO.NS,IT,367.01,5379190
2022-07-01,WIPRO.NS,IT,371.81,3678085
2022-07-04,WIPRO.NS,IT,378.65,2832658
2022-07-05,WIPRO.NS,IT,382.91,3402252
2022-07-06,WIPRO.NS,IT,383.55,5032294
2022-07-07,WIPRO.NS,IT,382.81,2367056
2022-07-08,WIPRO.NS,IT,379.69,4936634
2022-07-11,WIPRO.NS,IT,381.96,3226500
2022-07-12,WIPRO.NS,IT,384.23,5727579
2022-07-13,WIPRO.NS,IT,386.94,4302570
2022-07-14,WIPRO.NS,IT,380.62,4819792
2022-07-15,WIPRO.NS,IT,383.61,5372438
2022-07-18,WIPRO.NS,IT,377.24,5714557
2022-07-19,WIPRO.NS,IT,378.07,5242861
2022-07-20,WIPRO.NS,IT,384.86,2808500
2022-07-21,WIPRO.NS,IT,383.13,5065839
2022-07-22,WIPRO.NS,IT,378.44,2435500
2022-07-25,WIPRO.NS,IT,376.09,2576259
2022-07-26,WIPRO.NS,IT,375.12,3785507
2022-07-27,WIPRO.NS,IT,378.84,6035088
2022-07-28,WIPRO.NS,IT,376.33,3755677
2022-07-29,WIPRO.NS,IT,368.51,2953273
2022-08-01,WIPRO.NS,IT,377.07,4849513
2022-08-02,WIPRO.NS,IT,380.71,3318521
2022-08-03,WIPRO.NS,IT,379.3,4583505
2022-08-04,WIPRO.NS,IT,389.47,4091150
2022-08-05,WIPRO.NS,IT,387.0,2794353
2022-08-08,WIPRO.NS,IT,391.42,5820173
2022-08-09,WIPRO.NS,IT,394.18,2197731
2022-08-10,WIPRO.NS,IT,388.4,2858828
2022-08-11,WIPRO.NS,IT,384.65,4898839
2022-08-12,WIPRO.NS,IT,394.89,10687418
2022-08-16,WIPRO.NS,IT,393.67,2109168
2022-08-17,WIPRO.NS,IT,400.49,3747283
2022-08-18,WIPRO.NS,IT,406.07,1716830
2022-08-19,WIPRO.NS,IT,404.92,3721073
2022-08-22,WIPRO.NS,IT,397.34,3116915
2022-08-23,WIPRO.NS,IT,400.08,3969981
2022-08-24,WIPRO.NS,IT,402.62,6424545
2022-08-25,WIPRO.NS,IT,395.59,5303707
2022-08-26,WIPRO.NS,IT,397.62,3465169
2022-08-29,WIPRO.NS,IT,396.18,5023359
2022-08-30,WIPRO.NS,IT,396.87,4032717
2022-08-31,WIPRO.NS,IT,390.75,2732685
2022-09-01,WIPRO.NS,IT,381.71,3857085
2022-09-02,WIPRO.NS,IT,383.53,4642844
2022-09-05,WIPRO.NS,IT,392.68,14445900
2022-09-06,WIPRO.NS,IT,395.38,6251928
2022-09-07,WIPRO.NS,IT,397.39,5075088
2022-09-08,WIPRO.NS,IT,391.11,2112990
2022-09-09,WIPRO.NS,IT,389.78,4227371
2022-09-12,WIPRO.NS,IT,399.0,6532494
2022-09-13,WIPRO.NS,IT,398.6,4803124
2022-09-14,WIPRO.NS,IT,398.76,5936657
2022-09-15,WIPRO.NS,IT,402.55,4749562
2022-09-16,WIPRO.NS,IT,412.34,5695767
2022-09-19,WIPRO.NS,IT,417.55,2180476
2022-09-20,WIPRO.NS,IT,411.34,7082999
2022-09-21,WIPRO.NS,IT,408.38,5289582
2022-09-22,WIPRO.NS,IT,415.37,6021311
2022-09-23,WIPRO.NS,IT,408.92,4178340
2022-09-26,WIPRO.NS,IT,412.39,4811499
2022-09-27,WIPRO.NS,IT,407.73,5155811
2022-09-28,WIPRO.NS,IT,408.85,3753452
2022-09-29,WIPRO.NS,IT,403.52,3020760
2022-09-30,WIPRO.NS,IT,407.0,2703363
2022-10-03,WIPRO.NS,IT,411.43,3814214
2022-10-04,WIPRO.NS,IT,407.44,2945737
2022-10-05,WIPRO.NS,IT,407.63,3096822
2022-10-06,WIPRO.NS,IT,410.81,6677764
2022-10-07,WIPRO.NS,IT,416.66,7043369
2022-10-10,WIPRO.NS,IT,420.72,3527303
2022-10-11,WIPRO.NS,IT,423.57,6295088
2022-10-12,WIPRO.NS,IT,418.34,3737254
2022-10-13,WIPRO.NS,IT,413.85,3498787
2022-10-14,WIPRO.NS,IT,405.09,4542601
2022-10-17,WIPRO.NS,IT,407.06,3074454
2022-10-18,WIPRO.NS,IT,402.55,3548548
2022-10-19,WIPRO.NS,IT,404.44,6384578
2022-10-20,WIPRO.NS,IT,416.09,4483787
2022-10-21,WIPRO.NS,IT,426.03,4560148
2022-10-25,WIPRO.NS,IT,422.89,3686561
2022-10-26,WIPRO.NS,IT,432.53,3571592
2022-10-27,WIPRO.NS,IT,438.29,4155277
2022-10-28,WIPRO.NS,IT,438.75,5238142
2022-10-31,WIPRO.NS,IT,440.67,4501047
2022-11-01,WIPRO.NS,IT,435.35,4939004
2022-11-02,WIPRO.NS,IT,427.32,2124367
2022-11-03,WIPRO.NS,IT,423.22,2809018
2022-11-04,WIPRO.NS,IT,427.67,3220772
2022-11-07,WIPRO.NS,IT,417.29,4648602
2022-11-08,WIPRO.NS,IT,422.81,4535713
2022-11-09,WIPRO.NS,IT,425.29,5011195
2022-11-10,WIPRO.NS,IT,429.36,3538217
2022-11-11,WIPRO.NS,IT,416.29,4145183
2022-11-14,WIPRO.NS,IT,420.92,7422443
2022-11-15,WIPRO.NS,IT,426.07,4039159
2022-11-16,WIPRO.NS,IT,432.93,2082578
2022-11-17,WIPRO.NS,IT,439.76,4730985
2022-11-18,WIPRO.NS,IT,447.28,6041279
2022-11-21,WIPRO.NS,IT,437.9,5953999
2022-11-22,WIPRO.NS,IT,435.24,3560208
2022-11-23,WIPRO.NS,IT,435.48,3645624
2022-11-24,WIPRO.NS,IT,438.32,5203165
2022-11-25,WIPRO.NS,IT,440.4,4195832
2022-11-28,WIPRO.NS,IT,431.91,4835801
2022-11-29,WIPRO.NS,IT,433.36,3266283
2022-11-30,WIPRO.NS,IT,418.19,4536482
2022-12-01,WIPRO.NS,IT,419.35,3307408
2022-12-02,WIPRO.NS,IT,416.9,3704772
2022-12-05,WIPRO.NS,IT,409.71,2733789
2022-12-06,WIPRO.NS,IT,420.87,3004139
2022-12-07,WIPRO.NS,IT,411.48,2416707
2022-12-08,WIPRO.NS,IT,412.57,2304832
2022-12-09,WIPRO.NS,IT,409.43,2872898
2022-12-12,WIPRO.NS,IT,412.3,4629230
2022-12-13,WIPRO.NS,IT,422.1,4337297
2022-12-14,WIPRO.NS,IT,420.53,5345134
2022-12-15,WIPRO.NS,IT,423.86,3399130
2022-12-16,WIPRO.NS,IT,429.36,2351189
2022-12-19,WIPRO.NS,IT,429.21,4513756
2022-12-20,WIPRO.NS,IT,414.57,3963320
2022-12-21,WIPRO.NS,IT,420.04,3802461
2022-12-22,WIPRO.NS,IT,420.3,2725231
2022-12-23,WIPRO.NS,IT,417.31,3506912
2022-12-26,WIPRO.NS,IT,406.06,5054079
2022-12-27,WIPRO.NS,IT,404.43,2616992
2022-12-28,WIPRO.NS,IT,403.86,2098161
2022-12-29,WIPRO.NS,IT,413.8,4196642
2022-12-30,WIPRO.NS,IT,416.52,3005106
2023-01-02,WIPRO.NS,IT,420.89,5169772
2023-01-03,WIPRO.NS,IT,428.54,3546334
2023-01-04,WIPRO.NS,IT,436.3,2765097
2023-01-05,WIPRO.NS,IT,438.16,4193737
2023-01-06,WIPRO.NS,IT,432.32,3937415
2023-01-09,WIPRO.NS,IT,434.56,3939397
2023-01-10,WIPRO.NS,IT,444.87,2731611
2023-01-11,WIPRO.NS,IT,437.19,6083658
2023-01-12,WIPRO.NS,IT,440.62,3236385
2023-01-13,WIPRO.NS,IT,447.75,6591457
2023-01-16,WIPRO.NS,IT,451.59,2186756
2023-01-17,WIPRO.NS,IT,451.11,5398823
2023-01-18,WIPRO.NS,IT,450.26,4751949
2023-01-19,WIPRO.NS,IT,455.88,3591015
2023-01-20,WIPRO.NS,IT,459.92,2227919
2023-01-23,WIPRO.NS,IT,454.76,4067392
2023-01-24,WIPRO.NS,IT,454.25,2085188
2023-01-25,WIPRO.NS,IT,451.24,3396029
2023-01-27,WIPRO.NS,IT,449.17,5248368
2023-01-30,WIPRO.NS,IT,453.75,3716545
2023-01-31,WIPRO.NS,IT,455.66,3713909
2023-02-01,WIPRO.NS,IT,458.29,6452274
2023-02-02,WIPRO.NS,IT,458.59,4171203
2023-02-03,WIPRO.NS,IT,469.22,7255841
2023-02-06,WIPRO.NS,IT,466.96,3547053
2023-02-07,WIPRO.NS,IT,467.43,5687015
2023-02-08,WIPRO.NS,IT,458.1,3776811
2023-02-09,WIPRO.NS,IT,456.99,4493309
2023-02-10,WIPRO.NS,IT,458.1,2982112
2023-02-13,WIPRO.NS,IT,454.0,4345485
2023-02-14,WIPRO.NS,IT,454.39,4446361
2023-02-15,WIPRO.NS,IT,452.91,4159796
2023-02-16,WIPRO.NS,IT,451.64,2169888
2023-02-17,WIPRO.NS,IT,461.44,5705234
2023-02-20,WIPRO.NS,IT,471.5,4435858
2023-02-21,WIPRO.NS,IT,458.36,4647149
2023-02-22,WIPRO.NS,IT,457.12,6762045
2023-02-23,WIPRO.NS,IT,458.46,3880261
2023-02-24,WIPRO.NS,IT,456.93,5053131
2023-02-27,WIPRO.NS,IT,453.54,5217667
2023-02-28,WIPRO.NS,IT,463.93,3617574
2023-03-01,WIPRO.NS,IT,466.07,3993400
2023-03-02,WIPRO.NS,IT,465.22,3022823
2023-03-03,WIPRO.NS,IT,465.14,1691158
2023-03-06,WIPRO.NS,IT,460.43,3064856
2023-03-07,WIPRO.NS,IT,462.74,2459355
2023-03-09,WIPRO.NS,IT,462.49,2357121
2023-03-10,WIPRO.NS,IT,468.67,3112818
2023-03-13,WIPRO.NS,IT,469.38,9120417
2023-03-14,WIPRO.NS,IT,467.42,2651699
2023-03-15,WIPRO.NS,IT,474.97,4767298
2023-03-16,WIPRO.NS,IT,469.89,2064521
2023-03-17,WIPRO.NS,IT,459.59,4420263
2023-03-20,WIPRO.NS,IT,459.03,5048817
2023-03-21,WIPRO.NS,IT,455.3,2698083
2023-03-22,WIPRO.NS,IT,454.83,3173970
2023-03-23,WIPRO.NS,IT,453.96,2874284
2023-03-24,WIPRO.NS,IT,466.45,4743475
2023-03-27,WIPRO.NS,IT,474.98,4406287
2023-03-28,WIPRO.NS,IT,465.97,5267951
2023-03-29,WIPRO.NS,IT,454.69,3770218
2023-03-30,WIPRO.NS,IT,460.7,2329079
2023-03-31,WIPRO.NS,IT,464.88,2699193
2023-04-03,WIPRO.NS,IT,464.77,2474158
2023-04-04,WIPRO.NS,IT,477.3,2945382
2023-04-05,WIPRO.NS,IT,469.89,3242670
2023-04-06,WIPRO.NS,IT,476.1,3377396
2023-04-07,WIPRO.NS,IT,478.52,3775898
2023-04-10,WIPRO.NS,IT,478.43,2066664
2023-04-11,WIPRO.NS,IT,471.16,5288701
2023-04-12,WIPRO.NS,IT,474.26,4388335
2023-04-13,WIPRO.NS,IT,470.94,3481714
2023-04-17,WIPRO.NS,IT,473.97,3279486
2023-04-18,WIPRO.NS,IT,468.24,3312015
2023-04-19,WIPRO.NS,IT,479.17,3495774
2023-04-20,WIPRO.NS,IT,476.03,4645706
2023-04-21,WIPRO.NS,IT,480.65,3761910
2023-04-24,WIPRO.NS,IT,494.26,4387811
2023-04-25,WIPRO.NS,IT,493.51,4090198
2023-04-26,WIPRO.NS,IT,497.18,3222917
2023-04-27,WIPRO.NS,IT,492.04,2263542
2023-04-28,WIPRO.NS,IT,495.12,6434089
2023-05-02,WIPRO.NS,IT,489.35,4936897
2023-05-03,WIPRO.NS,IT,499.1,6238917
2023-05-04,WIPRO.NS,IT,501.82,3341522
2023-05-05,WIPRO.NS,IT,506.84,4480391
2023-05-08,WIPRO.NS,IT,510.12,3215124
2023-05-09,WIPRO.NS,IT,519.84,5016732
2023-05-10,WIPRO.NS,IT,507.23,6907210
2023-05-11,WIPRO.NS,IT,505.27,6783322
2023-05-12,WIPRO.NS,IT,502.65,4040323
2023-05-15,WIPRO.NS,IT,493.75,5163326
2023-05-16,WIPRO.NS,IT,493.83,4781938
2023-05-17,WIPRO.NS,IT,494.58,4189031
2023-05-18,WIPRO.NS,IT,510.74,4638980
2023-05-19,WIPRO.NS,IT,514.77,3046258
2023-05-22,WIPRO.NS,IT,518.59,2330517
2023-05-23,WIPRO.NS,IT,516.69,4643135
2023-05-24,WIPRO.NS,IT,506.56,2719669
2023-05-25,WIPRO.NS,IT,507.08,2967180
2023-05-26,WIPRO.NS,IT,493.18,3421162
2023-05-29,WIPRO.NS,IT,497.28,6757997
2023-05-30,WIPRO.NS,IT,499.3,3898862
2023-05-31,WIPRO.NS,IT,506.74,2931710
2023-06-01,WIPRO.NS,IT,515.89,2592806
2023-06-02,WIPRO.NS,IT,518.59,3751461
2023-06-05,WIPRO.NS,IT,511.89,3701879
2023-06-06,WIPRO.NS,IT,515.03,2652449
2023-06-07,WIPRO.NS,IT,521.94,4183377
2023-06-08,WIPRO.NS,IT,513.34,2245600
2023-06-09,WIPRO.NS,IT,520.24,2737935
2023-06-12,WIPRO.NS,IT,512.19,6431194
2023-06-13,WIPRO.NS,IT,523.96,2650853
2023-06-14,WIPRO.NS,IT,514.52,3807001
2023-06-15,WIPRO.NS,IT,522.58,4564465
2023-06-16,WIPRO.NS,IT,516.13,7542097
2023-06-19,WIPRO.NS,IT,507.67,6797840
2023-06-20,WIPRO.NS,IT,513.36,5009433
2023-06-21,WIPRO.NS,IT,514.39,2736531
2023-06-22,WIPRO.NS,IT,503.24,2853166
2023-06-23,WIPRO.NS,IT,507.46,3373710
2023-06-26,WIPRO.NS,IT,500.86,9357584
2023-06-27,WIPRO.NS,IT,498.96,4745403
2023-06-28,WIPRO.NS,IT,507.68,3910438
2023-06-29,WIPRO.NS,IT,505.2,4258422
2023-06-30,WIPRO.NS,IT,507.55,6423697
2023-07-03,WIPRO.NS,IT,509.51,3222159
2023-07-04,WIPRO.NS,IT,505.23,4091085
2023-07-05,WIPRO.NS,IT,509.19,3679537
2023-07-06,WIPRO.NS,IT,520.37,3093841
2023-07-07,WIPRO.NS,IT,516.24,3651623
2023-07-10,WIPRO.NS,IT,510.76,4506003
2023-07-11,WIPRO.NS,IT,509.67,4415454
2023-07-12,WIPRO.NS,IT,517.38,6495802
2023-07-13,WIPRO.NS,IT,520.96,3203149
2023-07-14,WIPRO.NS,IT,520.4,4326588
2023-07-17,WIPRO.NS,IT,524.03,2623336
2023-07-18,WIPRO.NS,IT,511.33,3880748
2023-07-19,WIPRO.NS,IT,518.47,2324804
2023-07-20,WIPRO.NS,IT,503.44,4705176
2023-07-21,WIPRO.NS,IT,502.38,7518123
2023-07-24,WIPRO.NS,IT,504.9,5717744
2023-07-25,WIPRO.NS,IT,512.43,3476473
2023-07-26,WIPRO.NS,IT,506.11,5603961
2023-07-27,WIPRO.NS,IT,512.86,2369464
2023-07-28,WIPRO.NS,IT,505.16,4644932
2023-07-31,WIPRO.NS,IT,515.66,9698119
2023-08-01,WIPRO.NS,IT,523.15,4629960
2023-08-02,WIPRO.NS,IT,522.09,3628547
2023-08-03,WIPRO.NS,IT,519.61,3542635
2023-08-04,WIPRO.NS,IT,514.54,4386103
2023-08-07,WIPRO.NS,IT,522.0,3916451
2023-08-08,WIPRO.NS,IT,546.34,3364938
2023-08-09,WIPRO.NS,IT,538.62,3766558
2023-08-10,WIPRO.NS,IT,540.85,2218401
2023-08-11,WIPRO.NS,IT,541.03,5136756
2023-08-14,WIPRO.NS,IT,553.15,5786756
2023-08-16,WIPRO.NS,IT,540.74,5062725
2023-08-17,WIPRO.NS,IT,538.83,3511232
2023-08-18,WIPRO.NS,IT,549.56,4503448
2023-08-21,WIPRO.NS,IT,555.27,4581659
2023-08-22,WIPRO.NS,IT,543.53,3574107
2023-08-23,WIPRO.NS,IT,554.75,5938724
2023-08-24,WIPRO.NS,IT,551.81,5323819
2023-08-25,WIPRO.NS,IT,548.46,5638417
2023-08-28,WIPRO.NS,IT,547.05,4453602
2023-08-29,WIPRO.NS,IT,546.29,2345300
2023-08-30,WIPRO.NS,IT,544.94,1822639
2023-08-31,WIPRO.NS,IT,544.32,3343671
2023-09-01,WIPRO.NS,IT,538.93,2953425
2023-09-04,WIPRO.NS,IT,551.92,3879457
2023-09-05,WIPRO.NS,IT,557.02,2649299
2023-09-06,WIPRO.NS,IT,549.58,2656042
2023-09-07,WIPRO.NS,IT,549.99,1943352
2023-09-08,WIPRO.NS,IT,548.42,2444227
2023-09-11,WIPRO.NS,IT,538.82,3391513
2023-09-12,WIPRO.NS,IT,532.5,3222692
2023-09-13,WIPRO.NS,IT,534.55,5705102
2023-09-14,WIPRO.NS,IT,539.55,3539741
2023-09-15,WIPRO.NS,IT,535.29,2261576
2023-09-18,WIPRO.NS,IT,530.85,3588113
2023-09-19,WIPRO.NS,IT,520.59,4681920
2023-09-20,WIPRO.NS,IT,526.42,1732549
2023-09-21,WIPRO.NS,IT,535.03,6068984
2023-09-22,WIPRO.NS,IT,538.93,4599075
2023-09-25,WIPRO.NS,IT,544.59,6473188
2023-09-26,WIPRO.NS,IT,547.38,4685593
2023-09-27,WIPRO.NS,IT,548.87,3414036
2023-09-28,WIPRO.NS,IT,551.11,3881992
2023-09-29,WIPRO.NS,IT,550.98,3349873
2023-10-03,WIPRO.NS,IT,540.33,5303203
2023-10-04,WIPRO.NS,IT,542.43,3019711
2023-10-05,WIPRO.NS,IT,560.16,4467446
2023-10-06,WIPRO.NS,IT,551.31,5930461
2023-10-09,WIPRO.NS,IT,556.19,4299648
2023-10-10,WIPRO.NS,IT,547.66,4081081
2023-10-11,WIPRO.NS,IT,544.07,4600700
2023-10-12,WIPRO.NS,IT,542.37,3126373
2023-10-13,WIPRO.NS,IT,544.52,1858650
2023-10-16,WIPRO.NS,IT,548.41,2810884
2023-10-17,WIPRO.NS,IT,548.6,3024470
2023-10-18,WIPRO.NS,IT,536.7,4476683
2023-10-19,WIPRO.NS,IT,534.95,2900878
2023-10-20,WIPRO.NS,IT,533.54,3035689
2023-10-23,WIPRO.NS,IT,535.18,5183523
2023-10-24,WIPRO.NS,IT,537.27,4567571
2023-10-25,WIPRO.NS,IT,543.73,6068686
2023-10-26,WIPRO.NS,IT,543.1,3840867
2023-10-27,WIPRO.NS,IT,548.96,2332254
2023-10-30,WIPRO.NS,IT,545.29,8410659
2023-10-31,WIPRO.NS,IT,554.43,4931849
2023-11-01,WIPRO.NS,IT,561.73,3243498
2023-11-02,WIPRO.NS,IT,562.22,5396138
2023-11-03,WIPRO.NS,IT,568.82,4271293
2023-11-06,WIPRO.NS,IT,567.69,6112404
2023-11-07,WIPRO.NS,IT,567.6,4326202
2023-11-08,WIPRO.NS,IT,554.19,3442825
2023-11-09,WIPRO.NS,IT,550.09,4392391
2023-11-10,WIPRO.NS,IT,550.73,5602798
2023-11-13,WIPRO.NS,IT,549.56,3024599
2023-11-14,WIPRO.NS,IT,546.49,4064349
2023-11-15,WIPRO.NS,IT,543.45,2617864
2023-11-16,WIPRO.NS,IT,539.27,4723404
2023-11-17,WIPRO.NS,IT,538.94,4065322
2023-11-20,WIPRO.NS,IT,544.63,4980636
2023-11-21,WIPRO.NS,IT,550.84,5675746
2023-11-22,WIPRO.NS,IT,547.36,3162505
2023-11-23,WIPRO.NS,IT,546.23,4261266
2023-11-24,WIPRO.NS,IT,542.09,4324580
2023-11-27,WIPRO.NS,IT,542.19,3183611
2023-11-28,WIPRO.NS,IT,542.38,2816140
2023-11-29,WIPRO.NS,IT,543.39,6815134
2023-11-30,WIPRO.NS,IT,549.15,3447184
2023-12-01,WIPRO.NS,IT,534.24,3441882
2023-12-04,WIPRO.NS,IT,538.31,3652355
2023-12-05,WIPRO.NS,IT,530.21,4765603
2023-12-06,WIPRO.NS,IT,529.79,3379879
2023-12-07,WIPRO.NS,IT,518.68,3036084
2023-12-08,WIPRO.NS,IT,513.95,4211904
2023-12-11,WIPRO.NS,IT,514.81,5110410
2023-12-12,WIPRO.NS,IT,525.5,4685047
2023-12-13,WIPRO.NS,IT,531.59,3210466
2023-12-14,WIPRO.NS,IT,520.33,2724293
2023-12-15,WIPRO.NS,IT,511.19,2845985
2023-12-18,WIPRO.NS,IT,511.36,4480609
2023-12-19,WIPRO.NS,IT,511.94,4805448
2023-12-20,WIPRO.NS,IT,508.67,3370531
2023-12-21,WIPRO.NS,IT,506.26,3297474
2023-12-22,WIPRO.NS,IT,510.35,2616172
2023-12-26,WIPRO.NS,IT,514.71,3897958
2023-12-27,WIPRO.NS,IT,509.14,5075247
2023-12-28,WIPRO.NS,IT,503.13,3151460
2023-12-29,WIPRO.NS,IT,504.55,5762091
2024-01-01,WIPRO.NS,IT,498.59,2765293
2024-01-02,WIPRO.NS,IT,492.82,3023971
2024-01-03,WIPRO.NS,IT,483.7,3778543
2024-01-04,WIPRO.NS,IT,488.64,4215195
2024-01-05,WIPRO.NS,IT,484.41,3658396
2024-01-08,WIPRO.NS,IT,487.22,4377869
2024-01-09,WIPRO.NS,IT,488.54,4316848
2024-01-10,WIPRO.NS,IT,486.19,6046521
2024-01-11,WIPRO.NS,IT,499.83,4092724
2024-01-12,WIPRO.NS,IT,500.97,3553672
2024-01-15,WIPRO.NS,IT,499.74,4593702
2024-01-16,WIPRO.NS,IT,498.2,2141934
2024-01-17,WIPRO.NS,IT,502.96,2466745
2024-01-18,WIPRO.NS,IT,497.8,5464762
2024-01-19,WIPRO.NS,IT,500.45,3305021
2024-01-22,WIPRO.NS,IT,517.84,3017640
2024-01-23,WIPRO.NS,IT,515.7,4653088
2024-01-24,WIPRO.NS,IT,504.67,3813887
2024-01-25,WIPRO.NS,IT,502.25,5571998
2024-01-29,WIPRO.NS,IT,504.81,3449192
2024-01-30,WIPRO.NS,IT,504.09,6227723
2024-01-31,WIPRO.NS,IT,496.01,3531423
2024-02-01,WIPRO.NS,IT,501.46,5523578
2024-02-02,WIPRO.NS,IT,501.99,4114835
2024-02-05,WIPRO.NS,IT,507.0,2997594
2024-02-06,WIPRO.NS,IT,501.49,3890295
2024-02-07,WIPRO.NS,IT,494.31,4145975
2024-02-08,WIPRO.NS,IT,494.5,3859671
2024-02-09,WIPRO.NS,IT,491.38,3035811
2024-02-12,WIPRO.NS,IT,499.8,6592281
2024-02-13,WIPRO.NS,IT,506.36,4347788
2024-02-14,WIPRO.NS,IT,505.25,1846577
2024-02-15,WIPRO.NS,IT,503.52,4288426
2024-02-16,WIPRO.NS,IT,501.64,4768003
2024-02-19,WIPRO.NS,IT,498.64,1980884
2024-02-20,WIPRO.NS,IT,495.7,3112513
2024-02-21,WIPRO.NS,IT,499.82,5518432
2024-02-22,WIPRO.NS,IT,485.63,4223611
2024-02-23,WIPRO.NS,IT,477.03,4225987
2024-02-26,WIPRO.NS,IT,472.81,2624701
2024-02-27,WIPRO.NS,IT,466.35,2959925
2024-02-28,WIPRO.NS,IT,474.7,2481487
2024-02-29,WIPRO.NS,IT,468.29,2061963
2024-03-01,WIPRO.NS,IT,473.01,1630718
2024-03-04,WIPRO.NS,IT,473.62,8278354
2024-03-05,WIPRO.NS,IT,481.41,3093899
2024-03-06,WIPRO.NS,IT,475.41,4408717
2024-03-07,WIPRO.NS,IT,476.51,5921608
2024-03-11,WIPRO.NS,IT,470.9,4207468
2024-03-12,WIPRO.NS,IT,470.14,3859791
2024-03-13,WIPRO.NS,IT,476.62,4526321
2024-03-14,WIPRO.NS,IT,473.68,8175032
2024-03-15,WIPRO.NS,IT,482.69,4071068
2024-03-18,WIPRO.NS,IT,492.23,2396130
2024-03-19,WIPRO.NS,IT,507.34,2717630
2024-03-20,WIPRO.NS,IT,513.26,2864288
2024-03-21,WIPRO.NS,IT,514.96,3721397
2024-03-22,WIPRO.NS,IT,502.4,2615931
2024-03-25,WIPRO.NS,IT,500.38,3237192
2024-03-26,WIPRO.NS,IT,501.14,3761041
2024-03-27,WIPRO.NS,IT,503.2,5627350
2024-03-28,WIPRO.NS,IT,512.53,2910072
2024-03-29,WIPRO.NS,IT,515.78,4897311
2024-04-01,WIPRO.NS,IT,515.35,4331188
2024-04-02,WIPRO.NS,IT,512.74,5068551
2024-04-03,WIPRO.NS,IT,510.42,1726637
2024-04-04,WIPRO.NS,IT,517.1,2125867
2024-04-05,WIPRO.NS,IT,524.92,2329403
2024-04-08,WIPRO.NS,IT,527.73,6379913
2024-04-09,WIPRO.NS,IT,536.88,3028600
2024-04-10,WIPRO.NS,IT,528.27,2638830
2024-04-11,WIPRO.NS,IT,520.69,3815992
2024-04-12,WIPRO.NS,IT,524.07,8187101
2024-04-15,WIPRO.NS,IT,536.75,3134254
2024-04-16,WIPRO.NS,IT,534.79,3152444
2024-04-17,WIPRO.NS,IT,539.79,5564718
2024-04-18,WIPRO.NS,IT,541.52,4329589
2024-04-19,WIPRO.NS,IT,547.56,3973014
2024-04-22,WIPRO.NS,IT,544.24,3373625
2024-04-23,WIPRO.NS,IT,524.83,4403194
2024-04-24,WIPRO.NS,IT,511.93,1547469
2024-04-25,WIPRO.NS,IT,510.39,4372615
2024-04-26,WIPRO.NS,IT,523.94,2561324
2024-04-29,WIPRO.NS,IT,535.22,6621607
2024-04-30,WIPRO.NS,IT,533.66,5728885
2024-05-02,WIPRO.NS,IT,544.1,5191040
2024-05-03,WIPRO.NS,IT,534.53,7952589
2024-05-06,WIPRO.NS,IT,516.45,10070953
2024-05-07,WIPRO.NS,IT,529.14,3964803
2024-05-08,WIPRO.NS,IT,516.38,4027572
2024-05-09,WIPRO.NS,IT,494.65,5110300
2024-05-10,WIPRO.NS,IT,492.33,4930537
2024-05-13,WIPRO.NS,IT,490.32,1724341
2024-05-14,WIPRO.NS,IT,497.21,3599962
2024-05-15,WIPRO.NS,IT,512.41,2890803
2024-05-16,WIPRO.NS,IT,522.81,4575558
2024-05-17,WIPRO.NS,IT,530.24,4636819
2024-05-20,WIPRO.NS,IT,525.95,3981403
2024-05-21,WIPRO.NS,IT,524.29,3099481
2024-05-22,WIPRO.NS,IT,527.84,3273688
2024-05-23,WIPRO.NS,IT,519.01,7543522
2024-05-24,WIPRO.NS,IT,529.92,1701279
2024-05-27,WIPRO.NS,IT,532.64,11492251
2024-05-28,WIPRO.NS,IT,526.08,7629804
2024-05-29,WIPRO.NS,IT,538.03,3744407
2024-05-30,WIPRO.NS,IT,536.38,4973483
2024-05-31,WIPRO.NS,IT,531.67,3814708
2024-06-03,WIPRO.NS,IT,537.31,3741426
2024-06-04,WIPRO.NS,IT,535.72,3384977
2024-06-05,WIPRO.NS,IT,538.05,3138738
2024-06-06,WIPRO.NS,IT,538.96,5088566
2024-06-07,WIPRO.NS,IT,533.84,2930654
2024-06-10,WIPRO.NS,IT,554.77,4055810
2024-06-11,WIPRO.NS,IT,550.77,3446695
2024-06-12,WIPRO.NS,IT,555.59,7874191
2024-06-13,WIPRO.NS,IT,550.82,5807805
2024-06-14,WIPRO.NS,IT,555.42,3064612
2024-06-17,WIPRO.NS,IT,555.58,6266081
2024-06-18,WIPRO.NS,IT,553.4,4559380
2024-06-19,WIPRO.NS,IT,552.34,5867739
2024-06-20,WIPRO.NS,IT,550.78,5543516
2024-06-21,WIPRO.NS,IT,548.66,2403130
2024-06-24,WIPRO.NS,IT,549.97,4853580
2024-06-25,WIPRO.NS,IT,559.75,3894337
2024-06-26,WIPRO.NS,IT,549.58,7852234
2024-06-27,WIPRO.NS,IT,558.42,2871951
2024-06-28,WIPRO.NS,IT,569.03,5114545
2024-07-01,WIPRO.NS,IT,574.36,2600159
2024-07-02,WIPRO.NS,IT,572.67,8510741
2024-07-03,WIPRO.NS,IT,569.15,4872637
2024-07-04,WIPRO.NS,IT,582.65,3314752
2024-07-05,WIPRO.NS,IT,581.04,6607269
2024-07-08,WIPRO.NS,IT,578.11,7400309
2024-07-09,WIPRO.NS,IT,577.93,4596335
2024-07-10,WIPRO.NS,IT,571.19,3716896
2024-07-11,WIPRO.NS,IT,565.6,2649717
2024-07-12,WIPRO.NS,IT,574.35,2796872
2024-07-15,WIPRO.NS,IT,575.11,2535556
2024-07-16,WIPRO.NS,IT,579.76,5925956
2024-07-17,WIPRO.NS,IT,576.76,6029726
2024-07-18,WIPRO.NS,IT,576.33,2702432
2024-07-19,WIPRO.NS,IT,575.82,6113221
2024-07-22,WIPRO.NS,IT,595.07,3560757
2024-07-23,WIPRO.NS,IT,578.44,3226870
2024-07-24,WIPRO.NS,IT,593.03,4668968
2024-07-25,WIPRO.NS,IT,607.81,3854136
2024-07-26,WIPRO.NS,IT,609.93,2096229
2024-07-29,WIPRO.NS,IT,606.59,3486005
2024-07-30,WIPRO.NS,IT,615.16,2433187
2024-07-31,WIPRO.NS,IT,622.63,2141803
2024-08-01,WIPRO.NS,IT,624.08,3163637
2024-08-02,WIPRO.NS,IT,627.86,3826002
2024-08-05,WIPRO.NS,IT,636.71,2453960
2024-08-06,WIPRO.NS,IT,622.08,4046222
2024-08-07,WIPRO.NS,IT,619.08,4078240
2024-08-08,WIPRO.NS,IT,622.63,5065853
2024-08-09,WIPRO.NS,IT,617.0,3695185
2024-08-12,WIPRO.NS,IT,600.07,5102888
2024-08-13,WIPRO.NS,IT,602.84,5261051
2024-08-14,WIPRO.NS,IT,595.64,2299311
2024-08-16,WIPRO.NS,IT,586.1,7339645
2024-08-19,WIPRO.NS,IT,584.25,6118751
2024-08-20,WIPRO.NS,IT,579.55,3579954
2024-08-21,WIPRO.NS,IT,577.4,2829117
2024-08-22,WIPRO.NS,IT,571.51,5360666
2024-08-23,WIPRO.NS,IT,557.4,3116268
2024-08-26,WIPRO.NS,IT,558.88,2732788
2024-08-27,WIPRO.NS,IT,547.08,3518414
2024-08-28,WIPRO.NS,IT,553.96,6067860
2024-08-29,WIPRO.NS,IT,562.18,6659000
2024-08-30,WIPRO.NS,IT,559.07,7657116
2024-09-02,WIPRO.NS,IT,563.97,3656282
2024-09-03,WIPRO.NS,IT,584.11,3766677
2024-09-04,WIPRO.NS,IT,584.73,3774703
2024-09-05,WIPRO.NS,IT,579.64,3183825
2024-09-06,WIPRO.NS,IT,588.21,3148151
2024-09-09,WIPRO.NS,IT,574.37,3425428
2024-09-10,WIPRO.NS,IT,593.97,7697314
2024-09-11,WIPRO.NS,IT,598.38,2955091
2024-09-12,WIPRO.NS,IT,603.48,4309710
2024-09-13,WIPRO.NS,IT,601.72,4931329
2024-09-16,WIPRO.NS,IT,602.32,8381309
2024-09-17,WIPRO.NS,IT,603.88,4434071
2024-09-18,WIPRO.NS,IT,597.33,3621670
2024-09-19,WIPRO.NS,IT,602.64,2830840
2024-09-20,WIPRO.NS,IT,595.91,2920152
2024-09-23,WIPRO.NS,IT,582.7,3976807
2024-09-24,WIPRO.NS,IT,571.89,3585393
2024-09-25,WIPRO.NS,IT,574.62,3911482
2024-09-26,WIPRO.NS,IT,584.87,4892385
2024-09-27,WIPRO.NS,IT,584.81,3176047
2024-09-30,WIPRO.NS,IT,579.42,4553678
2024-10-01,WIPRO.NS,IT,578.99,5744921
2024-10-03,WIPRO.NS,IT,559.5,2107032
2024-10-04,WIPRO.NS,IT,572.49,4246968
2024-10-07,WIPRO.NS,IT,569.17,6600496
2024-10-08,WIPRO.NS,IT,576.17,4627467
2024-10-09,WIPRO.NS,IT,577.4,3207419
2024-10-10,WIPRO.NS,IT,583.55,4952515
2024-10-11,WIPRO.NS,IT,597.34,3324070
2024-10-14,WIPRO.NS,IT,590.09,5441187
2024-10-15,WIPRO.NS,IT,590.96,4708853
2024-10-16,WIPRO.NS,IT,598.48,7787263
2024-10-17,WIPRO.NS,IT,596.24,3851309
2024-10-18,WIPRO.NS,IT,591.86,4666357
2024-10-21,WIPRO.NS,IT,601.85,3546054
2024-10-22,WIPRO.NS,IT,593.95,4147148
2024-10-23,WIPRO.NS,IT,591.75,2964415
2024-10-24,WIPRO.NS,IT,592.64,6347184
2024-10-25,WIPRO.NS,IT,602.38,4339546
2024-10-28,WIPRO.NS,IT,606.44,4040698
2024-10-29,WIPRO.NS,IT,599.37,5492034
2024-10-30,WIPRO.NS,IT,592.13,6829370
2024-10-31,WIPRO.NS,IT,591.53,8847978
2024-11-04,WIPRO.NS,IT,604.06,2971971
2024-11-05,WIPRO.NS,IT,617.5,5099090
2024-11-06,WIPRO.NS,IT,624.97,5582759
2024-11-07,WIPRO.NS,IT,638.27,3874989
2024-11-08,WIPRO.NS,IT,640.94,3194157
2024-11-11,WIPRO.NS,IT,645.52,6025998
2024-11-12,WIPRO.NS,IT,652.46,2903436
2024-11-13,WIPRO.NS,IT,642.89,4613281
2024-11-14,WIPRO.NS,IT,639.23,3131171
2024-11-15,WIPRO.NS,IT,635.02,4062964
2024-11-18,WIPRO.NS,IT,643.03,2323692
2024-11-19,WIPRO.NS,IT,650.19,2781726
2024-11-20,WIPRO.NS,IT,637.23,2120173
2024-11-21,WIPRO.NS,IT,643.54,10164394
2024-11-22,WIPRO.NS,IT,636.95,2414829
2024-11-25,WIPRO.NS,IT,632.31,5439970
2024-11-26,WIPRO.NS,IT,629.51,3063894
2024-11-27,WIPRO.NS,IT,627.69,1737127
2024-11-28,WIPRO.NS,IT,621.31,4379865
2024-11-29,WIPRO.NS,IT,614.19,9850918
2024-12-02,WIPRO.NS,IT,603.74,3039282
2024-12-03,WIPRO.NS,IT,595.51,7613885
2024-12-04,WIPRO.NS,IT,589.68,7955517
2024-12-05,WIPRO.NS,IT,592.29,2741142
2024-12-06,WIPRO.NS,IT,576.17,2181415
2024-12-09,WIPRO.NS,IT,567.59,3034226
2024-12-10,WIPRO.NS,IT,576.23,5847333
2024-12-11,WIPRO.NS,IT,580.67,1971069
2024-12-12,WIPRO.NS,IT,575.1,4747636
2024-12-13,WIPRO.NS,IT,568.26,4130869
2024-12-16,WIPRO.NS,IT,558.1,3171555
2024-12-17,WIPRO.NS,IT,559.46,3359547
2024-12-18,WIPRO.NS,IT,557.35,3746635
2024-12-19,WIPRO.NS,IT,549.69,4119453
2024-12-20,WIPRO.NS,IT,558.99,7092238
2024-12-23,WIPRO.NS,IT,559.95,3452537
2024-12-24,WIPRO.NS,IT,555.05,3860528
2024-12-26,WIPRO.NS,IT,551.39,4958727
2024-12-27,WIPRO.NS,IT,551.41,2823379
2024-12-30,WIPRO.NS,IT,541.71,7005113
2024-12-31,WIPRO.NS,IT,538.13,2982602
2025-01-01,WIPRO.NS,IT,543.45,4708487
2025-01-02,WIPRO.NS,IT,545.27,3639406
2025-01-03,WIPRO.NS,IT,537.7,3999233
2025-01-06,WIPRO.NS,IT,544.19,8039285
2025-01-07,WIPRO.NS,IT,541.45,4375556
2025-01-08,WIPRO.NS,IT,549.51,3124874
2025-01-09,WIPRO.NS,IT,565.99,2883693
2025-01-10,WIPRO.NS,IT,560.29,6213224
2025-01-13,WIPRO.NS,IT,556.1,4669024
2025-01-14,WIPRO.NS,IT,552.17,3342910
2025-01-15,WIPRO.NS,IT,557.61,5870517
2025-01-16,WIPRO.NS,IT,571.94,2993556
2025-01-17,WIPRO.NS,IT,573.39,2936339
2025-01-20,WIPRO.NS,IT,570.0,3793459
2025-01-21,WIPRO.NS,IT,565.08,3591972
2025-01-22,WIPRO.NS,IT,573.01,2156530
2025-01-23,WIPRO.NS,IT,573.12,3332209
2025-01-24,WIPRO.NS,IT,578.87,4855927
2025-01-27,WIPRO.NS,IT,579.99,3488402
2025-01-28,WIPRO.NS,IT,566.58,3938271
2025-01-29,WIPRO.NS,IT,554.86,2788643
2025-01-30,WIPRO.NS,IT,559.62,4405231
2025-01-31,WIPRO.NS,IT,554.37,4738323
2025-02-03,WIPRO.NS,IT,548.09,6525289
2025-02-04,WIPRO.NS,IT,553.67,3564918
2025-02-05,WIPRO.NS,IT,557.92,3644266
2025-02-06,WIPRO.NS,IT,560.18,4983380
2025-02-07,WIPRO.NS,IT,575.75,3782582
2025-02-10,WIPRO.NS,IT,584.46,4976566
2025-02-11,WIPRO.NS,IT,596.52,5155311
2025-02-12,WIPRO.NS,IT,611.68,2745563
2025-02-13,WIPRO.NS,IT,608.9,2700363
2025-02-14,WIPRO.NS,IT,611.77,3257646
2025-02-17,WIPRO.NS,IT,608.91,2184513
2025-02-18,WIPRO.NS,IT,620.79,7645312
2025-02-19,WIPRO.NS,IT,619.5,2555429
2025-02-20,WIPRO.NS,IT,612.62,5979784
2025-02-21,WIPRO.NS,IT,603.99,2783799
2025-02-24,WIPRO.NS,IT,595.19,5821956
2025-02-25,WIPRO.NS,IT,605.35,6042681
2025-02-26,WIPRO.NS,IT,610.48,2175791
2025-02-27,WIPRO.NS,IT,600.2,3840138
2025-02-28,WIPRO.NS,IT,609.0,7262942
2025-03-03,WIPRO.NS,IT,620.06,4137952
2025-03-04,WIPRO.NS,IT,631.04,5477132
2025-03-05,WIPRO.NS,IT,638.82,4374836
2025-03-06,WIPRO.NS,IT,640.79,5450510
2025-03-07,WIPRO.NS,IT,635.83,6218262
2025-03-10,WIPRO.NS,IT,623.36,3743579
2025-03-11,WIPRO.NS,IT,634.48,3999303
2025-03-12,WIPRO.NS,IT,644.87,3578969
2025-03-13,WIPRO.NS,IT,631.26,2588881
2025-03-14,WIPRO.NS,IT,620.87,5105896
2025-03-17,WIPRO.NS,IT,620.39,4107633
2025-03-18,WIPRO.NS,IT,612.56,6205526
2025-03-19,WIPRO.NS,IT,603.63,7890241
2025-03-20,WIPRO.NS,IT,608.02,3308607
2025-03-21,WIPRO.NS,IT,593.16,3456628
2025-03-24,WIPRO.NS,IT,601.71,3215233
2025-03-25,WIPRO.NS,IT,597.8,6633404
2025-03-26,WIPRO.NS,IT,617.33,2468611
2025-03-27,WIPRO.NS,IT,623.7,4503205
2025-03-28,WIPRO.NS,IT,615.59,2374377
2025-03-31,WIPRO.NS,IT,620.47,6685366
2025-04-01,WIPRO.NS,IT,631.42,5153241
2025-04-02,WIPRO.NS,IT,632.43,3201208
2025-04-03,WIPRO.NS,IT,637.14,7499847
2025-04-04,WIPRO.NS,IT,626.22,3019728
2025-04-07,WIPRO.NS,IT,634.38,4167483
2025-04-08,WIPRO.NS,IT,634.42,1846867
2025-04-09,WIPRO.NS,IT,636.2,4972577
2025-04-10,WIPRO.NS,IT,636.81,3526326
2025-04-11,WIPRO.NS,IT,645.85,3692027
2025-04-15,WIPRO.NS,IT,649.68,2849139
2025-04-16,WIPRO.NS,IT,659.15,2714686
2025-04-17,WIPRO.NS,IT,656.45,3297143
2025-04-18,WIPRO.NS,IT,663.89,6268219
2025-04-21,WIPRO.NS,IT,657.7,4607379
2025-04-22,WIPRO.NS,IT,657.33,2945978
2025-04-23,WIPRO.NS,IT,669.22,1833266
2025-04-24,WIPRO.NS,IT,661.92,7932444
2025-04-25,WIPRO.NS,IT,670.85,1680088
2025-04-28,WIPRO.NS,IT,661.02,5932943
2025-04-29,WIPRO.NS,IT,655.82,4747154
2025-04-30,WIPRO.NS,IT,657.12,3724726
2025-05-02,WIPRO.NS,IT,673.26,3265844
2025-05-05,WIPRO.NS,IT,667.15,5219929
2025-05-06,WIPRO.NS,IT,662.31,5855477
2025-05-07,WIPRO.NS,IT,649.33,5873885
2025-05-08,WIPRO.NS,IT,661.53,5898179
2025-05-09,WIPRO.NS,IT,665.61,2353523
2025-05-12,WIPRO.NS,IT,677.56,3146259
2025-05-13,WIPRO.NS,IT,675.98,3199419
2025-05-14,WIPRO.NS,IT,667.54,4075054
2025-05-15,WIPRO.NS,IT,669.7,4411202
2025-05-16,WIPRO.NS,IT,657.67,5809774
2025-05-19,WIPRO.NS,IT,658.28,3955565
2025-05-20,WIPRO.NS,IT,644.07,5251690
2025-05-21,WIPRO.NS,IT,667.26,3529080
2025-05-22,WIPRO.NS,IT,687.17,8208445
2025-05-23,WIPRO.NS,IT,694.82,3197225
2025-05-26,WIPRO.NS,IT,715.59,3178206
2025-05-27,WIPRO.NS,IT,707.54,4386383
2025-05-28,WIPRO.NS,IT,719.24,5993408
2025-05-29,WIPRO.NS,IT,712.36,3048412
2025-05-30,WIPRO.NS,IT,720.64,3605708
2025-06-02,WIPRO.NS,IT,726.82,3521455
2025-06-03,WIPRO.NS,IT,717.06,2788143
2025-06-04,WIPRO.NS,IT,716.56,3296870
2025-06-05,WIPRO.NS,IT,724.86,3146418
2025-06-06,WIPRO.NS,IT,721.31,6368940
2025-06-09,WIPRO.NS,IT,732.05,4235703
2025-06-10,WIPRO.NS,IT,721.72,3352799
2025-06-11,WIPRO.NS,IT,714.05,7693854
2025-06-12,WIPRO.NS,IT,693.02,7548073
2025-06-13,WIPRO.NS,IT,692.87,7308495
2025-06-16,WIPRO.NS,IT,700.55,3419153
2025-06-17,WIPRO.NS,IT,706.53,5742001
2025-06-18,WIPRO.NS,IT,716.81,8469408
2025-06-19,WIPRO.NS,IT,714.85,3484785
2025-06-20,WIPRO.NS,IT,705.88,3707772
2025-06-23,WIPRO.NS,IT,715.37,3432390
2025-06-24,WIPRO.NS,IT,702.59,4315692
2025-06-25,WIPRO.NS,IT,698.73,7570418
2025-06-26,WIPRO.NS,IT,703.73,4090715
2025-06-27,WIPRO.NS,IT,705.99,3283370
2025-06-30,WIPRO.NS,IT,708.69,3862043
2025-07-01,WIPRO.NS,IT,680.53,6045900
2025-07-02,WIPRO.NS,IT,687.08,1483902
2025-07-03,WIPRO.NS,IT,690.24,4574884
2025-07-04,WIPRO.NS,IT,705.73,3690881
2025-07-07,WIPRO.NS,IT,702.96,3181854
2025-07-08,WIPRO.NS,IT,681.24,2159132
2025-07-09,WIPRO.NS,IT,678.22,4956331
2025-07-10,WIPRO.NS,IT,678.44,3603279
2025-07-11,WIPRO.NS,IT,696.15,4685882
2025-07-14,WIPRO.NS,IT,698.37,2690084
2025-07-15,WIPRO.NS,IT,695.55,2053202
2025-07-16,WIPRO.NS,IT,693.08,2603003
2025-07-17,WIPRO.NS,IT,719.44,3691480
2025-07-18,WIPRO.NS,IT,716.25,2114576
2025-07-21,WIPRO.NS,IT,710.18,4199738
2025-07-22,WIPRO.NS,IT,728.42,7155600
2025-07-23,WIPRO.NS,IT,722.67,1668327
2025-07-24,WIPRO.NS,IT,717.71,3113458
2025-07-25,WIPRO.NS,IT,713.64,3757056
2025-07-28,WIPRO.NS,IT,700.8,3730781
2025-07-29,WIPRO.NS,IT,712.95,6316344
2025-07-30,WIPRO.NS,IT,706.5,3438183
2025-07-31,WIPRO.NS,IT,702.78,3603081
2025-08-01,WIPRO.NS,IT,700.79,3511284
2025-08-04,WIPRO.NS,IT,712.53,4725005
2025-08-05,WIPRO.NS,IT,724.05,7101631
2025-08-06,WIPRO.NS,IT,717.05,3995993
2025-08-07,WIPRO.NS,IT,711.62,6824575
2025-08-08,WIPRO.NS,IT,711.55,4127255
2025-08-11,WIPRO.NS,IT,708.18,2565581
2025-08-12,WIPRO.NS,IT,689.86,5895544
2025-08-13,WIPRO.NS,IT,703.37,3961723
2025-08-14,WIPRO.NS,IT,693.5,6586831
2025-08-18,WIPRO.NS,IT,678.61,5328906
2025-08-19,WIPRO.NS,IT,678.74,5533388
2025-08-20,WIPRO.NS,IT,687.84,3057329
2025-08-21,WIPRO.NS,IT,685.04,2851750
2025-08-22,WIPRO.NS,IT,706.11,3937636
2025-08-25,WIPRO.NS,IT,688.95,2483206
2025-08-26,WIPRO.NS,IT,676.18,2734594
2025-08-27,WIPRO.NS,IT,670.91,3069803
2025-08-28,WIPRO.NS,IT,669.09,2599370
2025-08-29,WIPRO.NS,IT,677.96,3844194
2025-09-01,WIPRO.NS,IT,683.02,4022856
2025-09-02,WIPRO.NS,IT,678.76,3320589
2025-09-03,WIPRO.NS,IT,672.72,2579343
2025-09-04,WIPRO.NS,IT,682.6,2984513
2025-09-05,WIPRO.NS,IT,671.74,4323684
2025-09-08,WIPRO.NS,IT,669.54,3660398
2025-09-09,WIPRO.NS,IT,679.67,4135593
2025-09-10,WIPRO.NS,IT,703.1,2918236
2025-09-11,WIPRO.NS,IT,727.48,4618529
2025-09-12,WIPRO.NS,IT,728.45,5244162
2025-09-15,WIPRO.NS,IT,714.11,2525113
2025-09-16,WIPRO.NS,IT,707.63,3400085
2025-09-17,WIPRO.NS,IT,703.35,2234642
2025-09-18,WIPRO.NS,IT,704.34,5321188
2025-09-19,WIPRO.NS,IT,703.58,8693060
2025-09-22,WIPRO.NS,IT,710.68,5474661
2025-09-23,WIPRO.NS,IT,694.94,3790478
2025-09-24,WIPRO.NS,IT,692.02,4217613
2025-09-25,WIPRO.NS,IT,681.95,4873517
2025-09-26,WIPRO.NS,IT,686.14,2564396
2025-09-29,WIPRO.NS,IT,693.13,4067892
2025-09-30,WIPRO.NS,IT,680.23,3957322
2025-10-01,WIPRO.NS,IT,685.24,3688664
2025-10-03,WIPRO.NS,IT,683.85,3438436
2025-10-06,WIPRO.NS,IT,674.27,4115201
2025-10-07,WIPRO.NS,IT,668.35,2804581
2025-10-08,WIPRO.NS,IT,667.48,3064691
2025-10-09,WIPRO.NS,IT,674.38,4393979
2025-10-10,WIPRO.NS,IT,682.2,3928535
2025-10-13,WIPRO.NS,IT,697.08,4009907
2025-10-14,WIPRO.NS,IT,705.19,5602002
2025-10-15,WIPRO.NS,IT,719.74,3847597
2025-10-16,WIPRO.NS,IT,706.09,3704484
2025-10-17,WIPRO.NS,IT,719.1,5012508
2025-10-20,WIPRO.NS,IT,723.89,7404489
2025-10-22,WIPRO.NS,IT,718.14,3385023
2025-10-23,WIPRO.NS,IT,732.44,4677625
2025-10-24,WIPRO.NS,IT,743.02,3644741
2025-10-27,WIPRO.NS,IT,738.55,2863758
2025-10-28,WIPRO.NS,IT,742.77,3956705
2025-10-29,WIPRO.NS,IT,739.35,4938193
2025-10-30,WIPRO.NS,IT,740.02,2979811
2025-10-31,WIPRO.NS,IT,740.58,5899883
2025-11-03,WIPRO.NS,IT,763.97,3479624
2025-11-04,WIPRO.NS,IT,753.93,3416522
2025-11-05,WIPRO.NS,IT,754.64,5188108
2025-11-06,WIPRO.NS,IT,764.92,4384830
2025-11-07,WIPRO.NS,IT,772.24,3088679
2025-11-10,WIPRO.NS,IT,786.74,2525789
2025-11-11,WIPRO.NS,IT,790.72,7272782
2025-11-12,WIPRO.NS,IT,770.48,4244583
2025-11-13,WIPRO.NS,IT,782.06,7688740
2025-11-14,WIPRO.NS,IT,805.92,3361976
2025-11-17,WIPRO.NS,IT,810.27,4485619
2025-11-18,WIPRO.NS,IT,812.29,2593649
2025-11-19,WIPRO.NS,IT,819.57,2807007
2025-11-20,WIPRO.NS,IT,818.6,3433356
2025-11-21,WIPRO.NS,IT,825.77,7148601
2025-11-24,WIPRO.NS,IT,817.4,4330887
2025-11-25,WIPRO.NS,IT,809.73,5842671
2025-11-26,WIPRO.NS,IT,796.74,8120200
2025-11-27,WIPRO.NS,IT,786.6,5570972
2025-11-28,WIPRO.NS,IT,782.29,5487119
2025-12-01,WIPRO.NS,IT,780.18,4182738
2025-12-02,WIPRO.NS,IT,775.24,6629579
2025-12-03,WIPRO.NS,IT,774.23,4536176
2025-12-04,WIPRO.NS,IT,777.46,5948033
2025-12-05,WIPRO.NS,IT,775.28,3568227
2025-12-08,WIPRO.NS,IT,762.8,5092426
2025-12-09,WIPRO.NS,IT,754.97,4639226
2025-12-10,WIPRO.NS,IT,754.18,3568233
2025-12-11,WIPRO.NS,IT,751.04,2440304
2025-12-12,WIPRO.NS,IT,734.0,4471630
2025-12-15,WIPRO.NS,IT,715.08,4680738
2025-12-16,WIPRO.NS,IT,714.37,2814286
2025-12-17,WIPRO.NS,IT,709.93,4206720
2025-12-18,WIPRO.NS,IT,709.68,4433099
2025-12-19,WIPRO.NS,IT,719.79,5892404
2025-12-22,WIPRO.NS,IT,723.93,4452895
2025-12-23,WIPRO.NS,IT,697.66,5108627
2025-12-24,WIPRO.NS,IT,694.79,3794716
2025-12-26,WIPRO.NS,IT,706.83,3583880
2025-12-29,WIPRO.NS,IT,700.54,3808979
2025-12-30,WIPRO.NS,IT,692.62,3411927
2025-12-31,WIPRO.NS,IT,697.6,3674150
2022-01-03,NESTLEIND.NS,FMCG,2210.03,5296354
2022-01-04,NESTLEIND.NS,FMCG,2210.66,2696203
2022-01-05,NESTLEIND.NS,FMCG,2201.24,2755445
2022-01-06,NESTLEIND.NS,FMCG,2197.79,5409192
2022-01-07,NESTLEIND.NS,FMCG,2236.8,2577313
2022-01-10,NESTLEIND.NS,FMCG,2273.93,6600481
2022-01-11,NESTLEIND.NS,FMCG,2291.31,5365430
2022-01-12,NESTLEIND.NS,FMCG,2336.4,3140253
2022-01-13,NESTLEIND.NS,FMCG,2352.62,6888209
2022-01-14,NESTLEIND.NS,FMCG,2344.05,4830935
2022-01-17,NESTLEIND.NS,FMCG,2341.52,3722937
2022-01-18,NESTLEIND.NS,FMCG,2335.6,4128035
2022-01-19,NESTLEIND.NS,FMCG,2319.59,2030322
2022-01-20,NESTLEIND.NS,FMCG,2298.07,2503410
2022-01-21,NESTLEIND.NS,FMCG,2292.02,5238091
2022-01-24,NESTLEIND.NS,FMCG,2266.7,4314327
2022-01-25,NESTLEIND.NS,FMCG,2265.14,6669016
2022-01-27,NESTLEIND.NS,FMCG,2237.89,4589652
2022-01-28,NESTLEIND.NS,FMCG,2209.78,2627449
2022-01-31,NESTLEIND.NS,FMCG,2226.1,2782725
2022-02-01,NESTLEIND.NS,FMCG,2253.73,3000062
2022-02-02,NESTLEIND.NS,FMCG,2253.84,3256188
2022-02-03,NESTLEIND.NS,FMCG,2220.04,4216659
2022-02-04,NESTLEIND.NS,FMCG,2207.94,6054932
2022-02-07,NESTLEIND.NS,FMCG,2215.72,4974688
2022-02-08,NESTLEIND.NS,FMCG,2232.87,6211730
2022-02-09,NESTLEIND.NS,FMCG,2282.27,4601546
2022-02-10,NESTLEIND.NS,FMCG,2287.71,3447784
2022-02-11,NESTLEIND.NS,FMCG,2276.14,2457955
2022-02-14,NESTLEIND.NS,FMCG,2277.25,4979943
2022-02-15,NESTLEIND.NS,FMCG,2275.75,3863176
2022-02-16,NESTLEIND.NS,FMCG,2266.97,5269590
2022-02-17,NESTLEIND.NS,FMCG,2281.53,3232151
2022-02-18,NESTLEIND.NS,FMCG,2290.75,7073334
2022-02-21,NESTLEIND.NS,FMCG,2287.77,7084233
2022-02-22,NESTLEIND.NS,FMCG,2259.88,2942492
2022-02-23,NESTLEIND.NS,FMCG,2197.98,4480200
2022-02-24,NESTLEIND.NS,FMCG,2185.0,2304820
2022-02-25,NESTLEIND.NS,FMCG,2188.09,2996379
2022-02-28,NESTLEIND.NS,FMCG,2186.48,2940969
2022-03-01,NESTLEIND.NS,FMCG,2175.68,3232330
2022-03-02,NESTLEIND.NS,FMCG,2185.88,3629756
2022-03-03,NESTLEIND.NS,FMCG,2148.47,3041521
2022-03-04,NESTLEIND.NS,FMCG,2147.28,4213135
2022-03-07,NESTLEIND.NS,FMCG,2090.3,2336951
2022-03-09,NESTLEIND.NS,FMCG,2080.88,5651858
2022-03-10,NESTLEIND.NS,FMCG,2053.26,2752464
2022-03-11,NESTLEIND.NS,FMCG,2078.81,3779553
2022-03-14,NESTLEIND.NS,FMCG,2068.92,3441139
2022-03-15,NESTLEIND.NS,FMCG,2097.51,5723473
2022-03-16,NESTLEIND.NS,FMCG,2088.17,3559412
2022-03-17,NESTLEIND.NS,FMCG,2106.4,6651908
2022-03-18,NESTLEIND.NS,FMCG,2059.23,4525826
2022-03-21,NESTLEIND.NS,FMCG,2045.77,2878120
2022-03-22,NESTLEIND.NS,FMCG,2063.11,3705786
2022-03-23,NESTLEIND.NS,FMCG,2046.14,3931574
2022-03-24,NESTLEIND.NS,FMCG,2059.7,5163107
2022-03-25,NESTLEIND.NS,FMCG,2058.84,4235431
2022-03-28,NESTLEIND.NS,FMCG,2066.72,3694578
2022-03-29,NESTLEIND.NS,FMCG,2072.55,3055468
2022-03-30,NESTLEIND.NS,FMCG,2106.88,4719254
2022-03-31,NESTLEIND.NS,FMCG,2118.61,3528517
2022-04-01,NESTLEIND.NS,FMCG,2147.15,3101965
2022-04-04,NESTLEIND.NS,FMCG,2140.75,2785687
2022-04-05,NESTLEIND.NS,FMCG,2118.63,5716918
2022-04-06,NESTLEIND.NS,FMCG,2125.22,2373864
2022-04-07,NESTLEIND.NS,FMCG,2109.5,4723567
2022-04-08,NESTLEIND.NS,FMCG,2127.32,4022523
2022-04-11,NESTLEIND.NS,FMCG,2165.99,3297528
2022-04-12,NESTLEIND.NS,FMCG,2142.4,3106581
2022-04-13,NESTLEIND.NS,FMCG,2131.9,4018392
2022-04-15,NESTLEIND.NS,FMCG,2147.4,3308101
2022-04-18,NESTLEIND.NS,FMCG,2167.49,3262743
2022-04-19,NESTLEIND.NS,FMCG,2169.93,5654037
2022-04-20,NESTLEIND.NS,FMCG,2202.86,3783132
2022-04-21,NESTLEIND.NS,FMCG,2213.19,4003225
2022-04-22,NESTLEIND.NS,FMCG,2194.94,3015439
2022-04-25,NESTLEIND.NS,FMCG,2180.76,5655599
2022-04-26,NESTLEIND.NS,FMCG,2144.11,6122809
2022-04-27,NESTLEIND.NS,FMCG,2115.92,4310154
2022-04-28,NESTLEIND.NS,FMCG,2112.53,6580057
2022-04-29,NESTLEIND.NS,FMCG,2120.47,3300814
2022-05-02,NESTLEIND.NS,FMCG,2110.37,5508223
2022-05-03,NESTLEIND.NS,FMCG,2124.52,3496335
2022-05-04,NESTLEIND.NS,FMCG,2100.63,3372703
2022-05-05,NESTLEIND.NS,FMCG,2097.0,6514121
2022-05-06,NESTLEIND.NS,FMCG,2136.79,3516697
2022-05-09,NESTLEIND.NS,FMCG,2136.39,2857462
2022-05-10,NESTLEIND.NS,FMCG,2145.05,2115535
2022-05-11,NESTLEIND.NS,FMCG,2154.7,4004277
2022-05-12,NESTLEIND.NS,FMCG,2115.61,2788004
2022-05-13,NESTLEIND.NS,FMCG,2100.82,7969602
2022-05-16,NESTLEIND.NS,FMCG,2051.37,7341499
2022-05-17,NESTLEIND.NS,FMCG,2066.85,1397555
2022-05-18,NESTLEIND.NS,FMCG,2085.73,7076715
2022-05-19,NESTLEIND.NS,FMCG,2083.4,3036925
2022-05-20,NESTLEIND.NS,FMCG,2113.37,6188699
2022-05-23,NESTLEIND.NS,FMCG,2123.64,5785022
2022-05-24,NESTLEIND.NS,FMCG,2103.93,6384908
2022-05-25,NESTLEIND.NS,FMCG,2075.87,7494864
2022-05-26,NESTLEIND.NS,FMCG,2065.14,2662498
2022-05-27,NESTLEIND.NS,FMCG,2048.4,2768750
2022-05-30,NESTLEIND.NS,FMCG,2028.56,5300706
2022-05-31,NESTLEIND.NS,FMCG,2049.63,4152972
2022-06-01,NESTLEIND.NS,FMCG,2071.69,5058705
2022-06-02,NESTLEIND.NS,FMCG,2106.78,3532549
2022-06-03,NESTLEIND.NS,FMCG,2103.95,5442697
2022-06-06,NESTLEIND.NS,FMCG,2118.36,2537075
2022-06-07,NESTLEIND.NS,FMCG,2137.45,7930178
2022-06-08,NESTLEIND.NS,FMCG,2107.41,9474724
2022-06-09,NESTLEIND.NS,FMCG,2122.88,2123361
2022-06-10,NESTLEIND.NS,FMCG,2103.78,6901584
2022-06-13,NESTLEIND.NS,FMCG,2132.18,2173984
2022-06-14,NESTLEIND.NS,FMCG,2102.52,4894753
2022-06-15,NESTLEIND.NS,FMCG,2079.1,2858960
2022-06-16,NESTLEIND.NS,FMCG,2050.28,4689725
2022-06-17,NESTLEIND.NS,FMCG,2065.59,2577816
2022-06-20,NESTLEIND.NS,FMCG,2099.64,4604308
2022-06-21,NESTLEIND.NS,FMCG,2124.4,3739208
2022-06-22,NESTLEIND.NS,FMCG,2119.44,3637895
2022-06-23,NESTLEIND.NS,FMCG,2074.51,4526276
2022-06-24,NESTLEIND.NS,FMCG,2071.87,2196372
2022-06-27,NESTLEIND.NS,FMCG,2081.28,4959290
2022-06-28,NESTLEIND.NS,FMCG,2067.46,3578152
2022-06-29,NESTLEIND.NS,FMCG,2016.14,2321616
2022-06-30,NESTLEIND.NS,FMCG,2061.55,5064822
2022-07-01,NESTLEIND.NS,FMCG,2072.6,3211423
2022-07-04,NESTLEIND.NS,FMCG,2068.29,3918989
2022-07-05,NESTLEIND.NS,FMCG,2060.17,4476920
2022-07-06,NESTLEIND.NS,FMCG,2077.24,3897908
2022-07-07,NESTLEIND.NS,FMCG,2059.07,3947416
2022-07-08,NESTLEIND.NS,FMCG,2052.37,4906649
2022-07-11,NESTLEIND.NS,FMCG,2064.49,3625720
2022-07-12,NESTLEIND.NS,FMCG,2050.08,5711533
2022-07-13,NESTLEIND.NS,FMCG,2022.39,5965156
2022-07-14,NESTLEIND.NS,FMCG,1989.28,3253255
2022-07-15,NESTLEIND.NS,FMCG,1990.07,3281941
2022-07-18,NESTLEIND.NS,FMCG,1984.8,4970191
2022-07-19,NESTLEIND.NS,FMCG,1964.27,7174813
2022-07-20,NESTLEIND.NS,FMCG,1979.09,5862203
2022-07-21,NESTLEIND.NS,FMCG,1969.67,2915697
2022-07-22,NESTLEIND.NS,FMCG,1968.73,3605476
2022-07-25,NESTLEIND.NS,FMCG,1971.83,2999458
2022-07-26,NESTLEIND.NS,FMCG,1965.36,6677177
2022-07-27,NESTLEIND.NS,FMCG,1934.84,4631250
2022-07-28,NESTLEIND.NS,FMCG,1908.47,2811933
2022-07-29,NESTLEIND.NS,FMCG,1904.3,3425914
2022-08-01,NESTLEIND.NS,FMCG,1950.71,2869241
2022-08-02,NESTLEIND.NS,FMCG,1949.69,3471424
2022-08-03,NESTLEIND.NS,FMCG,1898.78,4868407
2022-08-04,NESTLEIND.NS,FMCG,1888.48,3214167
2022-08-05,NESTLEIND.NS,FMCG,1903.91,4124961
2022-08-08,NESTLEIND.NS,FMCG,1905.57,4450201
2022-08-09,NESTLEIND.NS,FMCG,1911.19,2046213
2022-08-10,NESTLEIND.NS,FMCG,1906.97,2199310
2022-08-11,NESTLEIND.NS,FMCG,1891.28,3376263
2022-08-12,NESTLEIND.NS,FMCG,1913.89,2922971
2022-08-16,NESTLEIND.NS,FMCG,1920.42,4611734
2022-08-17,NESTLEIND.NS,FMCG,1968.55,3536111
2022-08-18,NESTLEIND.NS,FMCG,1990.28,5131634
2022-08-19,NESTLEIND.NS,FMCG,2000.75,4757085
2022-08-22,NESTLEIND.NS,FMCG,2003.22,5397258
2022-08-23,NESTLEIND.NS,FMCG,2028.16,3319056
2022-08-24,NESTLEIND.NS,FMCG,2035.26,3696399
2022-08-25,NESTLEIND.NS,FMCG,2015.89,8062442
2022-08-26,NESTLEIND.NS,FMCG,2024.54,2766905
2022-08-29,NESTLEIND.NS,FMCG,1994.64,5044877
2022-08-30,NESTLEIND.NS,FMCG,1988.22,5688239
2022-08-31,NESTLEIND.NS,FMCG,1971.66,4713685
2022-09-01,NESTLEIND.NS,FMCG,1969.35,5460773
2022-09-02,NESTLEIND.NS,FMCG,1977.75,3993091
2022-09-05,NESTLEIND.NS,FMCG,2017.11,4728173
2022-09-06,NESTLEIND.NS,FMCG,2016.82,4316151
2022-09-07,NESTLEIND.NS,FMCG,2038.86,2439015
2022-09-08,NESTLEIND.NS,FMCG,1997.01,3699813
2022-09-09,NESTLEIND.NS,FMCG,2001.35,2345959
2022-09-12,NESTLEIND.NS,FMCG,2007.77,4982091
2022-09-13,NESTLEIND.NS,FMCG,1992.9,4317016
2022-09-14,NESTLEIND.NS,FMCG,1993.19,5573768
2022-09-15,NESTLEIND.NS,FMCG,1987.18,2681205
2022-09-16,NESTLEIND.NS,FMCG,1975.54,4133226
2022-09-19,NESTLEIND.NS,FMCG,1998.74,4182666
2022-09-20,NESTLEIND.NS,FMCG,1993.42,8073473
2022-09-21,NESTLEIND.NS,FMCG,1966.15,3730857
2022-09-22,NESTLEIND.NS,FMCG,1987.26,3292553
2022-09-23,NESTLEIND.NS,FMCG,1981.96,4037740
2022-09-26,NESTLEIND.NS,FMCG,1990.86,7117476
2022-09-27,NESTLEIND.NS,FMCG,1994.9,5391340
2022-09-28,NESTLEIND.NS,FMCG,2012.31,5017583
2022-09-29,NESTLEIND.NS,FMCG,1996.42,3679913
2022-09-30,NESTLEIND.NS,FMCG,1991.72,3696481
2022-10-03,NESTLEIND.NS,FMCG,1990.21,6730285
2022-10-04,NESTLEIND.NS,FMCG,1993.04,3448169
2022-10-05,NESTLEIND.NS,FMCG,2023.92,3354347
2022-10-06,NESTLEIND.NS,FMCG,2023.63,2218496
2022-10-07,NESTLEIND.NS,FMCG,2012.03,2314975
2022-10-10,NESTLEIND.NS,FMCG,2008.23,5944638
2022-10-11,NESTLEIND.NS,FMCG,2028.53,1964877
2022-10-12,NESTLEIND.NS,FMCG,2034.47,7015560
2022-10-13,NESTLEIND.NS,FMCG,2049.48,3650832
2022-10-14,NESTLEIND.NS,FMCG,2050.14,4542523
2022-10-17,NESTLEIND.NS,FMCG,2044.38,5790236
2022-10-18,NESTLEIND.NS,FMCG,2029.04,3233622
2022-10-19,NESTLEIND.NS,FMCG,2049.79,4923947
2022-10-20,NESTLEIND.NS,FMCG,2029.02,2790555
2022-10-21,NESTLEIND.NS,FMCG,2046.05,3190498
2022-10-25,NESTLEIND.NS,FMCG,2047.92,4653712
2022-10-26,NESTLEIND.NS,FMCG,2047.08,4619495
2022-10-27,NESTLEIND.NS,FMCG,2007.44,4530767
2022-10-28,NESTLEIND.NS,FMCG,2026.15,6696410
2022-10-31,NESTLEIND.NS,FMCG,2064.85,3886410
2022-11-01,NESTLEIND.NS,FMCG,2038.2,7009892
2022-11-02,NESTLEIND.NS,FMCG,2044.22,4077975
2022-11-03,NESTLEIND.NS,FMCG,2041.07,4931305
2022-11-04,NESTLEIND.NS,FMCG,2051.76,5160393
2022-11-07,NESTLEIND.NS,FMCG,2057.55,3345856
2022-11-08,NESTLEIND.NS,FMCG,2054.21,4297678
2022-11-09,NESTLEIND.NS,FMCG,2041.45,2401591
2022-11-10,NESTLEIND.NS,FMCG,2067.73,4146992
2022-11-11,NESTLEIND.NS,FMCG,2028.64,4091999
2022-11-14,NESTLEIND.NS,FMCG,2050.56,4819663
2022-11-15,NESTLEIND.NS,FMCG,2086.24,3823467
2022-11-16,NESTLEIND.NS,FMCG,2093.15,7457721
2022-11-17,NESTLEIND.NS,FMCG,2128.43,2203480
2022-11-18,NESTLEIND.NS,FMCG,2128.81,2646457
2022-11-21,NESTLEIND.NS,FMCG,2110.55,2856376
2022-11-22,NESTLEIND.NS,FMCG,2099.35,3937087
2022-11-23,NESTLEIND.NS,FMCG,2123.78,3039537
2022-11-24,NESTLEIND.NS,FMCG,2119.65,2649645
2022-11-25,NESTLEIND.NS,FMCG,2153.82,3346518
2022-11-28,NESTLEIND.NS,FMCG,2127.62,2384519
2022-11-29,NESTLEIND.NS,FMCG,2182.13,4534304
2022-11-30,NESTLEIND.NS,FMCG,2168.93,4445189
2022-12-01,NESTLEIND.NS,FMCG,2150.34,2560886
2022-12-02,NESTLEIND.NS,FMCG,2166.45,5415829
2022-12-05,NESTLEIND.NS,FMCG,2142.05,2503055
2022-12-06,NESTLEIND.NS,FMCG,2129.16,3305713
2022-12-07,NESTLEIND.NS,FMCG,2167.3,4321083
2022-12-08,NESTLEIND.NS,FMCG,2221.11,4085252
2022-12-09,NESTLEIND.NS,FMCG,2208.87,2310490
2022-12-12,NESTLEIND.NS,FMCG,2226.35,4666270
2022-12-13,NESTLEIND.NS,FMCG,2245.78,3926891
2022-12-14,NESTLEIND.NS,FMCG,2261.13,7748929
2022-12-15,NESTLEIND.NS,FMCG,2269.24,4917191
2022-12-16,NESTLEIND.NS,FMCG,2273.46,6680616
2022-12-19,NESTLEIND.NS,FMCG,2264.95,2870861
2022-12-20,NESTLEIND.NS,FMCG,2229.05,2298570
2022-12-21,NESTLEIND.NS,FMCG,2186.12,6349884
2022-12-22,NESTLEIND.NS,FMCG,2220.9,4510202
2022-12-23,NESTLEIND.NS,FMCG,2222.13,7571088
2022-12-26,NESTLEIND.NS,FMCG,2237.04,5918549
2022-12-27,NESTLEIND.NS,FMCG,2236.98,5802963
2022-12-28,NESTLEIND.NS,FMCG,2187.44,4683451
2022-12-29,NESTLEIND.NS,FMCG,2217.11,2958527
2022-12-30,NESTLEIND.NS,FMCG,2242.32,2802882
2023-01-02,NESTLEIND.NS,FMCG,2238.52,1964398
2023-01-03,NESTLEIND.NS,FMCG,2247.88,3324208
2023-01-04,NESTLEIND.NS,FMCG,2242.82,3978315
2023-01-05,NESTLEIND.NS,FMCG,2253.27,3854830
2023-01-06,NESTLEIND.NS,FMCG,2238.69,4015913
2023-01-09,NESTLEIND.NS,FMCG,2189.7,1895557
2023-01-10,NESTLEIND.NS,FMCG,2174.9,4279090
2023-01-11,NESTLEIND.NS,FMCG,2191.93,6818006
2023-01-12,NESTLEIND.NS,FMCG,2207.87,3022032
2023-01-13,NESTLEIND.NS,FMCG,2258.49,2416858
2023-01-16,NESTLEIND.NS,FMCG,2244.08,2301635
2023-01-17,NESTLEIND.NS,FMCG,2213.87,3199663
2023-01-18,NESTLEIND.NS,FMCG,2242.54,3499701
2023-01-19,NESTLEIND.NS,FMCG,2261.03,4262901
2023-01-20,NESTLEIND.NS,FMCG,2255.5,5223771
2023-01-23,NESTLEIND.NS,FMCG,2271.7,2844525
2023-01-24,NESTLEIND.NS,FMCG,2286.94,3326021
2023-01-25,NESTLEIND.NS,FMCG,2258.05,2245445
2023-01-27,NESTLEIND.NS,FMCG,2269.21,4865645
2023-01-30,NESTLEIND.NS,FMCG,2245.89,3475704
2023-01-31,NESTLEIND.NS,FMCG,2215.76,3662504
2023-02-01,NESTLEIND.NS,FMCG,2227.58,6284455
2023-02-02,NESTLEIND.NS,FMCG,2236.89,4126446
2023-02-03,NESTLEIND.NS,FMCG,2253.65,7192327
2023-02-06,NESTLEIND.NS,FMCG,2250.52,5164072
2023-02-07,NESTLEIND.NS,FMCG,2254.32,3422157
2023-02-08,NESTLEIND.NS,FMCG,2260.78,2690252
2023-02-09,NESTLEIND.NS,FMCG,2253.81,3760148
2023-02-10,NESTLEIND.NS,FMCG,2264.78,5681864
2023-02-13,NESTLEIND.NS,FMCG,2241.05,2444757
2023-02-14,NESTLEIND.NS,FMCG,2287.12,3217216
2023-02-15,NESTLEIND.NS,FMCG,2297.32,2972957
2023-02-16,NESTLEIND.NS,FMCG,2322.73,3431210
2023-02-17,NESTLEIND.NS,FMCG,2297.78,4573220
2023-02-20,NESTLEIND.NS,FMCG,2308.89,4265826
2023-02-21,NESTLEIND.NS,FMCG,2296.32,4235930
2023-02-22,NESTLEIND.NS,FMCG,2245.91,2444343
2023-02-23,NESTLEIND.NS,FMCG,2235.06,5105987
2023-02-24,NESTLEIND.NS,FMCG,2197.83,5647971
2023-02-27,NESTLEIND.NS,FMCG,2228.95,3664425
2023-02-28,NESTLEIND.NS,FMCG,2266.18,2913432
2023-03-01,NESTLEIND.NS,FMCG,2269.55,5302891
2023-03-02,NESTLEIND.NS,FMCG,2237.58,6368035
2023-03-03,NESTLEIND.NS,FMCG,2200.77,4553322
2023-03-06,NESTLEIND.NS,FMCG,2168.15,3093811
2023-03-07,NESTLEIND.NS,FMCG,2140.69,2752042
2023-03-09,NESTLEIND.NS,FMCG,2133.06,4865226
2023-03-10,NESTLEIND.NS,FMCG,2150.18,2307936
2023-03-13,NESTLEIND.NS,FMCG,2168.92,2448582
2023-03-14,NESTLEIND.NS,FMCG,2171.15,4297685
2023-03-15,NESTLEIND.NS,FMCG,2161.93,6914146
2023-03-16,NESTLEIND.NS,FMCG,2178.39,5970267
2023-03-17,NESTLEIND.NS,FMCG,2171.87,4560446
2023-03-20,NESTLEIND.NS,FMCG,2171.28,1921749
2023-03-21,NESTLEIND.NS,FMCG,2147.9,1689674
2023-03-22,NESTLEIND.NS,FMCG,2173.45,3756962
2023-03-23,NESTLEIND.NS,FMCG,2194.01,7404599
2023-03-24,NESTLEIND.NS,FMCG,2182.03,2921931
2023-03-27,NESTLEIND.NS,FMCG,2184.01,5399677
2023-03-28,NESTLEIND.NS,FMCG,2214.3,4448612
2023-03-29,NESTLEIND.NS,FMCG,2200.75,3266278
2023-03-30,NESTLEIND.NS,FMCG,2203.54,3458122
2023-03-31,NESTLEIND.NS,FMCG,2224.63,2214783
2023-04-03,NESTLEIND.NS,FMCG,2247.63,4657032
2023-04-04,NESTLEIND.NS,FMCG,2275.25,3174855
2023-04-05,NESTLEIND.NS,FMCG,2246.08,5373702
2023-04-06,NESTLEIND.NS,FMCG,2233.84,3689841
2023-04-07,NESTLEIND.NS,FMCG,2245.71,3599421
2023-04-10,NESTLEIND.NS,FMCG,2259.61,1905035
2023-04-11,NESTLEIND.NS,FMCG,2226.38,4416559
2023-04-12,NESTLEIND.NS,FMCG,2252.98,4774380
2023-04-13,NESTLEIND.NS,FMCG,2256.66,6203288
2023-04-17,NESTLEIND.NS,FMCG,2231.88,2970642
2023-04-18,NESTLEIND.NS,FMCG,2232.97,4380834
2023-04-19,NESTLEIND.NS,FMCG,2231.49,4592406
2023-04-20,NESTLEIND.NS,FMCG,2223.26,2554308
2023-04-21,NESTLEIND.NS,FMCG,2250.87,3207022
2023-04-24,NESTLEIND.NS,FMCG,2297.24,2635643
2023-04-25,NESTLEIND.NS,FMCG,2297.79,2713970
2023-04-26,NESTLEIND.NS,FMCG,2294.0,3476193
2023-04-27,NESTLEIND.NS,FMCG,2269.84,3133604
2023-04-28,NESTLEIND.NS,FMCG,2278.16,3968921
2023-05-02,NESTLEIND.NS,FMCG,2257.86,4971791
2023-05-03,NESTLEIND.NS,FMCG,2263.7,4912405
2023-05-04,NESTLEIND.NS,FMCG,2250.15,5258248
2023-05-05,NESTLEIND.NS,FMCG,2276.55,3638302
2023-05-08,NESTLEIND.NS,FMCG,2290.6,3334163
2023-05-09,NESTLEIND.NS,FMCG,2321.92,2595092
2023-05-10,NESTLEIND.NS,FMCG,2351.33,5100565
2023-05-11,NESTLEIND.NS,FMCG,2370.31,5619411
2023-05-12,NESTLEIND.NS,FMCG,2350.96,6190607
2023-05-15,NESTLEIND.NS,FMCG,2352.54,4457046
2023-05-16,NESTLEIND.NS,FMCG,2380.36,3391015
2023-05-17,NESTLEIND.NS,FMCG,2362.41,2729849
2023-05-18,NESTLEIND.NS,FMCG,2399.95,2497593
2023-05-19,NESTLEIND.NS,FMCG,2410.77,2009626
2023-05-22,NESTLEIND.NS,FMCG,2421.71,5721985
2023-05-23,NESTLEIND.NS,FMCG,2436.65,4564581
2023-05-24,NESTLEIND.NS,FMCG,2435.66,9044288
2023-05-25,NESTLEIND.NS,FMCG,2420.45,3827892
2023-05-26,NESTLEIND.NS,FMCG,2450.95,4073619
2023-05-29,NESTLEIND.NS,FMCG,2461.57,4531887
2023-05-30,NESTLEIND.NS,FMCG,2455.84,4922830
2023-05-31,NESTLEIND.NS,FMCG,2432.8,3152229
2023-06-01,NESTLEIND.NS,FMCG,2467.67,3934687
2023-06-02,NESTLEIND.NS,FMCG,2487.3,5229921
2023-06-05,NESTLEIND.NS,FMCG,2487.22,6966309
2023-06-06,NESTLEIND.NS,FMCG,2510.42,2898603
2023-06-07,NESTLEIND.NS,FMCG,2566.75,4274619
2023-06-08,NESTLEIND.NS,FMCG,2541.1,4123323
2023-06-09,NESTLEIND.NS,FMCG,2572.77,3624253
2023-06-12,NESTLEIND.NS,FMCG,2547.92,5688444
2023-06-13,NESTLEIND.NS,FMCG,2552.33,8868695
2023-06-14,NESTLEIND.NS,FMCG,2540.0,4539074
2023-06-15,NESTLEIND.NS,FMCG,2576.0,3037652
2023-06-16,NESTLEIND.NS,FMCG,2575.39,2423981
2023-06-19,NESTLEIND.NS,FMCG,2560.5,3891236
2023-06-20,NESTLEIND.NS,FMCG,2526.6,5555437
2023-06-21,NESTLEIND.NS,FMCG,2537.44,3712926
2023-06-22,NESTLEIND.NS,FMCG,2509.89,4371957
2023-06-23,NESTLEIND.NS,FMCG,2502.04,7912857
2023-06-26,NESTLEIND.NS,FMCG,2547.51,5009647
2023-06-27,NESTLEIND.NS,FMCG,2523.27,4072744
2023-06-28,NESTLEIND.NS,FMCG,2509.98,2493595
2023-06-29,NESTLEIND.NS,FMCG,2520.53,5291490
2023-06-30,NESTLEIND.NS,FMCG,2523.44,4854205
2023-07-03,NESTLEIND.NS,FMCG,2519.38,5330573
2023-07-04,NESTLEIND.NS,FMCG,2533.61,2575351
2023-07-05,NESTLEIND.NS,FMCG,2545.99,3948864
2023-07-06,NESTLEIND.NS,FMCG,2539.48,4891613
2023-07-07,NESTLEIND.NS,FMCG,2547.59,2388977
2023-07-10,NESTLEIND.NS,FMCG,2510.25,4181970
2023-07-11,NESTLEIND.NS,FMCG,2479.61,5839666
2023-07-12,NESTLEIND.NS,FMCG,2466.07,3189517
2023-07-13,NESTLEIND.NS,FMCG,2520.1,5785068
2023-07-14,NESTLEIND.NS,FMCG,2489.79,4031393
2023-07-17,NESTLEIND.NS,FMCG,2495.18,4130113
2023-07-18,NESTLEIND.NS,FMCG,2478.53,5634669
2023-07-19,NESTLEIND.NS,FMCG,2540.88,3143956
2023-07-20,NESTLEIND.NS,FMCG,2510.39,2539554
2023-07-21,NESTLEIND.NS,FMCG,2502.4,3638345
2023-07-24,NESTLEIND.NS,FMCG,2503.02,4478636
2023-07-25,NESTLEIND.NS,FMCG,2498.4,4512963
2023-07-26,NESTLEIND.NS,FMCG,2495.3,4459313
2023-07-27,NESTLEIND.NS,FMCG,2522.42,3077150
2023-07-28,NESTLEIND.NS,FMCG,2501.03,4715489
2023-07-31,NESTLEIND.NS,FMCG,2539.02,3848640
2023-08-01,NESTLEIND.NS,FMCG,2599.63,6813104
2023-08-02,NESTLEIND.NS,FMCG,2581.69,5450796
2023-08-03,NESTLEIND.NS,FMCG,2573.57,4788444
2023-08-04,NESTLEIND.NS,FMCG,2561.87,3747303
2023-08-07,NESTLEIND.NS,FMCG,2589.52,3525077
2023-08-08,NESTLEIND.NS,FMCG,2610.77,3688449
2023-08-09,NESTLEIND.NS,FMCG,2637.86,4396497
2023-08-10,NESTLEIND.NS,FMCG,2639.52,5623614
2023-08-11,NESTLEIND.NS,FMCG,2642.27,2389893
2023-08-14,NESTLEIND.NS,FMCG,2688.71,3350432
2023-08-16,NESTLEIND.NS,FMCG,2690.89,6176640
2023-08-17,NESTLEIND.NS,FMCG,2691.87,3270356
2023-08-18,NESTLEIND.NS,FMCG,2687.98,2969297
2023-08-21,NESTLEIND.NS,FMCG,2720.23,5802431
2023-08-22,NESTLEIND.NS,FMCG,2698.26,4759088
2023-08-23,NESTLEIND.NS,FMCG,2709.63,4313729
2023-08-24,NESTLEIND.NS,FMCG,2750.0,4942900
2023-08-25,NESTLEIND.NS,FMCG,2712.09,3614621
2023-08-28,NESTLEIND.NS,FMCG,2711.95,4041166
2023-08-29,NESTLEIND.NS,FMCG,2716.8,4125490
2023-08-30,NESTLEIND.NS,FMCG,2690.15,3562943
2023-08-31,NESTLEIND.NS,FMCG,2678.21,3555422
2023-09-01,NESTLEIND.NS,FMCG,2711.99,2936195
2023-09-04,NESTLEIND.NS,FMCG,2699.15,3351256
2023-09-05,NESTLEIND.NS,FMCG,2701.79,3424048
2023-09-06,NESTLEIND.NS,FMCG,2645.68,2076540
2023-09-07,NESTLEIND.NS,FMCG,2658.14,4928986
2023-09-08,NESTLEIND.NS,FMCG,2630.77,4383478
2023-09-11,NESTLEIND.NS,FMCG,2607.63,6709799
2023-09-12,NESTLEIND.NS,FMCG,2528.51,2517216
2023-09-13,NESTLEIND.NS,FMCG,2510.83,2799964
2023-09-14,NESTLEIND.NS,FMCG,2514.82,5538617
2023-09-15,NESTLEIND.NS,FMCG,2495.01,2614553
2023-09-18,NESTLEIND.NS,FMCG,2468.17,3926530
2023-09-19,NESTLEIND.NS,FMCG,2442.87,3663397
2023-09-20,NESTLEIND.NS,FMCG,2439.03,6822667
2023-09-21,NESTLEIND.NS,FMCG,2446.25,3918518
2023-09-22,NESTLEIND.NS,FMCG,2492.34,3913261
2023-09-25,NESTLEIND.NS,FMCG,2546.23,4310010
2023-09-26,NESTLEIND.NS,FMCG,2535.98,2951841
2023-09-27,NESTLEIND.NS,FMCG,2592.23,3339029
2023-09-28,NESTLEIND.NS,FMCG,2625.24,2715594
2023-09-29,NESTLEIND.NS,FMCG,2626.36,5007713
2023-10-03,NESTLEIND.NS,FMCG,2601.65,5082659
2023-10-04,NESTLEIND.NS,FMCG,2606.14,2968826
2023-10-05,NESTLEIND.NS,FMCG,2617.46,3646849
2023-10-06,NESTLEIND.NS,FMCG,2621.43,4219330
2023-10-09,NESTLEIND.NS,FMCG,2660.41,2457268
2023-10-10,NESTLEIND.NS,FMCG,2676.99,4811235
2023-10-11,NESTLEIND.NS,FMCG,2677.67,2744232
2023-10-12,NESTLEIND.NS,FMCG,2684.72,2207497
2023-10-13,NESTLEIND.NS,FMCG,2689.65,4074655
2023-10-16,NESTLEIND.NS,FMCG,2695.7,4932986
2023-10-17,NESTLEIND.NS,FMCG,2699.51,5466597
2023-10-18,NESTLEIND.NS,FMCG,2634.25,4691031
2023-10-19,NESTLEIND.NS,FMCG,2653.91,3144332
2023-10-20,NESTLEIND.NS,FMCG,2723.89,7623156
2023-10-23,NESTLEIND.NS,FMCG,2691.66,4081772
2023-10-24,NESTLEIND.NS,FMCG,2687.94,2886333
2023-10-25,NESTLEIND.NS,FMCG,2729.68,5601048
2023-10-26,NESTLEIND.NS,FMCG,2733.05,4418746
2023-10-27,NESTLEIND.NS,FMCG,2755.53,8130172
2023-10-30,NESTLEIND.NS,FMCG,2790.91,6861936
2023-10-31,NESTLEIND.NS,FMCG,2781.44,3474801
2023-11-01,NESTLEIND.NS,FMCG,2786.71,2604161
2023-11-02,NESTLEIND.NS,FMCG,2795.45,3352853
2023-11-03,NESTLEIND.NS,FMCG,2812.74,1776034
2023-11-06,NESTLEIND.NS,FMCG,2795.68,4042547
2023-11-07,NESTLEIND.NS,FMCG,2810.12,5631040
2023-11-08,NESTLEIND.NS,FMCG,2754.73,4027099
2023-11-09,NESTLEIND.NS,FMCG,2777.04,4721432
2023-11-10,NESTLEIND.NS,FMCG,2785.88,5231734
2023-11-13,NESTLEIND.NS,FMCG,2735.58,6735407
2023-11-14,NESTLEIND.NS,FMCG,2733.59,4231111
2023-11-15,NESTLEIND.NS,FMCG,2744.11,3699703
2023-11-16,NESTLEIND.NS,FMCG,2705.91,3269756
2023-11-17,NESTLEIND.NS,FMCG,2693.47,6996333
2023-11-20,NESTLEIND.NS,FMCG,2720.05,3246372
2023-11-21,NESTLEIND.NS,FMCG,2717.16,7634662
2023-11-22,NESTLEIND.NS,FMCG,2714.83,3557220
2023-11-23,NESTLEIND.NS,FMCG,2756.52,2979934
2023-11-24,NESTLEIND.NS,FMCG,2773.0,4637417
2023-11-27,NESTLEIND.NS,FMCG,2772.22,4351382
2023-11-28,NESTLEIND.NS,FMCG,2796.1,2234358
2023-11-29,NESTLEIND.NS,FMCG,2816.9,5097628
2023-11-30,NESTLEIND.NS,FMCG,2857.52,2095886
2023-12-01,NESTLEIND.NS,FMCG,2867.54,7533460
2023-12-04,NESTLEIND.NS,FMCG,2869.5,2429042
2023-12-05,NESTLEIND.NS,FMCG,2891.86,4426989
2023-12-06,NESTLEIND.NS,FMCG,2944.91,4827447
2023-12-07,NESTLEIND.NS,FMCG,2911.71,5593534
2023-12-08,NESTLEIND.NS,FMCG,2901.88,2415923
2023-12-11,NESTLEIND.NS,FMCG,2941.01,4793593
2023-12-12,NESTLEIND.NS,FMCG,2950.88,2745712
2023-12-13,NESTLEIND.NS,FMCG,2958.6,4358838
2023-12-14,NESTLEIND.NS,FMCG,2980.96,2027176
2023-12-15,NESTLEIND.NS,FMCG,2948.36,4796488
2023-12-18,NESTLEIND.NS,FMCG,2941.84,6309781
2023-12-19,NESTLEIND.NS,FMCG,2928.26,3615154
2023-12-20,NESTLEIND.NS,FMCG,2940.35,4124188
2023-12-21,NESTLEIND.NS,FMCG,2900.55,4956873
2023-12-22,NESTLEIND.NS,FMCG,2884.82,4497187
2023-12-26,NESTLEIND.NS,FMCG,2896.66,2281548
2023-12-27,NESTLEIND.NS,FMCG,2907.85,2604681
2023-12-28,NESTLEIND.NS,FMCG,2937.48,3465841
2023-12-29,NESTLEIND.NS,FMCG,2935.73,4155658
2024-01-01,NESTLEIND.NS,FMCG,2919.55,3382367
2024-01-02,NESTLEIND.NS,FMCG,2911.01,4130780
2024-01-03,NESTLEIND.NS,FMCG,2938.8,5684093
2024-01-04,NESTLEIND.NS,FMCG,2962.41,3518518
2024-01-05,NESTLEIND.NS,FMCG,2910.97,2713928
2024-01-08,NESTLEIND.NS,FMCG,2951.54,4753518
2024-01-09,NESTLEIND.NS,FMCG,2933.33,6132558
2024-01-10,NESTLEIND.NS,FMCG,2915.83,4414468
2024-01-11,NESTLEIND.NS,FMCG,2899.28,3390624
2024-01-12,NESTLEIND.NS,FMCG,2858.2,3755689
2024-01-15,NESTLEIND.NS,FMCG,2825.02,3374544
2024-01-16,NESTLEIND.NS,FMCG,2826.33,4418552
2024-01-17,NESTLEIND.NS,FMCG,2809.0,1909052
2024-01-18,NESTLEIND.NS,FMCG,2792.55,4129144
2024-01-19,NESTLEIND.NS,FMCG,2824.98,3755229
2024-01-22,NESTLEIND.NS,FMCG,2819.27,5471309
2024-01-23,NESTLEIND.NS,FMCG,2843.97,2429322
2024-01-24,NESTLEIND.NS,FMCG,2876.3,2670431
2024-01-25,NESTLEIND.NS,FMCG,2928.49,4518019
2024-01-29,NESTLEIND.NS,FMCG,2925.66,6298225
2024-01-30,NESTLEIND.NS,FMCG,2925.37,3796220
2024-01-31,NESTLEIND.NS,FMCG,2920.05,3681996
2024-02-01,NESTLEIND.NS,FMCG,2925.11,3035993
2024-02-02,NESTLEIND.NS,FMCG,2904.9,4047242
2024-02-05,NESTLEIND.NS,FMCG,2881.79,2848567
2024-02-06,NESTLEIND.NS,FMCG,2879.6,2508918
2024-02-07,NESTLEIND.NS,FMCG,2848.2,4824718
2024-02-08,NESTLEIND.NS,FMCG,2820.11,2943392
2024-02-09,NESTLEIND.NS,FMCG,2800.48,5042907
2024-02-12,NESTLEIND.NS,FMCG,2797.05,3905549
2024-02-13,NESTLEIND.NS,FMCG,2830.59,5621655
2024-02-14,NESTLEIND.NS,FMCG,2821.0,2732181
2024-02-15,NESTLEIND.NS,FMCG,2767.27,5276048
2024-02-16,NESTLEIND.NS,FMCG,2785.45,4004355
2024-02-19,NESTLEIND.NS,FMCG,2748.32,2379525
2024-02-20,NESTLEIND.NS,FMCG,2757.73,3103726
2024-02-21,NESTLEIND.NS,FMCG,2787.69,3136106
2024-02-22,NESTLEIND.NS,FMCG,2750.38,4581537
2024-02-23,NESTLEIND.NS,FMCG,2725.9,2858886
2024-02-26,NESTLEIND.NS,FMCG,2750.37,2593040
2024-02-27,NESTLEIND.NS,FMCG,2763.65,3465958
2024-02-28,NESTLEIND.NS,FMCG,2772.76,5515285
2024-02-29,NESTLEIND.NS,FMCG,2780.19,4170458
2024-03-01,NESTLEIND.NS,FMCG,2801.6,3609270
2024-03-04,NESTLEIND.NS,FMCG,2806.88,4900914
2024-03-05,NESTLEIND.NS,FMCG,2824.04,2839787
2024-03-06,NESTLEIND.NS,FMCG,2830.9,7467576
2024-03-07,NESTLEIND.NS,FMCG,2848.13,7142427
2024-03-11,NESTLEIND.NS,FMCG,2836.52,3383530
2024-03-12,NESTLEIND.NS,FMCG,2803.34,4112717
2024-03-13,NESTLEIND.NS,FMCG,2805.63,3827659
2024-03-14,NESTLEIND.NS,FMCG,2785.51,3309649
2024-03-15,NESTLEIND.NS,FMCG,2760.46,5477143
2024-03-18,NESTLEIND.NS,FMCG,2798.54,2381105
2024-03-19,NESTLEIND.NS,FMCG,2805.47,3487459
2024-03-20,NESTLEIND.NS,FMCG,2809.38,4746082
2024-03-21,NESTLEIND.NS,FMCG,2842.89,6843647
2024-03-22,NESTLEIND.NS,FMCG,2786.2,6388942
2024-03-25,NESTLEIND.NS,FMCG,2801.48,3119242
2024-03-26,NESTLEIND.NS,FMCG,2782.38,3013097
2024-03-27,NESTLEIND.NS,FMCG,2819.16,3424004
2024-03-28,NESTLEIND.NS,FMCG,2799.81,6539659
2024-03-29,NESTLEIND.NS,FMCG,2830.53,4564939
2024-04-01,NESTLEIND.NS,FMCG,2814.48,10732218
2024-04-02,NESTLEIND.NS,FMCG,2845.77,4941709
2024-04-03,NESTLEIND.NS,FMCG,2860.73,7143898
2024-04-04,NESTLEIND.NS,FMCG,2905.41,3834427
2024-04-05,NESTLEIND.NS,FMCG,2904.95,2971381
2024-04-08,NESTLEIND.NS,FMCG,2856.32,9185164
2024-04-09,NESTLEIND.NS,FMCG,2841.86,2495124
2024-04-10,NESTLEIND.NS,FMCG,2850.37,4363999
2024-04-11,NESTLEIND.NS,FMCG,2847.06,4131567
2024-04-12,NESTLEIND.NS,FMCG,2872.84,3221857
2024-04-15,NESTLEIND.NS,FMCG,2880.9,4494606
2024-04-16,NESTLEIND.NS,FMCG,2864.51,3758894
2024-04-17,NESTLEIND.NS,FMCG,2840.41,2923358
2024-04-18,NESTLEIND.NS,FMCG,2817.49,2524501
2024-04-19,NESTLEIND.NS,FMCG,2844.72,4621626
2024-04-22,NESTLEIND.NS,FMCG,2855.94,3011153
2024-04-23,NESTLEIND.NS,FMCG,2812.22,3299469
2024-04-24,NESTLEIND.NS,FMCG,2777.62,2967613
2024-04-25,NESTLEIND.NS,FMCG,2790.56,2995762
2024-04-26,NESTLEIND.NS,FMCG,2797.66,3758430
2024-04-29,NESTLEIND.NS,FMCG,2814.57,2561306
2024-04-30,NESTLEIND.NS,FMCG,2831.38,3545890
2024-05-02,NESTLEIND.NS,FMCG,2846.38,4838613
2024-05-03,NESTLEIND.NS,FMCG,2877.17,4896911
2024-05-06,NESTLEIND.NS,FMCG,2868.81,3320779
2024-05-07,NESTLEIND.NS,FMCG,2882.29,3062462
2024-05-08,NESTLEIND.NS,FMCG,2864.53,5997156
2024-05-09,NESTLEIND.NS,FMCG,2846.66,4560893
2024-05-10,NESTLEIND.NS,FMCG,2852.99,4737993
2024-05-13,NESTLEIND.NS,FMCG,2863.15,6141602
2024-05-14,NESTLEIND.NS,FMCG,2885.59,5709339
2024-05-15,NESTLEIND.NS,FMCG,2856.43,5392065
2024-05-16,NESTLEIND.NS,FMCG,2876.99,2131717
2024-05-17,NESTLEIND.NS,FMCG,2911.93,3241831
2024-05-20,NESTLEIND.NS,FMCG,2910.33,2464374
2024-05-21,NESTLEIND.NS,FMCG,2918.09,6349942
2024-05-22,NESTLEIND.NS,FMCG,2896.84,3499830
2024-05-23,NESTLEIND.NS,FMCG,2867.58,3032489
2024-05-24,NESTLEIND.NS,FMCG,2887.59,4416276
2024-05-27,NESTLEIND.NS,FMCG,2892.5,4935158
2024-05-28,NESTLEIND.NS,FMCG,2884.06,4679457
2024-05-29,NESTLEIND.NS,FMCG,2913.8,3986554
2024-05-30,NESTLEIND.NS,FMCG,2902.91,6025699
2024-05-31,NESTLEIND.NS,FMCG,2923.89,3525171
2024-06-03,NESTLEIND.NS,FMCG,2889.28,2341055
2024-06-04,NESTLEIND.NS,FMCG,2888.17,3452294
2024-06-05,NESTLEIND.NS,FMCG,2845.56,3405476
2024-06-06,NESTLEIND.NS,FMCG,2830.16,4961608
2024-06-07,NESTLEIND.NS,FMCG,2840.27,5495898
2024-06-10,NESTLEIND.NS,FMCG,2870.95,3043053
2024-06-11,NESTLEIND.NS,FMCG,2858.67,1873106
2024-06-12,NESTLEIND.NS,FMCG,2890.52,7913228
2024-06-13,NESTLEIND.NS,FMCG,2865.56,4259986
2024-06-14,NESTLEIND.NS,FMCG,2869.19,1933983
2024-06-17,NESTLEIND.NS,FMCG,2933.99,2244102
2024-06-18,NESTLEIND.NS,FMCG,2850.92,4307963
2024-06-19,NESTLEIND.NS,FMCG,2904.79,3323884
2024-06-20,NESTLEIND.NS,FMCG,2932.89,6145170
2024-06-21,NESTLEIND.NS,FMCG,2939.22,3328339
2024-06-24,NESTLEIND.NS,FMCG,2921.67,3879560
2024-06-25,NESTLEIND.NS,FMCG,2943.16,3228398
2024-06-26,NESTLEIND.NS,FMCG,2952.91,3796012
2024-06-27,NESTLEIND.NS,FMCG,2998.9,4070819
2024-06-28,NESTLEIND.NS,FMCG,3026.73,6369594
2024-07-01,NESTLEIND.NS,FMCG,3045.17,4430233
2024-07-02,NESTLEIND.NS,FMCG,3068.65,4108034
2024-07-03,NESTLEIND.NS,FMCG,3006.99,5177281
2024-07-04,NESTLEIND.NS,FMCG,3037.23,6312297
2024-07-05,NESTLEIND.NS,FMCG,3019.14,2503343
2024-07-08,NESTLEIND.NS,FMCG,3047.47,3163702
2024-07-09,NESTLEIND.NS,FMCG,3044.63,4286872
2024-07-10,NESTLEIND.NS,FMCG,3081.16,3989236
2024-07-11,NESTLEIND.NS,FMCG,3073.7,3219365
2024-07-12,NESTLEIND.NS,FMCG,3097.72,2012173
2024-07-15,NESTLEIND.NS,FMCG,3102.15,3613921
2024-07-16,NESTLEIND.NS,FMCG,3084.39,4551604
2024-07-17,NESTLEIND.NS,FMCG,3059.89,6609071
2024-07-18,NESTLEIND.NS,FMCG,3044.86,4031480
2024-07-19,NESTLEIND.NS,FMCG,3060.67,4002153
2024-07-22,NESTLEIND.NS,FMCG,3092.24,3034500
2024-07-23,NESTLEIND.NS,FMCG,3080.69,3994941
2024-07-24,NESTLEIND.NS,FMCG,3065.86,3353964
2024-07-25,NESTLEIND.NS,FMCG,3058.33,4864955
2024-07-26,NESTLEIND.NS,FMCG,3129.48,4684153
2024-07-29,NESTLEIND.NS,FMCG,3110.84,6548380
2024-07-30,NESTLEIND.NS,FMCG,3185.21,4407581
2024-07-31,NESTLEIND.NS,FMCG,3177.04,4823068
2024-08-01,NESTLEIND.NS,FMCG,3160.15,2471414
2024-08-02,NESTLEIND.NS,FMCG,3194.81,4494648
2024-08-05,NESTLEIND.NS,FMCG,3172.63,5172128
2024-08-06,NESTLEIND.NS,FMCG,3185.14,4156611
2024-08-07,NESTLEIND.NS,FMCG,3242.15,3931231
2024-08-08,NESTLEIND.NS,FMCG,3249.64,3751752
2024-08-09,NESTLEIND.NS,FMCG,3251.18,7103586
2024-08-12,NESTLEIND.NS,FMCG,3232.76,2258310
2024-08-13,NESTLEIND.NS,FMCG,3251.08,6197955
2024-08-14,NESTLEIND.NS,FMCG,3245.24,4597983
2024-08-16,NESTLEIND.NS,FMCG,3218.67,3364898
2024-08-19,NESTLEIND.NS,FMCG,3224.84,4821662
2024-08-20,NESTLEIND.NS,FMCG,3220.45,4612816
2024-08-21,NESTLEIND.NS,FMCG,3243.68,2824779
2024-08-22,NESTLEIND.NS,FMCG,3238.42,5785391
2024-08-23,NESTLEIND.NS,FMCG,3244.84,4294844
2024-08-26,NESTLEIND.NS,FMCG,3214.11,3039079
2024-08-27,NESTLEIND.NS,FMCG,3180.2,6852178
2024-08-28,NESTLEIND.NS,FMCG,3201.77,4942363
2024-08-29,NESTLEIND.NS,FMCG,3188.25,4582414
2024-08-30,NESTLEIND.NS,FMCG,3200.97,5752843
2024-09-02,NESTLEIND.NS,FMCG,3226.31,4038545
2024-09-03,NESTLEIND.NS,FMCG,3290.5,5411549
2024-09-04,NESTLEIND.NS,FMCG,3266.99,5295906
2024-09-05,NESTLEIND.NS,FMCG,3239.15,3305063
2024-09-06,NESTLEIND.NS,FMCG,3250.96,3781719
2024-09-09,NESTLEIND.NS,FMCG,3214.66,3403074
2024-09-10,NESTLEIND.NS,FMCG,3239.08,6516825
2024-09-11,NESTLEIND.NS,FMCG,3240.79,2383297
2024-09-12,NESTLEIND.NS,FMCG,3240.7,4523350
2024-09-13,NESTLEIND.NS,FMCG,3205.95,6453799
2024-09-16,NESTLEIND.NS,FMCG,3186.02,2612223
2024-09-17,NESTLEIND.NS,FMCG,3226.14,4087504
2024-09-18,NESTLEIND.NS,FMCG,3184.42,6106735
2024-09-19,NESTLEIND.NS,FMCG,3221.83,3525432
2024-09-20,NESTLEIND.NS,FMCG,3242.92,4206359
2024-09-23,NESTLEIND.NS,FMCG,3200.4,3701047
2024-09-24,NESTLEIND.NS,FMCG,3216.75,2867649
2024-09-25,NESTLEIND.NS,FMCG,3238.99,3502598
2024-09-26,NESTLEIND.NS,FMCG,3254.73,3190065
2024-09-27,NESTLEIND.NS,FMCG,3256.7,2331052
2024-09-30,NESTLEIND.NS,FMCG,3265.53,6626218
2024-10-01,NESTLEIND.NS,FMCG,3289.83,4669854
2024-10-03,NESTLEIND.NS,FMCG,3231.72,3492941
2024-10-04,NESTLEIND.NS,FMCG,3275.21,3381757
2024-10-07,NESTLEIND.NS,FMCG,3312.93,3444297
2024-10-08,NESTLEIND.NS,FMCG,3323.37,3069440
2024-10-09,NESTLEIND.NS,FMCG,3313.14,3486288
2024-10-10,NESTLEIND.NS,FMCG,3380.38,2904856
2024-10-11,NESTLEIND.NS,FMCG,3372.99,5104573
2024-10-14,NESTLEIND.NS,FMCG,3357.11,2081277
2024-10-15,NESTLEIND.NS,FMCG,3337.86,4285254
2024-10-16,NESTLEIND.NS,FMCG,3313.76,2930561
2024-10-17,NESTLEIND.NS,FMCG,3306.73,5491677
2024-10-18,NESTLEIND.NS,FMCG,3307.22,3760117
2024-10-21,NESTLEIND.NS,FMCG,3352.92,4520200
2024-10-22,NESTLEIND.NS,FMCG,3321.2,3211126
2024-10-23,NESTLEIND.NS,FMCG,3364.79,6292913
2024-10-24,NESTLEIND.NS,FMCG,3372.49,2583933
2024-10-25,NESTLEIND.NS,FMCG,3350.77,3163171
2024-10-28,NESTLEIND.NS,FMCG,3371.58,2830766
2024-10-29,NESTLEIND.NS,FMCG,3331.02,3899301
2024-10-30,NESTLEIND.NS,FMCG,3311.44,4121088
2024-10-31,NESTLEIND.NS,FMCG,3347.3,2566305
2024-11-04,NESTLEIND.NS,FMCG,3401.33,2760007
2024-11-05,NESTLEIND.NS,FMCG,3376.12,2707774
2024-11-06,NESTLEIND.NS,FMCG,3368.17,2390757
2024-11-07,NESTLEIND.NS,FMCG,3447.86,3140067
2024-11-08,NESTLEIND.NS,FMCG,3474.89,7334420
2024-11-11,NESTLEIND.NS,FMCG,3423.3,4193743
2024-11-12,NESTLEIND.NS,FMCG,3439.84,3165468
2024-11-13,NESTLEIND.NS,FMCG,3423.65,3634508
2024-11-14,NESTLEIND.NS,FMCG,3440.03,2314042
2024-11-15,NESTLEIND.NS,FMCG,3414.82,2363094
2024-11-18,NESTLEIND.NS,FMCG,3419.77,2959268
2024-11-19,NESTLEIND.NS,FMCG,3434.11,2559588
2024-11-20,NESTLEIND.NS,FMCG,3435.26,5388953
2024-11-21,NESTLEIND.NS,FMCG,3480.19,7739328
2024-11-22,NESTLEIND.NS,FMCG,3499.24,5400304
2024-11-25,NESTLEIND.NS,FMCG,3465.98,3025932
2024-11-26,NESTLEIND.NS,FMCG,3438.0,4005102
2024-11-27,NESTLEIND.NS,FMCG,3428.03,4778082
2024-11-28,NESTLEIND.NS,FMCG,3411.55,4589700
2024-11-29,NESTLEIND.NS,FMCG,3374.61,6729642
2024-12-02,NESTLEIND.NS,FMCG,3334.48,2625294
2024-12-03,NESTLEIND.NS,FMCG,3324.69,4207972
2024-12-04,NESTLEIND.NS,FMCG,3333.07,3919198
2024-12-05,NESTLEIND.NS,FMCG,3353.52,3545724
2024-12-06,NESTLEIND.NS,FMCG,3334.46,2313984
2024-12-09,NESTLEIND.NS,FMCG,3330.91,2396197
2024-12-10,NESTLEIND.NS,FMCG,3353.17,6271084
2024-12-11,NESTLEIND.NS,FMCG,3340.46,5382250
2024-12-12,NESTLEIND.NS,FMCG,3356.96,2677036
2024-12-13,NESTLEIND.NS,FMCG,3398.38,2120581
2024-12-16,NESTLEIND.NS,FMCG,3405.12,4032197
2024-12-17,NESTLEIND.NS,FMCG,3446.75,3882697
2024-12-18,NESTLEIND.NS,FMCG,3428.74,2268095
2024-12-19,NESTLEIND.NS,FMCG,3440.87,8199698
2024-12-20,NESTLEIND.NS,FMCG,3422.44,6162892
2024-12-23,NESTLEIND.NS,FMCG,3448.22,2736321
2024-12-24,NESTLEIND.NS,FMCG,3515.87,6319123
2024-12-26,NESTLEIND.NS,FMCG,3513.23,4326022
2024-12-27,NESTLEIND.NS,FMCG,3509.24,5144515
2024-12-30,NESTLEIND.NS,FMCG,3520.94,2972829
2024-12-31,NESTLEIND.NS,FMCG,3487.31,4959236
2025-01-01,NESTLEIND.NS,FMCG,3474.4,8688575
2025-01-02,NESTLEIND.NS,FMCG,3472.82,6034936
2025-01-03,NESTLEIND.NS,FMCG,3496.34,5171586
2025-01-06,NESTLEIND.NS,FMCG,3527.77,2087224
2025-01-07,NESTLEIND.NS,FMCG,3454.45,5383488
2025-01-08,NESTLEIND.NS,FMCG,3441.64,4689218
2025-01-09,NESTLEIND.NS,FMCG,3442.8,3001983
2025-01-10,NESTLEIND.NS,FMCG,3498.83,3564874
2025-01-13,NESTLEIND.NS,FMCG,3489.83,3871403
2025-01-14,NESTLEIND.NS,FMCG,3421.87,4816614
2025-01-15,NESTLEIND.NS,FMCG,3430.31,2409610
2025-01-16,NESTLEIND.NS,FMCG,3346.33,4066697
2025-01-17,NESTLEIND.NS,FMCG,3392.56,6866548
2025-01-20,NESTLEIND.NS,FMCG,3439.29,4812767
2025-01-21,NESTLEIND.NS,FMCG,3429.23,2739991
2025-01-22,NESTLEIND.NS,FMCG,3502.04,4389357
2025-01-23,NESTLEIND.NS,FMCG,3512.05,4728291
2025-01-24,NESTLEIND.NS,FMCG,3530.41,1937275
2025-01-27,NESTLEIND.NS,FMCG,3548.89,4443247
2025-01-28,NESTLEIND.NS,FMCG,3501.07,4014254
2025-01-29,NESTLEIND.NS,FMCG,3495.99,2305316
2025-01-30,NESTLEIND.NS,FMCG,3542.43,7800100
2025-01-31,NESTLEIND.NS,FMCG,3506.67,4451003
2025-02-03,NESTLEIND.NS,FMCG,3500.97,3714835
2025-02-04,NESTLEIND.NS,FMCG,3468.28,2954310
2025-02-05,NESTLEIND.NS,FMCG,3425.3,4150766
2025-02-06,NESTLEIND.NS,FMCG,3405.47,4622807
2025-02-07,NESTLEIND.NS,FMCG,3448.59,6356800
2025-02-10,NESTLEIND.NS,FMCG,3440.97,3833642
2025-02-11,NESTLEIND.NS,FMCG,3425.27,2488939
2025-02-12,NESTLEIND.NS,FMCG,3433.69,3883626
2025-02-13,NESTLEIND.NS,FMCG,3390.59,3872278
2025-02-14,NESTLEIND.NS,FMCG,3381.18,7090390
2025-02-17,NESTLEIND.NS,FMCG,3403.48,4418829
2025-02-18,NESTLEIND.NS,FMCG,3458.29,4565085
2025-02-19,NESTLEIND.NS,FMCG,3459.26,3294395
2025-02-20,NESTLEIND.NS,FMCG,3413.46,4517623
2025-02-21,NESTLEIND.NS,FMCG,3346.79,2975448
2025-02-24,NESTLEIND.NS,FMCG,3305.32,4228318
2025-02-25,NESTLEIND.NS,FMCG,3362.26,5270420
2025-02-26,NESTLEIND.NS,FMCG,3367.07,3974030
2025-02-27,NESTLEIND.NS,FMCG,3404.64,5873996
2025-02-28,NESTLEIND.NS,FMCG,3336.72,6497606
2025-03-03,NESTLEIND.NS,FMCG,3343.13,5942687
2025-03-04,NESTLEIND.NS,FMCG,3311.79,4079593
2025-03-05,NESTLEIND.NS,FMCG,3266.31,2880586
2025-03-06,NESTLEIND.NS,FMCG,3250.88,2818001
2025-03-07,NESTLEIND.NS,FMCG,3328.25,4829421
2025-03-10,NESTLEIND.NS,FMCG,3277.66,4385543
2025-03-11,NESTLEIND.NS,FMCG,3314.89,3912209
2025-03-12,NESTLEIND.NS,FMCG,3293.14,3316052
2025-03-13,NESTLEIND.NS,FMCG,3309.61,4010739
2025-03-14,NESTLEIND.NS,FMCG,3341.05,2464667
2025-03-17,NESTLEIND.NS,FMCG,3390.42,3187202
2025-03-18,NESTLEIND.NS,FMCG,3407.35,3719461
2025-03-19,NESTLEIND.NS,FMCG,3386.17,5102955
2025-03-20,NESTLEIND.NS,FMCG,3404.0,5614981
2025-03-21,NESTLEIND.NS,FMCG,3510.69,2022401
2025-03-24,NESTLEIND.NS,FMCG,3571.51,2289411
2025-03-25,NESTLEIND.NS,FMCG,3523.37,5128677
2025-03-26,NESTLEIND.NS,FMCG,3629.05,4139230
2025-03-27,NESTLEIND.NS,FMCG,3700.57,4974753
2025-03-28,NESTLEIND.NS,FMCG,3641.67,3211424
2025-03-31,NESTLEIND.NS,FMCG,3646.43,3274605
2025-04-01,NESTLEIND.NS,FMCG,3666.79,3084980
2025-04-02,NESTLEIND.NS,FMCG,3624.95,1564147
2025-04-03,NESTLEIND.NS,FMCG,3612.17,2697990
2025-04-04,NESTLEIND.NS,FMCG,3514.73,2748150
2025-04-07,NESTLEIND.NS,FMCG,3526.96,2886694
2025-04-08,NESTLEIND.NS,FMCG,3512.23,2840433
2025-04-09,NESTLEIND.NS,FMCG,3504.14,2894611
2025-04-10,NESTLEIND.NS,FMCG,3526.53,3675740
2025-04-11,NESTLEIND.NS,FMCG,3509.43,4841030
2025-04-15,NESTLEIND.NS,FMCG,3445.6,1459722
2025-04-16,NESTLEIND.NS,FMCG,3387.73,2873015
2025-04-17,NESTLEIND.NS,FMCG,3363.17,2910401
2025-04-18,NESTLEIND.NS,FMCG,3352.4,2334831
2025-04-21,NESTLEIND.NS,FMCG,3349.82,5882651
2025-04-22,NESTLEIND.NS,FMCG,3342.27,2706230
2025-04-23,NESTLEIND.NS,FMCG,3331.55,4612878
2025-04-24,NESTLEIND.NS,FMCG,3322.22,3025731
2025-04-25,NESTLEIND.NS,FMCG,3248.75,6216958
2025-04-28,NESTLEIND.NS,FMCG,3257.78,2965554
2025-04-29,NESTLEIND.NS,FMCG,3262.61,2892331
2025-04-30,NESTLEIND.NS,FMCG,3318.63,3741045
2025-05-02,NESTLEIND.NS,FMCG,3317.63,6741355
2025-05-05,NESTLEIND.NS,FMCG,3271.56,4736978
2025-05-06,NESTLEIND.NS,FMCG,3232.27,3160144
2025-05-07,NESTLEIND.NS,FMCG,3249.36,4242129
2025-05-08,NESTLEIND.NS,FMCG,3213.96,3259832
2025-05-09,NESTLEIND.NS,FMCG,3221.84,6700952
2025-05-12,NESTLEIND.NS,FMCG,3203.49,5235724
2025-05-13,NESTLEIND.NS,FMCG,3263.34,3935470
2025-05-14,NESTLEIND.NS,FMCG,3265.64,4261661
2025-05-15,NESTLEIND.NS,FMCG,3285.24,3191882
2025-05-16,NESTLEIND.NS,FMCG,3262.1,3990313
2025-05-19,NESTLEIND.NS,FMCG,3286.89,4881704
2025-05-20,NESTLEIND.NS,FMCG,3268.97,5441655
2025-05-21,NESTLEIND.NS,FMCG,3301.54,3433906
2025-05-22,NESTLEIND.NS,FMCG,3300.97,1879910
2025-05-23,NESTLEIND.NS,FMCG,3218.13,5088049
2025-05-26,NESTLEIND.NS,FMCG,3260.23,3202683
2025-05-27,NESTLEIND.NS,FMCG,3289.56,5356944
2025-05-28,NESTLEIND.NS,FMCG,3273.72,2340472
2025-05-29,NESTLEIND.NS,FMCG,3330.36,4468945
2025-05-30,NESTLEIND.NS,FMCG,3338.72,3713192
2025-06-02,NESTLEIND.NS,FMCG,3350.85,3411840
2025-06-03,NESTLEIND.NS,FMCG,3316.05,6635175
2025-06-04,NESTLEIND.NS,FMCG,3288.38,3092253
2025-06-05,NESTLEIND.NS,FMCG,3276.88,6423182
2025-06-06,NESTLEIND.NS,FMCG,3236.46,8539198
2025-06-09,NESTLEIND.NS,FMCG,3214.91,2566930
2025-06-10,NESTLEIND.NS,FMCG,3224.36,2901397
2025-06-11,NESTLEIND.NS,FMCG,3162.97,3771717
2025-06-12,NESTLEIND.NS,FMCG,3169.45,3688347
2025-06-13,NESTLEIND.NS,FMCG,3113.65,5876977
2025-06-16,NESTLEIND.NS,FMCG,3131.09,5872016
2025-06-17,NESTLEIND.NS,FMCG,3134.33,3361974
2025-06-18,NESTLEIND.NS,FMCG,3123.62,3033462
2025-06-19,NESTLEIND.NS,FMCG,3130.05,3555637
2025-06-20,NESTLEIND.NS,FMCG,3177.13,4308436
2025-06-23,NESTLEIND.NS,FMCG,3214.66,2671794
2025-06-24,NESTLEIND.NS,FMCG,3169.55,2569608
2025-06-25,NESTLEIND.NS,FMCG,3223.05,3067471
2025-06-26,NESTLEIND.NS,FMCG,3239.6,3402517
2025-06-27,NESTLEIND.NS,FMCG,3326.81,3503097
2025-06-30,NESTLEIND.NS,FMCG,3309.93,1977700
2025-07-01,NESTLEIND.NS,FMCG,3327.9,3436866
2025-07-02,NESTLEIND.NS,FMCG,3340.63,2526652
2025-07-03,NESTLEIND.NS,FMCG,3337.81,4086770
2025-07-04,NESTLEIND.NS,FMCG,3323.79,2564794
2025-07-07,NESTLEIND.NS,FMCG,3322.57,4471658
2025-07-08,NESTLEIND.NS,FMCG,3343.32,3756171
2025-07-09,NESTLEIND.NS,FMCG,3329.21,6564170
2025-07-10,NESTLEIND.NS,FMCG,3321.6,4409530
2025-07-11,NESTLEIND.NS,FMCG,3321.57,3726317
2025-07-14,NESTLEIND.NS,FMCG,3349.2,3914687
2025-07-15,NESTLEIND.NS,FMCG,3356.19,4063002
2025-07-16,NESTLEIND.NS,FMCG,3357.36,3239845
2025-07-17,NESTLEIND.NS,FMCG,3361.42,3648620
2025-07-18,NESTLEIND.NS,FMCG,3370.72,3338287
2025-07-21,NESTLEIND.NS,FMCG,3391.1,3518568
2025-07-22,NESTLEIND.NS,FMCG,3421.67,3397441
2025-07-23,NESTLEIND.NS,FMCG,3427.71,3502844
2025-07-24,NESTLEIND.NS,FMCG,3385.24,3924878
2025-07-25,NESTLEIND.NS,FMCG,3373.77,4841232
2025-07-28,NESTLEIND.NS,FMCG,3386.61,5496439
2025-07-29,NESTLEIND.NS,FMCG,3393.39,3200273
2025-07-30,NESTLEIND.NS,FMCG,3418.11,2430415
2025-07-31,NESTLEIND.NS,FMCG,3389.78,5240791
2025-08-01,NESTLEIND.NS,FMCG,3364.4,8485134
2025-08-04,NESTLEIND.NS,FMCG,3446.23,4792722
2025-08-05,NESTLEIND.NS,FMCG,3454.0,3544115
2025-08-06,NESTLEIND.NS,FMCG,3447.35,4307125
2025-08-07,NESTLEIND.NS,FMCG,3474.53,4206211
2025-08-08,NESTLEIND.NS,FMCG,3488.21,3931251
2025-08-11,NESTLEIND.NS,FMCG,3455.29,2909008
2025-08-12,NESTLEIND.NS,FMCG,3437.39,5630002
2025-08-13,NESTLEIND.NS,FMCG,3448.43,3018535
2025-08-14,NESTLEIND.NS,FMCG,3425.38,5577802
2025-08-18,NESTLEIND.NS,FMCG,3479.2,4813303
2025-08-19,NESTLEIND.NS,FMCG,3489.17,6542424
2025-08-20,NESTLEIND.NS,FMCG,3506.82,5125847
2025-08-21,NESTLEIND.NS,FMCG,3507.9,1766858
2025-08-22,NESTLEIND.NS,FMCG,3562.38,2433605
2025-08-25,NESTLEIND.NS,FMCG,3531.82,4075461
2025-08-26,NESTLEIND.NS,FMCG,3518.94,7163846
2025-08-27,NESTLEIND.NS,FMCG,3503.99,3467589
2025-08-28,NESTLEIND.NS,FMCG,3491.69,2461913
2025-08-29,NESTLEIND.NS,FMCG,3516.21,5262313
2025-09-01,NESTLEIND.NS,FMCG,3485.86,7057730
2025-09-02,NESTLEIND.NS,FMCG,3397.6,3015999
2025-09-03,NESTLEIND.NS,FMCG,3403.7,3308387
2025-09-04,NESTLEIND.NS,FMCG,3489.43,7061567
2025-09-05,NESTLEIND.NS,FMCG,3447.98,2548021
2025-09-08,NESTLEIND.NS,FMCG,3462.85,2742283
2025-09-09,NESTLEIND.NS,FMCG,3470.96,2728135
2025-09-10,NESTLEIND.NS,FMCG,3523.85,4226025
2025-09-11,NESTLEIND.NS,FMCG,3569.74,3607384
2025-09-12,NESTLEIND.NS,FMCG,3550.59,3227296
2025-09-15,NESTLEIND.NS,FMCG,3582.57,5414402
2025-09-16,NESTLEIND.NS,FMCG,3636.54,5311711
2025-09-17,NESTLEIND.NS,FMCG,3625.73,6612975
2025-09-18,NESTLEIND.NS,FMCG,3655.67,4067518
2025-09-19,NESTLEIND.NS,FMCG,3662.1,5223595
2025-09-22,NESTLEIND.NS,FMCG,3666.18,2670548
2025-09-23,NESTLEIND.NS,FMCG,3618.83,5129272
2025-09-24,NESTLEIND.NS,FMCG,3603.65,5217683
2025-09-25,NESTLEIND.NS,FMCG,3600.53,3022106
2025-09-26,NESTLEIND.NS,FMCG,3606.33,4924470
2025-09-29,NESTLEIND.NS,FMCG,3618.63,4341386
2025-09-30,NESTLEIND.NS,FMCG,3608.01,4686079
2025-10-01,NESTLEIND.NS,FMCG,3665.44,5556722
2025-10-03,NESTLEIND.NS,FMCG,3631.51,4240653
2025-10-06,NESTLEIND.NS,FMCG,3694.06,5984351
2025-10-07,NESTLEIND.NS,FMCG,3670.12,2700246
2025-10-08,NESTLEIND.NS,FMCG,3666.1,2948542
2025-10-09,NESTLEIND.NS,FMCG,3662.1,3770179
2025-10-10,NESTLEIND.NS,FMCG,3723.11,3046109
2025-10-13,NESTLEIND.NS,FMCG,3714.64,4368071
2025-10-14,NESTLEIND.NS,FMCG,3722.97,3545616
2025-10-15,NESTLEIND.NS,FMCG,3714.45,3594140
2025-10-16,NESTLEIND.NS,FMCG,3744.28,3557852
2025-10-17,NESTLEIND.NS,FMCG,3786.25,4337925
2025-10-20,NESTLEIND.NS,FMCG,3782.88,3982232
2025-10-22,NESTLEIND.NS,FMCG,3791.86,4537619
2025-10-23,NESTLEIND.NS,FMCG,3766.0,3482253
2025-10-24,NESTLEIND.NS,FMCG,3756.91,2091428
2025-10-27,NESTLEIND.NS,FMCG,3780.71,5170092
2025-10-28,NESTLEIND.NS,FMCG,3783.07,3036812
2025-10-29,NESTLEIND.NS,FMCG,3728.91,4402459
2025-10-30,NESTLEIND.NS,FMCG,3699.29,3987711
2025-10-31,NESTLEIND.NS,FMCG,3732.43,8654790
2025-11-03,NESTLEIND.NS,FMCG,3807.55,1561403
2025-11-04,NESTLEIND.NS,FMCG,3833.05,3169902
2025-11-05,NESTLEIND.NS,FMCG,3860.3,4549984
2025-11-06,NESTLEIND.NS,FMCG,3784.63,2276081
2025-11-07,NESTLEIND.NS,FMCG,3813.96,3928771
2025-11-10,NESTLEIND.NS,FMCG,3949.1,2218404
2025-11-11,NESTLEIND.NS,FMCG,3973.61,3975776
2025-11-12,NESTLEIND.NS,FMCG,3954.6,4041152
2025-11-13,NESTLEIND.NS,FMCG,3956.31,5114460
2025-11-14,NESTLEIND.NS,FMCG,3952.23,4386457
2025-11-17,NESTLEIND.NS,FMCG,3983.98,2841074
2025-11-18,NESTLEIND.NS,FMCG,4021.31,4067666
2025-11-19,NESTLEIND.NS,FMCG,4039.45,4456256
2025-11-20,NESTLEIND.NS,FMCG,4041.11,2899641
2025-11-21,NESTLEIND.NS,FMCG,4007.54,5603795
2025-11-24,NESTLEIND.NS,FMCG,3968.4,4853358
2025-11-25,NESTLEIND.NS,FMCG,3981.39,2254131
2025-11-26,NESTLEIND.NS,FMCG,3942.74,4014731
2025-11-27,NESTLEIND.NS,FMCG,3907.5,2777324
2025-11-28,NESTLEIND.NS,FMCG,3896.95,1989293
2025-12-01,NESTLEIND.NS,FMCG,3962.52,3259662
2025-12-02,NESTLEIND.NS,FMCG,4020.06,3490961
2025-12-03,NESTLEIND.NS,FMCG,4009.31,8384104
2025-12-04,NESTLEIND.NS,FMCG,3982.69,3290774
2025-12-05,NESTLEIND.NS,FMCG,3994.51,4036308
2025-12-08,NESTLEIND.NS,FMCG,4044.87,4427381
2025-12-09,NESTLEIND.NS,FMCG,4075.98,3501823
2025-12-10,NESTLEIND.NS,FMCG,4054.96,4373492
2025-12-11,NESTLEIND.NS,FMCG,4054.22,3093359
2025-12-12,NESTLEIND.NS,FMCG,3985.98,2703585
2025-12-15,NESTLEIND.NS,FMCG,3927.37,3236451
2025-12-16,NESTLEIND.NS,FMCG,3918.27,2534699
2025-12-17,NESTLEIND.NS,FMCG,3908.71,4892612
2025-12-18,NESTLEIND.NS,FMCG,3916.76,3861458
2025-12-19,NESTLEIND.NS,FMCG,3888.47,3331577
2025-12-22,NESTLEIND.NS,FMCG,3912.29,4843789
2025-12-23,NESTLEIND.NS,FMCG,3880.4,3205897
2025-12-24,NESTLEIND.NS,FMCG,3924.17,1384207
2025-12-26,NESTLEIND.NS,FMCG,4062.62,3270406
2025-12-29,NESTLEIND.NS,FMCG,4009.85,5144577
2025-12-30,NESTLEIND.NS,FMCG,3944.65,5599083
2025-12-31,NESTLEIND.NS,FMCG,3994.39,2565641
2022-01-03,POWERGRID.NS,Utilities,243.23,2022002
2022-01-04,POWERGRID.NS,Utilities,242.44,3312118
2022-01-05,POWERGRID.NS,Utilities,237.16,6132167
2022-01-06,POWERGRID.NS,Utilities,237.06,4774361
2022-01-07,POWERGRID.NS,Utilities,241.54,2996175
2022-01-10,POWERGRID.NS,Utilities,246.36,3817423
2022-01-11,POWERGRID.NS,Utilities,247.05,4177536
2022-01-12,POWERGRID.NS,Utilities,245.61,7035375
2022-01-13,POWERGRID.NS,Utilities,241.41,4070437
2022-01-14,POWERGRID.NS,Utilities,246.75,3373629
2022-01-17,POWERGRID.NS,Utilities,248.04,4588381
2022-01-18,POWERGRID.NS,Utilities,250.02,5069127
2022-01-19,POWERGRID.NS,Utilities,246.47,5299228
2022-01-20,POWERGRID.NS,Utilities,242.03,5263522
2022-01-21,POWERGRID.NS,Utilities,241.96,8583770
2022-01-24,POWERGRID.NS,Utilities,241.3,2657103
2022-01-25,POWERGRID.NS,Utilities,244.37,3874448
2022-01-27,POWERGRID.NS,Utilities,239.32,4037639
2022-01-28,POWERGRID.NS,Utilities,241.87,2586525
2022-01-31,POWERGRID.NS,Utilities,239.02,2743616
2022-02-01,POWERGRID.NS,Utilities,240.02,3704023
2022-02-02,POWERGRID.NS,Utilities,237.87,3567814
2022-02-03,POWERGRID.NS,Utilities,240.27,3384925
2022-02-04,POWERGRID.NS,Utilities,237.88,2162858
2022-02-07,POWERGRID.NS,Utilities,238.84,2737514
2022-02-08,POWERGRID.NS,Utilities,236.81,3317534
2022-02-09,POWERGRID.NS,Utilities,236.71,3713578
2022-02-10,POWERGRID.NS,Utilities,236.45,4473428
2022-02-11,POWERGRID.NS,Utilities,235.59,3683908
2022-02-14,POWERGRID.NS,Utilities,236.12,3194217
2022-02-15,POWERGRID.NS,Utilities,235.78,4569861
2022-02-16,POWERGRID.NS,Utilities,239.04,4412752
2022-02-17,POWERGRID.NS,Utilities,240.53,2913481
2022-02-18,POWERGRID.NS,Utilities,239.31,8013987
2022-02-21,POWERGRID.NS,Utilities,239.2,1814886
2022-02-22,POWERGRID.NS,Utilities,246.99,5085474
2022-02-23,POWERGRID.NS,Utilities,247.35,5540680
2022-02-24,POWERGRID.NS,Utilities,241.78,5797734
2022-02-25,POWERGRID.NS,Utilities,242.32,4519132
2022-02-28,POWERGRID.NS,Utilities,244.42,2496982
2022-03-01,POWERGRID.NS,Utilities,240.91,7986887
2022-03-02,POWERGRID.NS,Utilities,241.06,2502358
2022-03-03,POWERGRID.NS,Utilities,238.47,2768570
2022-03-04,POWERGRID.NS,Utilities,235.61,3335738
2022-03-07,POWERGRID.NS,Utilities,231.41,2585068
2022-03-09,POWERGRID.NS,Utilities,229.62,2592545
2022-03-10,POWERGRID.NS,Utilities,224.76,2949796
2022-03-11,POWERGRID.NS,Utilities,228.77,2034925
2022-03-14,POWERGRID.NS,Utilities,231.9,4181975
2022-03-15,POWERGRID.NS,Utilities,232.42,3442635
2022-03-16,POWERGRID.NS,Utilities,230.04,3679585
2022-03-17,POWERGRID.NS,Utilities,234.69,4429421
2022-03-18,POWERGRID.NS,Utilities,231.67,3837207
2022-03-21,POWERGRID.NS,Utilities,224.14,3192879
2022-03-22,POWERGRID.NS,Utilities,228.39,4704307
2022-03-23,POWERGRID.NS,Utilities,230.99,3643584
2022-03-24,POWERGRID.NS,Utilities,235.63,3018882
2022-03-25,POWERGRID.NS,Utilities,237.26,3809595
2022-03-28,POWERGRID.NS,Utilities,235.78,6249090
2022-03-29,POWERGRID.NS,Utilities,233.81,3280877
2022-03-30,POWERGRID.NS,Utilities,235.15,5033568
2022-03-31,POWERGRID.NS,Utilities,234.3,2834418
2022-04-01,POWERGRID.NS,Utilities,236.49,4037741
2022-04-04,POWERGRID.NS,Utilities,237.05,4407328
2022-04-05,POWERGRID.NS,Utilities,239.97,2954810
2022-04-06,POWERGRID.NS,Utilities,240.54,3537558
2022-04-07,POWERGRID.NS,Utilities,239.49,2874814
2022-04-08,POWERGRID.NS,Utilities,241.53,2969031
2022-04-11,POWERGRID.NS,Utilities,238.54,3979964
2022-04-12,POWERGRID.NS,Utilities,235.92,7020398
2022-04-13,POWERGRID.NS,Utilities,235.68,4627281
2022-04-15,POWERGRID.NS,Utilities,236.65,4046883
2022-04-18,POWERGRID.NS,Utilities,237.07,6576594
2022-04-19,POWERGRID.NS,Utilities,236.83,2532422
2022-04-20,POWERGRID.NS,Utilities,241.25,6420589
2022-04-21,POWERGRID.NS,Utilities,240.43,3521146
2022-04-22,POWERGRID.NS,Utilities,237.57,4430909
2022-04-25,POWERGRID.NS,Utilities,236.62,5094452
2022-04-26,POWERGRID.NS,Utilities,235.27,4760888
2022-04-27,POWERGRID.NS,Utilities,233.09,3545199
2022-04-28,POWERGRID.NS,Utilities,240.95,5384663
2022-04-29,POWERGRID.NS,Utilities,242.54,3490897
2022-05-02,POWERGRID.NS,Utilities,239.83,3484668
2022-05-03,POWERGRID.NS,Utilities,239.29,3957954
2022-05-04,POWERGRID.NS,Utilities,229.54,4805304
2022-05-05,POWERGRID.NS,Utilities,228.92,2842231
2022-05-06,POWERGRID.NS,Utilities,226.31,2955654
2022-05-09,POWERGRID.NS,Utilities,230.83,2200977
2022-05-10,POWERGRID.NS,Utilities,235.66,3653486
2022-05-11,POWERGRID.NS,Utilities,237.71,5832258
2022-05-12,POWERGRID.NS,Utilities,232.82,12420396
2022-05-13,POWERGRID.NS,Utilities,226.66,4393661
2022-05-16,POWERGRID.NS,Utilities,219.93,7169280
2022-05-17,POWERGRID.NS,Utilities,224.62,4082560
2022-05-18,POWERGRID.NS,Utilities,220.79,4187927
2022-05-19,POWERGRID.NS,Utilities,217.77,3862062
2022-05-20,POWERGRID.NS,Utilities,216.65,3973099
2022-05-23,POWERGRID.NS,Utilities,216.45,3980861
2022-05-24,POWERGRID.NS,Utilities,216.91,3599446
2022-05-25,POWERGRID.NS,Utilities,216.41,7503505
2022-05-26,POWERGRID.NS,Utilities,211.78,4893927
2022-05-27,POWERGRID.NS,Utilities,212.45,3144953
2022-05-30,POWERGRID.NS,Utilities,214.73,5048750
2022-05-31,POWERGRID.NS,Utilities,214.09,5722772
2022-06-01,POWERGRID.NS,Utilities,213.76,2622203
2022-06-02,POWERGRID.NS,Utilities,225.75,5803084
2022-06-03,POWERGRID.NS,Utilities,228.23,5536825
2022-06-06,POWERGRID.NS,Utilities,227.31,4602668
2022-06-07,POWERGRID.NS,Utilities,231.97,7026697
2022-06-08,POWERGRID.NS,Utilities,232.22,5744359
2022-06-09,POWERGRID.NS,Utilities,236.53,3504240
2022-06-10,POWERGRID.NS,Utilities,232.01,4251416
2022-06-13,POWERGRID.NS,Utilities,232.48,6645012
2022-06-14,POWERGRID.NS,Utilities,231.34,3443658
2022-06-15,POWERGRID.NS,Utilities,227.12,3537540
2022-06-16,POWERGRID.NS,Utilities,224.84,4493061
2022-06-17,POWERGRID.NS,Utilities,226.56,3767482
2022-06-20,POWERGRID.NS,Utilities,223.62,9683015
2022-06-21,POWERGRID.NS,Utilities,224.46,6567998
2022-06-22,POWERGRID.NS,Utilities,221.91,8764878
2022-06-23,POWERGRID.NS,Utilities,220.88,6258596
2022-06-24,POWERGRID.NS,Utilities,223.17,4389884
2022-06-27,POWERGRID.NS,Utilities,222.64,2030141
2022-06-28,POWERGRID.NS,Utilities,225.88,4604332
2022-06-29,POWERGRID.NS,Utilities,218.87,2745941
2022-06-30,POWERGRID.NS,Utilities,221.84,2348415
2022-07-01,POWERGRID.NS,Utilities,225.26,6131492
2022-07-04,POWERGRID.NS,Utilities,223.87,2757072
2022-07-05,POWERGRID.NS,Utilities,224.38,3152653
2022-07-06,POWERGRID.NS,Utilities,225.02,3423526
2022-07-07,POWERGRID.NS,Utilities,224.34,4255461
2022-07-08,POWERGRID.NS,Utilities,222.22,3957215
2022-07-11,POWERGRID.NS,Utilities,223.37,5253791
2022-07-12,POWERGRID.NS,Utilities,222.96,4949861
2022-07-13,POWERGRID.NS,Utilities,221.74,2331288
2022-07-14,POWERGRID.NS,Utilities,215.64,6916003
2022-07-15,POWERGRID.NS,Utilities,215.33,2704684
2022-07-18,POWERGRID.NS,Utilities,216.23,2833141
2022-07-19,POWERGRID.NS,Utilities,213.51,7464490
2022-07-20,POWERGRID.NS,Utilities,219.82,3918016
2022-07-21,POWERGRID.NS,Utilities,220.54,5976735
2022-07-22,POWERGRID.NS,Utilities,220.95,5164505
2022-07-25,POWERGRID.NS,Utilities,222.19,4703426
2022-07-26,POWERGRID.NS,Utilities,221.89,3132605
2022-07-27,POWERGRID.NS,Utilities,221.69,3734576
2022-07-28,POWERGRID.NS,Utilities,223.64,7203098
2022-07-29,POWERGRID.NS,Utilities,222.18,3143396
2022-08-01,POWERGRID.NS,Utilities,227.63,4098347
2022-08-02,POWERGRID.NS,Utilities,223.98,4792139
2022-08-03,POWERGRID.NS,Utilities,220.63,3481689
2022-08-04,POWERGRID.NS,Utilities,226.54,3136773
2022-08-05,POWERGRID.NS,Utilities,225.61,3753312
2022-08-08,POWERGRID.NS,Utilities,225.43,3725358
2022-08-09,POWERGRID.NS,Utilities,224.45,2362566
2022-08-10,POWERGRID.NS,Utilities,226.93,4399953
2022-08-11,POWERGRID.NS,Utilities,224.1,6359359
2022-08-12,POWERGRID.NS,Utilities,230.4,1237367
2022-08-16,POWERGRID.NS,Utilities,226.84,4258386
2022-08-17,POWERGRID.NS,Utilities,230.97,1396340
2022-08-18,POWERGRID.NS,Utilities,228.0,6695822
2022-08-19,POWERGRID.NS,Utilities,227.26,3246719
2022-08-22,POWERGRID.NS,Utilities,230.4,4007869
2022-08-23,POWERGRID.NS,Utilities,235.94,2802247
2022-08-24,POWERGRID.NS,Utilities,234.18,7973780
2022-08-25,POWERGRID.NS,Utilities,229.72,8279304
2022-08-26,POWERGRID.NS,Utilities,231.82,2705902
2022-08-29,POWERGRID.NS,Utilities,228.71,2598117
2022-08-30,POWERGRID.NS,Utilities,227.93,5353962
2022-08-31,POWERGRID.NS,Utilities,225.52,5397861
2022-09-01,POWERGRID.NS,Utilities,228.5,3485463
2022-09-02,POWERGRID.NS,Utilities,230.27,2757979
2022-09-05,POWERGRID.NS,Utilities,231.4,6753990
2022-09-06,POWERGRID.NS,Utilities,228.78,3632285
2022-09-07,POWERGRID.NS,Utilities,235.09,3559071
2022-09-08,POWERGRID.NS,Utilities,235.2,4162153
2022-09-09,POWERGRID.NS,Utilities,234.05,2376462
2022-09-12,POWERGRID.NS,Utilities,231.11,3198491
2022-09-13,POWERGRID.NS,Utilities,232.17,2800390
2022-09-14,POWERGRID.NS,Utilities,230.4,1989248
2022-09-15,POWERGRID.NS,Utilities,221.58,2947246
2022-09-16,POWERGRID.NS,Utilities,225.36,3904440
2022-09-19,POWERGRID.NS,Utilities,228.19,3008629
2022-09-20,POWERGRID.NS,Utilities,227.33,3783130
2022-09-21,POWERGRID.NS,Utilities,227.34,2735089
2022-09-22,POWERGRID.NS,Utilities,228.06,4920108
2022-09-23,POWERGRID.NS,Utilities,227.17,5611389
2022-09-26,POWERGRID.NS,Utilities,226.5,5008425
2022-09-27,POWERGRID.NS,Utilities,223.38,4199348
2022-09-28,POWERGRID.NS,Utilities,223.83,5292914
2022-09-29,POWERGRID.NS,Utilities,221.09,3203505
2022-09-30,POWERGRID.NS,Utilities,220.78,3010543
2022-10-03,POWERGRID.NS,Utilities,220.36,3876514
2022-10-04,POWERGRID.NS,Utilities,225.96,3285789
2022-10-05,POWERGRID.NS,Utilities,220.86,6427003
2022-10-06,POWERGRID.NS,Utilities,221.97,8076217
2022-10-07,POWERGRID.NS,Utilities,218.21,10006990
2022-10-10,POWERGRID.NS,Utilities,220.12,5506971
2022-10-11,POWERGRID.NS,Utilities,221.41,4526741
2022-10-12,POWERGRID.NS,Utilities,215.96,2006463
2022-10-13,POWERGRID.NS,Utilities,220.7,3446619
2022-10-14,POWERGRID.NS,Utilities,219.54,3080036
2022-10-17,POWERGRID.NS,Utilities,221.41,3160150
2022-10-18,POWERGRID.NS,Utilities,219.37,6408064
2022-10-19,POWERGRID.NS,Utilities,219.51,6632585
2022-10-20,POWERGRID.NS,Utilities,221.79,3443036
2022-10-21,POWERGRID.NS,Utilities,221.26,3219957
2022-10-25,POWERGRID.NS,Utilities,219.44,3695618
2022-10-26,POWERGRID.NS,Utilities,219.18,2104014
2022-10-27,POWERGRID.NS,Utilities,222.11,6266650
2022-10-28,POWERGRID.NS,Utilities,227.05,5333441
2022-10-31,POWERGRID.NS,Utilities,227.87,2589809
2022-11-01,POWERGRID.NS,Utilities,222.1,2607323
2022-11-02,POWERGRID.NS,Utilities,224.27,7145177
2022-11-03,POWERGRID.NS,Utilities,219.78,5370481
2022-11-04,POWERGRID.NS,Utilities,218.94,7646318
2022-11-07,POWERGRID.NS,Utilities,213.81,3071742
2022-11-08,POWERGRID.NS,Utilities,211.06,7567932
2022-11-09,POWERGRID.NS,Utilities,209.86,2899305
2022-11-10,POWERGRID.NS,Utilities,209.73,4273210
2022-11-11,POWERGRID.NS,Utilities,206.84,2204639
2022-11-14,POWERGRID.NS,Utilities,207.93,3392590
2022-11-15,POWERGRID.NS,Utilities,210.68,4332272
2022-11-16,POWERGRID.NS,Utilities,212.47,3514927
2022-11-17,POWERGRID.NS,Utilities,212.67,5069568
2022-11-18,POWERGRID.NS,Utilities,211.64,3057469
2022-11-21,POWERGRID.NS,Utilities,209.32,4066051
2022-11-22,POWERGRID.NS,Utilities,207.69,3617943
2022-11-23,POWERGRID.NS,Utilities,214.62,3602444
2022-11-24,POWERGRID.NS,Utilities,216.86,5386636
2022-11-25,POWERGRID.NS,Utilities,221.05,3181326
2022-11-28,POWERGRID.NS,Utilities,221.26,3807905
2022-11-29,POWERGRID.NS,Utilities,222.52,3426196
2022-11-30,POWERGRID.NS,Utilities,215.08,7100224
2022-12-01,POWERGRID.NS,Utilities,216.24,3991067
2022-12-02,POWERGRID.NS,Utilities,213.51,4002527
2022-12-05,POWERGRID.NS,Utilities,210.49,3659703
2022-12-06,POWERGRID.NS,Utilities,217.21,4683343
2022-12-07,POWERGRID.NS,Utilities,214.53,3473689
2022-12-08,POWERGRID.NS,Utilities,217.52,3419429
2022-12-09,POWERGRID.NS,Utilities,215.44,3420432
2022-12-12,POWERGRID.NS,Utilities,217.88,4099359
2022-12-13,POWERGRID.NS,Utilities,221.77,5851983
2022-12-14,POWERGRID.NS,Utilities,217.02,3580299
2022-12-15,POWERGRID.NS,Utilities,219.63,2530308
2022-12-16,POWERGRID.NS,Utilities,218.8,2376787
2022-12-19,POWERGRID.NS,Utilities,220.8,11050139
2022-12-20,POWERGRID.NS,Utilities,214.35,2998861
2022-12-21,POWERGRID.NS,Utilities,210.87,7773746
2022-12-22,POWERGRID.NS,Utilities,213.14,3675981
2022-12-23,POWERGRID.NS,Utilities,212.29,2856332
2022-12-26,POWERGRID.NS,Utilities,212.58,3885769
2022-12-27,POWERGRID.NS,Utilities,212.41,4974360
2022-12-28,POWERGRID.NS,Utilities,216.38,3691949
2022-12-29,POWERGRID.NS,Utilities,216.95,3235183
2022-12-30,POWERGRID.NS,Utilities,220.56,2313721
2023-01-02,POWERGRID.NS,Utilities,221.29,3207170
2023-01-03,POWERGRID.NS,Utilities,218.99,4598977
2023-01-04,POWERGRID.NS,Utilities,216.89,2325520
2023-01-05,POWERGRID.NS,Utilities,214.23,3426938
2023-01-06,POWERGRID.NS,Utilities,211.39,4382923
2023-01-09,POWERGRID.NS,Utilities,208.32,6067676
2023-01-10,POWERGRID.NS,Utilities,207.22,2707448
2023-01-11,POWERGRID.NS,Utilities,206.41,8149620
2023-01-12,POWERGRID.NS,Utilities,206.67,4689256
2023-01-13,POWERGRID.NS,Utilities,205.31,2653318
2023-01-16,POWERGRID.NS,Utilities,206.87,4205050
2023-01-17,POWERGRID.NS,Utilities,203.82,3100028
2023-01-18,POWERGRID.NS,Utilities,205.52,2307860
2023-01-19,POWERGRID.NS,Utilities,204.21,3773976
2023-01-20,POWERGRID.NS,Utilities,206.18,3809702
2023-01-23,POWERGRID.NS,Utilities,205.18,4402706
2023-01-24,POWERGRID.NS,Utilities,205.87,2864564
2023-01-25,POWERGRID.NS,Utilities,200.0,2936490
2023-01-27,POWERGRID.NS,Utilities,198.28,5550507
2023-01-30,POWERGRID.NS,Utilities,198.62,5212082
2023-01-31,POWERGRID.NS,Utilities,199.61,2582411
2023-02-01,POWERGRID.NS,Utilities,199.43,2224740
2023-02-02,POWERGRID.NS,Utilities,197.47,2697311
2023-02-03,POWERGRID.NS,Utilities,201.54,5906115
2023-02-06,POWERGRID.NS,Utilities,203.29,1452317
2023-02-07,POWERGRID.NS,Utilities,200.33,3253505
2023-02-08,POWERGRID.NS,Utilities,196.85,5516684
2023-02-09,POWERGRID.NS,Utilities,196.79,4271877
2023-02-10,POWERGRID.NS,Utilities,196.28,3786170
2023-02-13,POWERGRID.NS,Utilities,193.64,5512720
2023-02-14,POWERGRID.NS,Utilities,196.92,3693203
2023-02-15,POWERGRID.NS,Utilities,192.71,3298472
2023-02-16,POWERGRID.NS,Utilities,193.83,5193473
2023-02-17,POWERGRID.NS,Utilities,193.41,7804688
2023-02-20,POWERGRID.NS,Utilities,196.27,1799252
2023-02-21,POWERGRID.NS,Utilities,193.42,3033623
2023-02-22,POWERGRID.NS,Utilities,187.87,3585523
2023-02-23,POWERGRID.NS,Utilities,191.53,3277455
2023-02-24,POWERGRID.NS,Utilities,188.51,4078227
2023-02-27,POWERGRID.NS,Utilities,189.73,3962678
2023-02-28,POWERGRID.NS,Utilities,192.28,2603759
2023-03-01,POWERGRID.NS,Utilities,191.22,4877949
2023-03-02,POWERGRID.NS,Utilities,193.7,3826489
2023-03-03,POWERGRID.NS,Utilities,194.98,6184515
2023-03-06,POWERGRID.NS,Utilities,198.18,5801558
2023-03-07,POWERGRID.NS,Utilities,194.07,3706355
2023-03-09,POWERGRID.NS,Utilities,192.05,4807582
2023-03-10,POWERGRID.NS,Utilities,195.39,1788069
2023-03-13,POWERGRID.NS,Utilities,194.7,1895991
2023-03-14,POWERGRID.NS,Utilities,193.14,5850443
2023-03-15,POWERGRID.NS,Utilities,194.6,3804920
2023-03-16,POWERGRID.NS,Utilities,197.97,6226220
2023-03-17,POWERGRID.NS,Utilities,199.69,5862098
2023-03-20,POWERGRID.NS,Utilities,202.74,2333272
2023-03-21,POWERGRID.NS,Utilities,199.73,5018239
2023-03-22,POWERGRID.NS,Utilities,203.08,3034175
2023-03-23,POWERGRID.NS,Utilities,206.11,3589959
2023-03-24,POWERGRID.NS,Utilities,205.23,2555003
2023-03-27,POWERGRID.NS,Utilities,206.41,5653875
2023-03-28,POWERGRID.NS,Utilities,208.76,4737057
2023-03-29,POWERGRID.NS,Utilities,204.77,3233856
2023-03-30,POWERGRID.NS,Utilities,206.24,3040054
2023-03-31,POWERGRID.NS,Utilities,207.75,5233895
2023-04-03,POWERGRID.NS,Utilities,209.28,3030832
2023-04-04,POWERGRID.NS,Utilities,209.27,3226784
2023-04-05,POWERGRID.NS,Utilities,202.82,3088879
2023-04-06,POWERGRID.NS,Utilities,204.7,3078009
2023-04-07,POWERGRID.NS,Utilities,205.19,5064163
2023-04-10,POWERGRID.NS,Utilities,204.86,4322989
2023-04-11,POWERGRID.NS,Utilities,197.37,3278649
2023-04-12,POWERGRID.NS,Utilities,198.65,2761716
2023-04-13,POWERGRID.NS,Utilities,200.07,3967144
2023-04-17,POWERGRID.NS,Utilities,201.79,3633409
2023-04-18,POWERGRID.NS,Utilities,202.7,5242039
2023-04-19,POWERGRID.NS,Utilities,201.04,3096484
2023-04-20,POWERGRID.NS,Utilities,198.64,4640873
2023-04-21,POWERGRID.NS,Utilities,200.02,3650585
2023-04-24,POWERGRID.NS,Utilities,201.82,4416909
2023-04-25,POWERGRID.NS,Utilities,198.2,7049424
2023-04-26,POWERGRID.NS,Utilities,198.6,3642057
2023-04-27,POWERGRID.NS,Utilities,201.86,8543293
2023-04-28,POWERGRID.NS,Utilities,202.45,3702940
2023-05-02,POWERGRID.NS,Utilities,200.24,2772406
2023-05-03,POWERGRID.NS,Utilities,202.81,6909266
2023-05-04,POWERGRID.NS,Utilities,201.77,7534295
2023-05-05,POWERGRID.NS,Utilities,202.74,2876784
2023-05-08,POWERGRID.NS,Utilities,201.67,3028962
2023-05-09,POWERGRID.NS,Utilities,201.9,5317185
2023-05-10,POWERGRID.NS,Utilities,205.06,4878450
2023-05-11,POWERGRID.NS,Utilities,210.22,3007448
2023-05-12,POWERGRID.NS,Utilities,211.81,2918917
2023-05-15,POWERGRID.NS,Utilities,213.55,4411680
2023-05-16,POWERGRID.NS,Utilities,214.96,3807336
2023-05-17,POWERGRID.NS,Utilities,211.85,4887063
2023-05-18,POWERGRID.NS,Utilities,217.33,4880790
2023-05-19,POWERGRID.NS,Utilities,218.14,5498278
2023-05-22,POWERGRID.NS,Utilities,219.24,1952732
2023-05-23,POWERGRID.NS,Utilities,221.94,7667279
2023-05-24,POWERGRID.NS,Utilities,218.65,4787109
2023-05-25,POWERGRID.NS,Utilities,220.95,3431488
2023-05-26,POWERGRID.NS,Utilities,217.95,3847332
2023-05-29,POWERGRID.NS,Utilities,216.48,5010700
2023-05-30,POWERGRID.NS,Utilities,214.58,4335114
2023-05-31,POWERGRID.NS,Utilities,220.65,4356496
2023-06-01,POWERGRID.NS,Utilities,224.06,3865848
2023-06-02,POWERGRID.NS,Utilities,226.76,7159424
2023-06-05,POWERGRID.NS,Utilities,222.75,4497348
2023-06-06,POWERGRID.NS,Utilities,224.17,5946648
2023-06-07,POWERGRID.NS,Utilities,225.21,8571440
2023-06-08,POWERGRID.NS,Utilities,226.4,5593140
2023-06-09,POWERGRID.NS,Utilities,226.5,4436304
2023-06-12,POWERGRID.NS,Utilities,223.12,2096898
2023-06-13,POWERGRID.NS,Utilities,221.68,3459699
2023-06-14,POWERGRID.NS,Utilities,223.73,8387965
2023-06-15,POWERGRID.NS,Utilities,222.94,4482835
2023-06-16,POWERGRID.NS,Utilities,222.86,2503643
2023-06-19,POWERGRID.NS,Utilities,221.17,3705621
2023-06-20,POWERGRID.NS,Utilities,223.55,2642161
2023-06-21,POWERGRID.NS,Utilities,223.57,3401903
2023-06-22,POWERGRID.NS,Utilities,223.41,3467866
2023-06-23,POWERGRID.NS,Utilities,225.37,3252473
2023-06-26,POWERGRID.NS,Utilities,222.59,4102452
2023-06-27,POWERGRID.NS,Utilities,222.5,1953355
2023-06-28,POWERGRID.NS,Utilities,214.86,5033302
2023-06-29,POWERGRID.NS,Utilities,212.86,6593707
2023-06-30,POWERGRID.NS,Utilities,215.3,2096677
2023-07-03,POWERGRID.NS,Utilities,214.65,5792434
2023-07-04,POWERGRID.NS,Utilities,216.7,5021861
2023-07-05,POWERGRID.NS,Utilities,211.49,4536843
2023-07-06,POWERGRID.NS,Utilities,209.58,4060687
2023-07-07,POWERGRID.NS,Utilities,206.22,4320457
2023-07-10,POWERGRID.NS,Utilities,202.81,5407313
2023-07-11,POWERGRID.NS,Utilities,200.08,4310482
2023-07-12,POWERGRID.NS,Utilities,203.09,10243188
2023-07-13,POWERGRID.NS,Utilities,207.01,3198231
2023-07-14,POWERGRID.NS,Utilities,209.03,7101898
2023-07-17,POWERGRID.NS,Utilities,209.31,3817910
2023-07-18,POWERGRID.NS,Utilities,203.89,3476828
2023-07-19,POWERGRID.NS,Utilities,210.92,5681583
2023-07-20,POWERGRID.NS,Utilities,210.25,3586025
2023-07-21,POWERGRID.NS,Utilities,211.56,7342619
2023-07-24,POWERGRID.NS,Utilities,214.36,3074254
2023-07-25,POWERGRID.NS,Utilities,216.56,6226902
2023-07-26,POWERGRID.NS,Utilities,216.61,4929358
2023-07-27,POWERGRID.NS,Utilities,216.36,3769935
2023-07-28,POWERGRID.NS,Utilities,210.91,2831185
2023-07-31,POWERGRID.NS,Utilities,212.7,2827363
2023-08-01,POWERGRID.NS,Utilities,207.67,2965797
2023-08-02,POWERGRID.NS,Utilities,206.18,5883613
2023-08-03,POWERGRID.NS,Utilities,205.39,4057192
2023-08-04,POWERGRID.NS,Utilities,205.38,5264533
2023-08-07,POWERGRID.NS,Utilities,203.28,4212428
2023-08-08,POWERGRID.NS,Utilities,206.4,2718891
2023-08-09,POWERGRID.NS,Utilities,204.94,4521704
2023-08-10,POWERGRID.NS,Utilities,205.41,4949403
2023-08-11,POWERGRID.NS,Utilities,203.54,2165372
2023-08-14,POWERGRID.NS,Utilities,206.66,3241870
2023-08-16,POWERGRID.NS,Utilities,203.53,3003185
2023-08-17,POWERGRID.NS,Utilities,207.32,2573709
2023-08-18,POWERGRID.NS,Utilities,202.44,4200579
2023-08-21,POWERGRID.NS,Utilities,201.72,4396324
2023-08-22,POWERGRID.NS,Utilities,203.13,6322718
2023-08-23,POWERGRID.NS,Utilities,200.55,5295618
2023-08-24,POWERGRID.NS,Utilities,200.16,3588340
2023-08-25,POWERGRID.NS,Utilities,194.48,3590884
2023-08-28,POWERGRID.NS,Utilities,197.67,7425130
2023-08-29,POWERGRID.NS,Utilities,198.55,4767188
2023-08-30,POWERGRID.NS,Utilities,199.16,5970326
2023-08-31,POWERGRID.NS,Utilities,198.09,2435689
2023-09-01,POWERGRID.NS,Utilities,199.41,2293179
2023-09-04,POWERGRID.NS,Utilities,200.13,3454039
2023-09-05,POWERGRID.NS,Utilities,203.06,5621418
2023-09-06,POWERGRID.NS,Utilities,201.52,6969812
2023-09-07,POWERGRID.NS,Utilities,196.34,3056876
2023-09-08,POWERGRID.NS,Utilities,194.27,4802783
2023-09-11,POWERGRID.NS,Utilities,192.89,4614775
2023-09-12,POWERGRID.NS,Utilities,191.32,2657239
2023-09-13,POWERGRID.NS,Utilities,192.12,2963794
2023-09-14,POWERGRID.NS,Utilities,190.92,3842313
2023-09-15,POWERGRID.NS,Utilities,192.0,2553747
2023-09-18,POWERGRID.NS,Utilities,186.51,9693161
2023-09-19,POWERGRID.NS,Utilities,184.99,2754606
2023-09-20,POWERGRID.NS,Utilities,180.7,3402558
2023-09-21,POWERGRID.NS,Utilities,179.83,4539037
2023-09-22,POWERGRID.NS,Utilities,182.08,4345796
2023-09-25,POWERGRID.NS,Utilities,181.74,4954918
2023-09-26,POWERGRID.NS,Utilities,182.23,2801278
2023-09-27,POWERGRID.NS,Utilities,182.9,2484108
2023-09-28,POWERGRID.NS,Utilities,183.08,4134778
2023-09-29,POWERGRID.NS,Utilities,181.45,2906470
2023-10-03,POWERGRID.NS,Utilities,181.48,3093276
2023-10-04,POWERGRID.NS,Utilities,179.68,3015597
2023-10-05,POWERGRID.NS,Utilities,182.0,3014144
2023-10-06,POWERGRID.NS,Utilities,185.62,2401764
2023-10-09,POWERGRID.NS,Utilities,183.57,2746236
2023-10-10,POWERGRID.NS,Utilities,185.95,3511968
2023-10-11,POWERGRID.NS,Utilities,186.48,5935554
2023-10-12,POWERGRID.NS,Utilities,185.56,8127257
2023-10-13,POWERGRID.NS,Utilities,185.95,5518984
2023-10-16,POWERGRID.NS,Utilities,183.35,4344479
2023-10-17,POWERGRID.NS,Utilities,184.71,5709458
2023-10-18,POWERGRID.NS,Utilities,182.67,3780520
2023-10-19,POWERGRID.NS,Utilities,181.38,4367627
2023-10-20,POWERGRID.NS,Utilities,184.53,5134042
2023-10-23,POWERGRID.NS,Utilities,180.82,4826683
2023-10-24,POWERGRID.NS,Utilities,183.27,5581784
2023-10-25,POWERGRID.NS,Utilities,182.9,5062865
2023-10-26,POWERGRID.NS,Utilities,187.36,3088155
2023-10-27,POWERGRID.NS,Utilities,190.04,5000215
2023-10-30,POWERGRID.NS,Utilities,190.39,3072393
2023-10-31,POWERGRID.NS,Utilities,188.77,5158545
2023-11-01,POWERGRID.NS,Utilities,190.94,3459543
2023-11-02,POWERGRID.NS,Utilities,191.0,2540613
2023-11-03,POWERGRID.NS,Utilities,192.06,2446068
2023-11-06,POWERGRID.NS,Utilities,189.91,8499327
2023-11-07,POWERGRID.NS,Utilities,193.61,2764669
2023-11-08,POWERGRID.NS,Utilities,195.94,5562748
2023-11-09,POWERGRID.NS,Utilities,195.48,5057751
2023-11-10,POWERGRID.NS,Utilities,192.27,5512703
2023-11-13,POWERGRID.NS,Utilities,187.11,2806132
2023-11-14,POWERGRID.NS,Utilities,184.25,3447836
2023-11-15,POWERGRID.NS,Utilities,186.66,2839873
2023-11-16,POWERGRID.NS,Utilities,184.48,5635159
2023-11-17,POWERGRID.NS,Utilities,181.58,6704106
2023-11-20,POWERGRID.NS,Utilities,183.54,3926617
2023-11-21,POWERGRID.NS,Utilities,183.72,8450137
2023-11-22,POWERGRID.NS,Utilities,183.13,4371587
2023-11-23,POWERGRID.NS,Utilities,186.31,3710770
2023-11-24,POWERGRID.NS,Utilities,185.1,4128652
2023-11-27,POWERGRID.NS,Utilities,187.57,4725235
2023-11-28,POWERGRID.NS,Utilities,185.83,2377942
2023-11-29,POWERGRID.NS,Utilities,183.29,4371481
2023-11-30,POWERGRID.NS,Utilities,187.2,3770981
2023-12-01,POWERGRID.NS,Utilities,183.49,3636180
2023-12-04,POWERGRID.NS,Utilities,182.61,3807895
2023-12-05,POWERGRID.NS,Utilities,181.34,5614264
2023-12-06,POWERGRID.NS,Utilities,187.1,3992910
2023-12-07,POWERGRID.NS,Utilities,183.63,2678817
2023-12-08,POWERGRID.NS,Utilities,179.89,4089059
2023-12-11,POWERGRID.NS,Utilities,180.22,3657609
2023-12-12,POWERGRID.NS,Utilities,181.04,3990417
2023-12-13,POWERGRID.NS,Utilities,183.57,3875430
2023-12-14,POWERGRID.NS,Utilities,182.27,4505379
2023-12-15,POWERGRID.NS,Utilities,183.78,2447256
2023-12-18,POWERGRID.NS,Utilities,179.73,2477950
2023-12-19,POWERGRID.NS,Utilities,181.88,3856523
2023-12-20,POWERGRID.NS,Utilities,185.28,3631766
2023-12-21,POWERGRID.NS,Utilities,185.15,2846787
2023-12-22,POWERGRID.NS,Utilities,185.52,1947026
2023-12-26,POWERGRID.NS,Utilities,186.21,4342874
2023-12-27,POWERGRID.NS,Utilities,185.69,3398292
2023-12-28,POWERGRID.NS,Utilities,186.95,4470083
2023-12-29,POWERGRID.NS,Utilities,184.07,4374071
2024-01-01,POWERGRID.NS,Utilities,184.76,5109118
2024-01-02,POWERGRID.NS,Utilities,188.08,2742813
2024-01-03,POWERGRID.NS,Utilities,189.2,4014614
2024-01-04,POWERGRID.NS,Utilities,189.4,8267764
2024-01-05,POWERGRID.NS,Utilities,193.27,4339971
2024-01-08,POWERGRID.NS,Utilities,194.76,6717344
2024-01-09,POWERGRID.NS,Utilities,192.98,5092937
2024-01-10,POWERGRID.NS,Utilities,199.32,2919820
2024-01-11,POWERGRID.NS,Utilities,199.22,9255386
2024-01-12,POWERGRID.NS,Utilities,199.34,6482693
2024-01-15,POWERGRID.NS,Utilities,194.96,2540777
2024-01-16,POWERGRID.NS,Utilities,195.19,3775687
2024-01-17,POWERGRID.NS,Utilities,197.37,7446071
2024-01-18,POWERGRID.NS,Utilities,194.32,4991754
2024-01-19,POWERGRID.NS,Utilities,193.8,2093999
2024-01-22,POWERGRID.NS,Utilities,195.09,3125253
2024-01-23,POWERGRID.NS,Utilities,197.58,3026614
2024-01-24,POWERGRID.NS,Utilities,195.11,6704891
2024-01-25,POWERGRID.NS,Utilities,200.65,4782154
2024-01-29,POWERGRID.NS,Utilities,198.02,3585298
2024-01-30,POWERGRID.NS,Utilities,197.07,3040314
2024-01-31,POWERGRID.NS,Utilities,192.15,5046757
2024-02-01,POWERGRID.NS,Utilities,189.39,3823505
2024-02-02,POWERGRID.NS,Utilities,190.89,4252769
2024-02-05,POWERGRID.NS,Utilities,193.44,4937214
2024-02-06,POWERGRID.NS,Utilities,191.01,4243463
2024-02-07,POWERGRID.NS,Utilities,190.52,2484161
2024-02-08,POWERGRID.NS,Utilities,190.9,5384543
2024-02-09,POWERGRID.NS,Utilities,187.16,5737268
2024-02-12,POWERGRID.NS,Utilities,182.52,8347211
2024-02-13,POWERGRID.NS,Utilities,183.05,3208979
2024-02-14,POWERGRID.NS,Utilities,184.18,6254970
2024-02-15,POWERGRID.NS,Utilities,180.5,6246338
2024-02-16,POWERGRID.NS,Utilities,179.13,5800284
2024-02-19,POWERGRID.NS,Utilities,178.84,4221616
2024-02-20,POWERGRID.NS,Utilities,180.6,2896985
2024-02-21,POWERGRID.NS,Utilities,179.19,3605916
2024-02-22,POWERGRID.NS,Utilities,178.1,2698414
2024-02-23,POWERGRID.NS,Utilities,180.21,2355028
2024-02-26,POWERGRID.NS,Utilities,178.36,5197348
2024-02-27,POWERGRID.NS,Utilities,174.55,2976712
2024-02-28,POWERGRID.NS,Utilities,178.5,1996641
2024-02-29,POWERGRID.NS,Utilities,176.84,4170806
2024-03-01,POWERGRID.NS,Utilities,178.42,5307227
2024-03-04,POWERGRID.NS,Utilities,177.31,4982143
2024-03-05,POWERGRID.NS,Utilities,179.28,2828200
2024-03-06,POWERGRID.NS,Utilities,176.62,3236703
2024-03-07,POWERGRID.NS,Utilities,175.69,4614694
2024-03-11,POWERGRID.NS,Utilities,175.84,5485242
2024-03-12,POWERGRID.NS,Utilities,176.63,4653915
2024-03-13,POWERGRID.NS,Utilities,178.49,5422891
2024-03-14,POWERGRID.NS,Utilities,175.27,3768043
2024-03-15,POWERGRID.NS,Utilities,174.06,4593601
2024-03-18,POWERGRID.NS,Utilities,176.44,4310151
2024-03-19,POWERGRID.NS,Utilities,176.4,2718293
2024-03-20,POWERGRID.NS,Utilities,180.44,2153646
2024-03-21,POWERGRID.NS,Utilities,177.9,2957142
2024-03-22,POWERGRID.NS,Utilities,173.62,3086367
2024-03-25,POWERGRID.NS,Utilities,174.13,6364170
2024-03-26,POWERGRID.NS,Utilities,173.9,3831489
2024-03-27,POWERGRID.NS,Utilities,173.14,2974637
2024-03-28,POWERGRID.NS,Utilities,174.37,3730084
2024-03-29,POWERGRID.NS,Utilities,177.0,4287755
2024-04-01,POWERGRID.NS,Utilities,176.87,3422272
2024-04-02,POWERGRID.NS,Utilities,176.61,3255892
2024-04-03,POWERGRID.NS,Utilities,178.04,3468326
2024-04-04,POWERGRID.NS,Utilities,178.45,4294538
2024-04-05,POWERGRID.NS,Utilities,178.62,3750797
2024-04-08,POWERGRID.NS,Utilities,177.5,3383557
2024-04-09,POWERGRID.NS,Utilities,179.47,3050292
2024-04-10,POWERGRID.NS,Utilities,177.27,4478116
2024-04-11,POWERGRID.NS,Utilities,172.32,3480113
2024-04-12,POWERGRID.NS,Utilities,174.4,4864292
2024-04-15,POWERGRID.NS,Utilities,175.84,6913301
2024-04-16,POWERGRID.NS,Utilities,175.26,2697115
2024-04-17,POWERGRID.NS,Utilities,172.5,3661524
2024-04-18,POWERGRID.NS,Utilities,171.51,2279634
2024-04-19,POWERGRID.NS,Utilities,172.37,3666964
2024-04-22,POWERGRID.NS,Utilities,174.55,7728693
2024-04-23,POWERGRID.NS,Utilities,172.06,4913055
2024-04-24,POWERGRID.NS,Utilities,166.17,3159021
2024-04-25,POWERGRID.NS,Utilities,165.2,4689476
2024-04-26,POWERGRID.NS,Utilities,166.59,2688489
2024-04-29,POWERGRID.NS,Utilities,165.54,2688153
2024-04-30,POWERGRID.NS,Utilities,168.35,5020846
2024-05-02,POWERGRID.NS,Utilities,170.69,3579052
2024-05-03,POWERGRID.NS,Utilities,166.64,3692681
2024-05-06,POWERGRID.NS,Utilities,165.78,3924402
2024-05-07,POWERGRID.NS,Utilities,165.22,3650553
2024-05-08,POWERGRID.NS,Utilities,164.65,6303915
2024-05-09,POWERGRID.NS,Utilities,164.81,2395868
2024-05-10,POWERGRID.NS,Utilities,163.89,3015023
2024-05-13,POWERGRID.NS,Utilities,164.76,4321722
2024-05-14,POWERGRID.NS,Utilities,168.12,2653595
2024-05-15,POWERGRID.NS,Utilities,170.67,3057913
2024-05-16,POWERGRID.NS,Utilities,173.43,5394827
2024-05-17,POWERGRID.NS,Utilities,176.35,2972926
2024-05-20,POWERGRID.NS,Utilities,177.23,5316734
2024-05-21,POWERGRID.NS,Utilities,175.59,2494076
2024-05-22,POWERGRID.NS,Utilities,177.61,8196460
2024-05-23,POWERGRID.NS,Utilities,175.64,5065412
2024-05-24,POWERGRID.NS,Utilities,176.24,5106991
2024-05-27,POWERGRID.NS,Utilities,175.55,3486260
2024-05-28,POWERGRID.NS,Utilities,171.99,4007666
2024-05-29,POWERGRID.NS,Utilities,175.76,10264236
2024-05-30,POWERGRID.NS,Utilities,175.57,2723598
2024-05-31,POWERGRID.NS,Utilities,173.89,3276821
2024-06-03,POWERGRID.NS,Utilities,174.02,3555517
2024-06-04,POWERGRID.NS,Utilities,171.1,4240180
2024-06-05,POWERGRID.NS,Utilities,167.67,5079846
2024-06-06,POWERGRID.NS,Utilities,170.16,4751049
2024-06-07,POWERGRID.NS,Utilities,168.04,2738983
2024-06-10,POWERGRID.NS,Utilities,168.51,5228076
2024-06-11,POWERGRID.NS,Utilities,169.54,5216320
2024-06-12,POWERGRID.NS,Utilities,170.55,4095564
2024-06-13,POWERGRID.NS,Utilities,168.72,3206371
2024-06-14,POWERGRID.NS,Utilities,167.41,4414242
2024-06-17,POWERGRID.NS,Utilities,170.94,3620588
2024-06-18,POWERGRID.NS,Utilities,166.61,3927975
2024-06-19,POWERGRID.NS,Utilities,167.0,4021702
2024-06-20,POWERGRID.NS,Utilities,167.68,2941226
2024-06-21,POWERGRID.NS,Utilities,169.38,4046561
2024-06-24,POWERGRID.NS,Utilities,169.14,5808115
2024-06-25,POWERGRID.NS,Utilities,167.36,5064317
2024-06-26,POWERGRID.NS,Utilities,169.71,3733815
2024-06-27,POWERGRID.NS,Utilities,171.38,3667444
2024-06-28,POWERGRID.NS,Utilities,172.71,7389637
2024-07-01,POWERGRID.NS,Utilities,172.07,2946601
2024-07-02,POWERGRID.NS,Utilities,170.98,5008323
2024-07-03,POWERGRID.NS,Utilities,171.87,6120946
2024-07-04,POWERGRID.NS,Utilities,176.75,2718765
2024-07-05,POWERGRID.NS,Utilities,175.37,3767911
2024-07-08,POWERGRID.NS,Utilities,173.43,5891965
2024-07-09,POWERGRID.NS,Utilities,170.72,3097267
2024-07-10,POWERGRID.NS,Utilities,169.0,4209840
2024-07-11,POWERGRID.NS,Utilities,167.11,2450754
2024-07-12,POWERGRID.NS,Utilities,166.63,3470472
2024-07-15,POWERGRID.NS,Utilities,166.98,6513900
2024-07-16,POWERGRID.NS,Utilities,169.99,2586811
2024-07-17,POWERGRID.NS,Utilities,170.45,2255760
2024-07-18,POWERGRID.NS,Utilities,167.44,3943126
2024-07-19,POWERGRID.NS,Utilities,163.74,4813555
2024-07-22,POWERGRID.NS,Utilities,163.61,3367397
2024-07-23,POWERGRID.NS,Utilities,162.45,3587796
2024-07-24,POWERGRID.NS,Utilities,159.27,5178355
2024-07-25,POWERGRID.NS,Utilities,157.82,6134081
2024-07-26,POWERGRID.NS,Utilities,159.39,4789988
2024-07-29,POWERGRID.NS,Utilities,159.02,5564898
2024-07-30,POWERGRID.NS,Utilities,160.58,3952995
2024-07-31,POWERGRID.NS,Utilities,163.54,3209181
2024-08-01,POWERGRID.NS,Utilities,163.42,2372326
2024-08-02,POWERGRID.NS,Utilities,163.94,2465606
2024-08-05,POWERGRID.NS,Utilities,163.17,3821981
2024-08-06,POWERGRID.NS,Utilities,163.04,6292570
2024-08-07,POWERGRID.NS,Utilities,165.21,2872933
2024-08-08,POWERGRID.NS,Utilities,166.89,11712932
2024-08-09,POWERGRID.NS,Utilities,164.26,3756221
2024-08-12,POWERGRID.NS,Utilities,161.57,2811034
2024-08-13,POWERGRID.NS,Utilities,164.21,3293521
2024-08-14,POWERGRID.NS,Utilities,162.47,3893521
2024-08-16,POWERGRID.NS,Utilities,157.47,6441982
2024-08-19,POWERGRID.NS,Utilities,157.86,4158341
2024-08-20,POWERGRID.NS,Utilities,160.98,2584634
2024-08-21,POWERGRID.NS,Utilities,162.49,7391388
2024-08-22,POWERGRID.NS,Utilities,158.99,3220233
2024-08-23,POWERGRID.NS,Utilities,156.27,3005244
2024-08-26,POWERGRID.NS,Utilities,155.64,4704917
2024-08-27,POWERGRID.NS,Utilities,153.18,5657860
2024-08-28,POWERGRID.NS,Utilities,150.81,5598952
2024-08-29,POWERGRID.NS,Utilities,153.33,2165859
2024-08-30,POWERGRID.NS,Utilities,152.25,7057241
2024-09-02,POWERGRID.NS,Utilities,150.33,2766172
2024-09-03,POWERGRID.NS,Utilities,152.86,4985144
2024-09-04,POWERGRID.NS,Utilities,151.24,4691270
2024-09-05,POWERGRID.NS,Utilities,151.93,4928796
2024-09-06,POWERGRID.NS,Utilities,151.1,3701583
2024-09-09,POWERGRID.NS,Utilities,149.55,5983151
2024-09-10,POWERGRID.NS,Utilities,150.21,4038580
2024-09-11,POWERGRID.NS,Utilities,152.58,6521904
2024-09-12,POWERGRID.NS,Utilities,152.32,2694992
2024-09-13,POWERGRID.NS,Utilities,153.31,7463400
2024-09-16,POWERGRID.NS,Utilities,152.21,2177356
2024-09-17,POWERGRID.NS,Utilities,153.19,7293266
2024-09-18,POWERGRID.NS,Utilities,152.64,3353778
2024-09-19,POWERGRID.NS,Utilities,155.34,4645497
2024-09-20,POWERGRID.NS,Utilities,155.71,3425552
2024-09-23,POWERGRID.NS,Utilities,154.93,2910046
2024-09-24,POWERGRID.NS,Utilities,155.47,3449586
2024-09-25,POWERGRID.NS,Utilities,155.13,5324493
2024-09-26,POWERGRID.NS,Utilities,154.53,4615308
2024-09-27,POWERGRID.NS,Utilities,152.72,6239473
2024-09-30,POWERGRID.NS,Utilities,153.97,4878418
2024-10-01,POWERGRID.NS,Utilities,155.31,4586388
2024-10-03,POWERGRID.NS,Utilities,152.16,7258636
2024-10-04,POWERGRID.NS,Utilities,154.05,4767100
2024-10-07,POWERGRID.NS,Utilities,154.02,2860550
2024-10-08,POWERGRID.NS,Utilities,159.64,2621268
2024-10-09,POWERGRID.NS,Utilities,162.33,7717373
2024-10-10,POWERGRID.NS,Utilities,162.72,3907759
2024-10-11,POWERGRID.NS,Utilities,159.53,4115717
2024-10-14,POWERGRID.NS,Utilities,160.64,3281584
2024-10-15,POWERGRID.NS,Utilities,158.31,2329513
2024-10-16,POWERGRID.NS,Utilities,162.83,8030140
2024-10-17,POWERGRID.NS,Utilities,162.02,2610637
2024-10-18,POWERGRID.NS,Utilities,162.59,2852581
2024-10-21,POWERGRID.NS,Utilities,163.37,3604883
2024-10-22,POWERGRID.NS,Utilities,159.46,3418897
2024-10-23,POWERGRID.NS,Utilities,158.47,3286259
2024-10-24,POWERGRID.NS,Utilities,161.89,5130640
2024-10-25,POWERGRID.NS,Utilities,165.61,5961570
2024-10-28,POWERGRID.NS,Utilities,163.39,3964976
2024-10-29,POWERGRID.NS,Utilities,157.8,4473825
2024-10-30,POWERGRID.NS,Utilities,157.98,2920392
2024-10-31,POWERGRID.NS,Utilities,158.37,4956004
2024-11-04,POWERGRID.NS,Utilities,158.41,3677809
2024-11-05,POWERGRID.NS,Utilities,157.52,3544717
2024-11-06,POWERGRID.NS,Utilities,158.08,5669610
2024-11-07,POWERGRID.NS,Utilities,160.27,2447106
2024-11-08,POWERGRID.NS,Utilities,161.2,5812472
2024-11-11,POWERGRID.NS,Utilities,161.11,3967434
2024-11-12,POWERGRID.NS,Utilities,161.11,3423802
2024-11-13,POWERGRID.NS,Utilities,159.77,7491914
2024-11-14,POWERGRID.NS,Utilities,160.57,5364392
2024-11-15,POWERGRID.NS,Utilities,158.29,2234268
2024-11-18,POWERGRID.NS,Utilities,156.75,5683346
2024-11-19,POWERGRID.NS,Utilities,160.22,4985127
2024-11-20,POWERGRID.NS,Utilities,156.43,2591279
2024-11-21,POWERGRID.NS,Utilities,160.42,3946612
2024-11-22,POWERGRID.NS,Utilities,161.1,5371399
2024-11-25,POWERGRID.NS,Utilities,159.99,2133965
2024-11-26,POWERGRID.NS,Utilities,160.79,5329330
2024-11-27,POWERGRID.NS,Utilities,160.74,3538399
2024-11-28,POWERGRID.NS,Utilities,160.81,3806967
2024-11-29,POWERGRID.NS,Utilities,159.4,6033414
2024-12-02,POWERGRID.NS,Utilities,157.65,3099445
2024-12-03,POWERGRID.NS,Utilities,154.82,2753193
2024-12-04,POWERGRID.NS,Utilities,151.92,5190282
2024-12-05,POWERGRID.NS,Utilities,153.54,4195800
2024-12-06,POWERGRID.NS,Utilities,153.53,3463397
2024-12-09,POWERGRID.NS,Utilities,152.15,2515561
2024-12-10,POWERGRID.NS,Utilities,151.25,3508716
2024-12-11,POWERGRID.NS,Utilities,150.36,3276698
2024-12-12,POWERGRID.NS,Utilities,149.09,3695375
2024-12-13,POWERGRID.NS,Utilities,150.77,2303198
2024-12-16,POWERGRID.NS,Utilities,149.75,3150910
2024-12-17,POWERGRID.NS,Utilities,153.22,4624942
2024-12-18,POWERGRID.NS,Utilities,154.87,3893673
2024-12-19,POWERGRID.NS,Utilities,154.28,3740876
2024-12-20,POWERGRID.NS,Utilities,159.35,2866500
2024-12-23,POWERGRID.NS,Utilities,161.16,2899111
2024-12-24,POWERGRID.NS,Utilities,160.47,3625230
2024-12-26,POWERGRID.NS,Utilities,160.11,3956266
2024-12-27,POWERGRID.NS,Utilities,158.77,2979945
2024-12-30,POWERGRID.NS,Utilities,157.24,4259917
2024-12-31,POWERGRID.NS,Utilities,156.85,4255336
2025-01-01,POWERGRID.NS,Utilities,155.33,2785639
2025-01-02,POWERGRID.NS,Utilities,157.33,6128756
2025-01-03,POWERGRID.NS,Utilities,158.36,2993695
2025-01-06,POWERGRID.NS,Utilities,158.65,2918562
2025-01-07,POWERGRID.NS,Utilities,158.96,3202842
2025-01-08,POWERGRID.NS,Utilities,161.46,2490293
2025-01-09,POWERGRID.NS,Utilities,162.05,2170572
2025-01-10,POWERGRID.NS,Utilities,163.01,5800023
2025-01-13,POWERGRID.NS,Utilities,161.29,5499307
2025-01-14,POWERGRID.NS,Utilities,161.69,2944316
2025-01-15,POWERGRID.NS,Utilities,162.61,5005987
2025-01-16,POWERGRID.NS,Utilities,164.41,3194164
2025-01-17,POWERGRID.NS,Utilities,165.16,2801055
2025-01-20,POWERGRID.NS,Utilities,167.8,3662284
2025-01-21,POWERGRID.NS,Utilities,168.54,3649688
2025-01-22,POWERGRID.NS,Utilities,173.21,5647977
2025-01-23,POWERGRID.NS,Utilities,176.25,1742211
2025-01-24,POWERGRID.NS,Utilities,176.97,3614494
2025-01-27,POWERGRID.NS,Utilities,178.49,8805593
2025-01-28,POWERGRID.NS,Utilities,177.75,1825311
2025-01-29,POWERGRID.NS,Utilities,175.18,3275815
2025-01-30,POWERGRID.NS,Utilities,180.64,3578468
2025-01-31,POWERGRID.NS,Utilities,179.8,4207221
2025-02-03,POWERGRID.NS,Utilities,178.62,5165695
2025-02-04,POWERGRID.NS,Utilities,179.51,4197792
2025-02-05,POWERGRID.NS,Utilities,177.92,6946602
2025-02-06,POWERGRID.NS,Utilities,180.29,3502144
2025-02-07,POWERGRID.NS,Utilities,182.47,5775424
2025-02-10,POWERGRID.NS,Utilities,180.6,3788983
2025-02-11,POWERGRID.NS,Utilities,179.41,5248654
2025-02-12,POWERGRID.NS,Utilities,177.52,3190808
2025-02-13,POWERGRID.NS,Utilities,175.66,2920798
2025-02-14,POWERGRID.NS,Utilities,175.93,2520924
2025-02-17,POWERGRID.NS,Utilities,172.59,3651394
2025-02-18,POWERGRID.NS,Utilities,173.95,3117505
2025-02-19,POWERGRID.NS,Utilities,173.1,4491794
2025-02-20,POWERGRID.NS,Utilities,171.95,5062033
2025-02-21,POWERGRID.NS,Utilities,171.55,5727555
2025-02-24,POWERGRID.NS,Utilities,168.92,5324937
2025-02-25,POWERGRID.NS,Utilities,171.43,5855987
2025-02-26,POWERGRID.NS,Utilities,170.41,5073062
2025-02-27,POWERGRID.NS,Utilities,171.13,2691519
2025-02-28,POWERGRID.NS,Utilities,171.82,4403093
2025-03-03,POWERGRID.NS,Utilities,171.27,3098119
2025-03-04,POWERGRID.NS,Utilities,172.64,3798919
2025-03-05,POWERGRID.NS,Utilities,172.63,3926867
2025-03-06,POWERGRID.NS,Utilities,173.62,1670869
2025-03-07,POWERGRID.NS,Utilities,174.94,2773391
2025-03-10,POWERGRID.NS,Utilities,169.26,3351271
2025-03-11,POWERGRID.NS,Utilities,170.45,1501470
2025-03-12,POWERGRID.NS,Utilities,170.3,6312664
2025-03-13,POWERGRID.NS,Utilities,167.19,4166803
2025-03-14,POWERGRID.NS,Utilities,164.75,4158437
2025-03-17,POWERGRID.NS,Utilities,162.83,5710245
2025-03-18,POWERGRID.NS,Utilities,167.26,5124966
2025-03-19,POWERGRID.NS,Utilities,164.96,5129516
2025-03-20,POWERGRID.NS,Utilities,166.18,5716751
2025-03-21,POWERGRID.NS,Utilities,171.29,4437087
2025-03-24,POWERGRID.NS,Utilities,178.58,4473880
2025-03-25,POWERGRID.NS,Utilities,172.36,4671163
2025-03-26,POWERGRID.NS,Utilities,175.07,2515887
2025-03-27,POWERGRID.NS,Utilities,174.5,1907169
2025-03-28,POWERGRID.NS,Utilities,171.54,1939843
2025-03-31,POWERGRID.NS,Utilities,167.6,5103463
2025-04-01,POWERGRID.NS,Utilities,172.06,3317033
2025-04-02,POWERGRID.NS,Utilities,173.33,3629031
2025-04-03,POWERGRID.NS,Utilities,172.43,4221453
2025-04-04,POWERGRID.NS,Utilities,170.3,6563799
2025-04-07,POWERGRID.NS,Utilities,174.26,5031908
2025-04-08,POWERGRID.NS,Utilities,173.0,4284644
2025-04-09,POWERGRID.NS,Utilities,176.27,4616159
2025-04-10,POWERGRID.NS,Utilities,176.93,8743380
2025-04-11,POWERGRID.NS,Utilities,176.61,2822008
2025-04-15,POWERGRID.NS,Utilities,171.96,6497180
2025-04-16,POWERGRID.NS,Utilities,172.93,4024400
2025-04-17,POWERGRID.NS,Utilities,168.99,3884568
2025-04-18,POWERGRID.NS,Utilities,169.02,4971276
2025-04-21,POWERGRID.NS,Utilities,168.56,2096135
2025-04-22,POWERGRID.NS,Utilities,165.82,2747647
2025-04-23,POWERGRID.NS,Utilities,168.83,4580281
2025-04-24,POWERGRID.NS,Utilities,170.1,4687348
2025-04-25,POWERGRID.NS,Utilities,170.38,4876693
2025-04-28,POWERGRID.NS,Utilities,171.98,5124832
2025-04-29,POWERGRID.NS,Utilities,171.5,8062919
2025-04-30,POWERGRID.NS,Utilities,172.92,3186831
2025-05-02,POWERGRID.NS,Utilities,170.12,4576793
2025-05-05,POWERGRID.NS,Utilities,168.97,5188090
2025-05-06,POWERGRID.NS,Utilities,167.43,4550844
2025-05-07,POWERGRID.NS,Utilities,173.18,3844010
2025-05-08,POWERGRID.NS,Utilities,172.72,3041619
2025-05-09,POWERGRID.NS,Utilities,175.83,3712892
2025-05-12,POWERGRID.NS,Utilities,176.7,6287577
2025-05-13,POWERGRID.NS,Utilities,179.15,8604162
2025-05-14,POWERGRID.NS,Utilities,177.58,2170507
2025-05-15,POWERGRID.NS,Utilities,177.37,4019273
2025-05-16,POWERGRID.NS,Utilities,177.19,2140529
2025-05-19,POWERGRID.NS,Utilities,176.95,3095089
2025-05-20,POWERGRID.NS,Utilities,173.16,4338092
2025-05-21,POWERGRID.NS,Utilities,174.93,2634687
2025-05-22,POWERGRID.NS,Utilities,177.33,3412501
2025-05-23,POWERGRID.NS,Utilities,179.06,3234397
2025-05-26,POWERGRID.NS,Utilities,181.14,4272511
2025-05-27,POWERGRID.NS,Utilities,179.28,3444098
2025-05-28,POWERGRID.NS,Utilities,179.22,6015236
2025-05-29,POWERGRID.NS,Utilities,181.8,3902505
2025-05-30,POWERGRID.NS,Utilities,185.55,2936482
2025-06-02,POWERGRID.NS,Utilities,185.77,2301563
2025-06-03,POWERGRID.NS,Utilities,185.34,2951090
2025-06-04,POWERGRID.NS,Utilities,186.37,3710686
2025-06-05,POWERGRID.NS,Utilities,193.35,4745578
2025-06-06,POWERGRID.NS,Utilities,191.57,5110879
2025-06-09,POWERGRID.NS,Utilities,190.02,5479235
2025-06-10,POWERGRID.NS,Utilities,189.64,4840409
2025-06-11,POWERGRID.NS,Utilities,189.52,5584360
2025-06-12,POWERGRID.NS,Utilities,193.86,3530659
2025-06-13,POWERGRID.NS,Utilities,190.02,3731399
2025-06-16,POWERGRID.NS,Utilities,192.55,3219517
2025-06-17,POWERGRID.NS,Utilities,194.17,3007338
2025-06-18,POWERGRID.NS,Utilities,195.59,6428295
2025-06-19,POWERGRID.NS,Utilities,198.85,3730719
2025-06-20,POWERGRID.NS,Utilities,203.63,2673648
2025-06-23,POWERGRID.NS,Utilities,203.0,2947357
2025-06-24,POWERGRID.NS,Utilities,200.83,8298657
2025-06-25,POWERGRID.NS,Utilities,205.15,4347482
2025-06-26,POWERGRID.NS,Utilities,204.5,4685105
2025-06-27,POWERGRID.NS,Utilities,204.27,3302337
2025-06-30,POWERGRID.NS,Utilities,202.79,1826386
2025-07-01,POWERGRID.NS,Utilities,202.24,2553945
2025-07-02,POWERGRID.NS,Utilities,204.99,3166134
2025-07-03,POWERGRID.NS,Utilities,206.55,3197427
2025-07-04,POWERGRID.NS,Utilities,209.38,3963673
2025-07-07,POWERGRID.NS,Utilities,211.64,5325206
2025-07-08,POWERGRID.NS,Utilities,210.27,4007634
2025-07-09,POWERGRID.NS,Utilities,211.07,4606698
2025-07-10,POWERGRID.NS,Utilities,211.73,5465552
2025-07-11,POWERGRID.NS,Utilities,219.6,6586599
2025-07-14,POWERGRID.NS,Utilities,220.38,2867579
2025-07-15,POWERGRID.NS,Utilities,222.32,4583098
2025-07-16,POWERGRID.NS,Utilities,225.95,4657084
2025-07-17,POWERGRID.NS,Utilities,222.12,4343266
2025-07-18,POWERGRID.NS,Utilities,222.11,3439565
2025-07-21,POWERGRID.NS,Utilities,219.29,2812780
2025-07-22,POWERGRID.NS,Utilities,216.98,3734367
2025-07-23,POWERGRID.NS,Utilities,219.57,4306322
2025-07-24,POWERGRID.NS,Utilities,218.57,5743825
2025-07-25,POWERGRID.NS,Utilities,220.12,3755184
2025-07-28,POWERGRID.NS,Utilities,222.63,2619796
2025-07-29,POWERGRID.NS,Utilities,225.2,2781337
2025-07-30,POWERGRID.NS,Utilities,228.91,2601395
2025-07-31,POWERGRID.NS,Utilities,230.33,3823872
2025-08-01,POWERGRID.NS,Utilities,231.78,2438239
2025-08-04,POWERGRID.NS,Utilities,237.65,2997639
2025-08-05,POWERGRID.NS,Utilities,238.25,6930177
2025-08-06,POWERGRID.NS,Utilities,239.44,3713666
2025-08-07,POWERGRID.NS,Utilities,235.47,4057544
2025-08-08,POWERGRID.NS,Utilities,240.79,2499703
2025-08-11,POWERGRID.NS,Utilities,238.15,3879258
2025-08-12,POWERGRID.NS,Utilities,237.97,2208079
2025-08-13,POWERGRID.NS,Utilities,235.19,4141777
2025-08-14,POWERGRID.NS,Utilities,231.19,2548180
2025-08-18,POWERGRID.NS,Utilities,231.31,6267080
2025-08-19,POWERGRID.NS,Utilities,232.73,7761221
2025-08-20,POWERGRID.NS,Utilities,233.4,3145446
2025-08-21,POWERGRID.NS,Utilities,231.59,2281724
2025-08-22,POWERGRID.NS,Utilities,233.55,3369863
2025-08-25,POWERGRID.NS,Utilities,228.15,2213866
2025-08-26,POWERGRID.NS,Utilities,221.18,3493245
2025-08-27,POWERGRID.NS,Utilities,218.81,2894214
2025-08-28,POWERGRID.NS,Utilities,218.8,5889858
2025-08-29,POWERGRID.NS,Utilities,217.74,1909633
2025-09-01,POWERGRID.NS,Utilities,213.53,2495445
2025-09-02,POWERGRID.NS,Utilities,214.24,5363048
2025-09-03,POWERGRID.NS,Utilities,216.65,3200777
2025-09-04,POWERGRID.NS,Utilities,217.31,6737760
2025-09-05,POWERGRID.NS,Utilities,215.71,4012879
2025-09-08,POWERGRID.NS,Utilities,217.0,4289797
2025-09-09,POWERGRID.NS,Utilities,219.5,4430408
2025-09-10,POWERGRID.NS,Utilities,223.18,4565175
2025-09-11,POWERGRID.NS,Utilities,228.67,3694505
2025-09-12,POWERGRID.NS,Utilities,229.27,3754253
2025-09-15,POWERGRID.NS,Utilities,228.44,6089643
2025-09-16,POWERGRID.NS,Utilities,232.3,3068142
2025-09-17,POWERGRID.NS,Utilities,230.36,4222858
2025-09-18,POWERGRID.NS,Utilities,231.32,3451876
2025-09-19,POWERGRID.NS,Utilities,229.86,4984975
2025-09-22,POWERGRID.NS,Utilities,233.63,6232552
2025-09-23,POWERGRID.NS,Utilities,230.57,3312834
2025-09-24,POWERGRID.NS,Utilities,229.51,2822192
2025-09-25,POWERGRID.NS,Utilities,230.42,3063001
2025-09-26,POWERGRID.NS,Utilities,228.69,5499535
2025-09-29,POWERGRID.NS,Utilities,222.91,4350565
2025-09-30,POWERGRID.NS,Utilities,222.88,3882061
2025-10-01,POWERGRID.NS,Utilities,229.08,3728383
2025-10-03,POWERGRID.NS,Utilities,232.51,3112363
2025-10-06,POWERGRID.NS,Utilities,236.19,5386732
2025-10-07,POWERGRID.NS,Utilities,234.96,4240758
2025-10-08,POWERGRID.NS,Utilities,239.16,7440849
2025-10-09,POWERGRID.NS,Utilities,240.51,3947371
2025-10-10,POWERGRID.NS,Utilities,245.41,4368461
2025-10-13,POWERGRID.NS,Utilities,247.72,3391963
2025-10-14,POWERGRID.NS,Utilities,246.88,3182072
2025-10-15,POWERGRID.NS,Utilities,253.2,3894368
2025-10-16,POWERGRID.NS,Utilities,250.16,6058028
2025-10-17,POWERGRID.NS,Utilities,254.28,3386092
2025-10-20,POWERGRID.NS,Utilities,258.74,3365716
2025-10-22,POWERGRID.NS,Utilities,262.06,2420643
2025-10-23,POWERGRID.NS,Utilities,259.77,9497116
2025-10-24,POWERGRID.NS,Utilities,260.96,3238998
2025-10-27,POWERGRID.NS,Utilities,263.44,2418989
2025-10-28,POWERGRID.NS,Utilities,263.87,4244596
2025-10-29,POWERGRID.NS,Utilities,262.06,4349794
2025-10-30,POWERGRID.NS,Utilities,261.81,5259693
2025-10-31,POWERGRID.NS,Utilities,268.8,4264860
2025-11-03,POWERGRID.NS,Utilities,271.41,2158497
2025-11-04,POWERGRID.NS,Utilities,269.49,3057757
2025-11-05,POWERGRID.NS,Utilities,267.0,5793046
2025-11-06,POWERGRID.NS,Utilities,272.03,5522037
2025-11-07,POWERGRID.NS,Utilities,275.74,4633739
2025-11-10,POWERGRID.NS,Utilities,279.58,6682001
2025-11-11,POWERGRID.NS,Utilities,287.89,3674972
2025-11-12,POWERGRID.NS,Utilities,281.33,5984850
2025-11-13,POWERGRID.NS,Utilities,283.47,3424251
2025-11-14,POWERGRID.NS,Utilities,282.9,7321323
2025-11-17,POWERGRID.NS,Utilities,287.34,3336477
2025-11-18,POWERGRID.NS,Utilities,288.33,2653179
2025-11-19,POWERGRID.NS,Utilities,289.27,2615678
2025-11-20,POWERGRID.NS,Utilities,294.5,6488034
2025-11-21,POWERGRID.NS,Utilities,290.35,6747390
2025-11-24,POWERGRID.NS,Utilities,288.01,2873102
2025-11-25,POWERGRID.NS,Utilities,289.9,3145140
2025-11-26,POWERGRID.NS,Utilities,292.33,1724473
2025-11-27,POWERGRID.NS,Utilities,290.39,2585112
2025-11-28,POWERGRID.NS,Utilities,292.54,3621339
2025-12-01,POWERGRID.NS,Utilities,295.38,3610888
2025-12-02,POWERGRID.NS,Utilities,298.26,1912214
2025-12-03,POWERGRID.NS,Utilities,299.82,2383534
2025-12-04,POWERGRID.NS,Utilities,299.31,7629428
2025-12-05,POWERGRID.NS,Utilities,301.31,5959078
2025-12-08,POWERGRID.NS,Utilities,297.94,4182937
2025-12-09,POWERGRID.NS,Utilities,301.72,4227161
2025-12-10,POWERGRID.NS,Utilities,301.95,3997329
2025-12-11,POWERGRID.NS,Utilities,303.67,3821122
2025-12-12,POWERGRID.NS,Utilities,303.82,4010467
2025-12-15,POWERGRID.NS,Utilities,298.94,2303615
2025-12-16,POWERGRID.NS,Utilities,299.89,3648277
2025-12-17,POWERGRID.NS,Utilities,299.87,1967038
2025-12-18,POWERGRID.NS,Utilities,300.54,3712577
2025-12-19,POWERGRID.NS,Utilities,297.19,4621091
2025-12-22,POWERGRID.NS,Utilities,300.48,3275183
2025-12-23,POWERGRID.NS,Utilities,295.59,4359835
2025-12-24,POWERGRID.NS,Utilities,292.66,3845631
2025-12-26,POWERGRID.NS,Utilities,295.67,4662711
2025-12-29,POWERGRID.NS,Utilities,293.99,4519259
2025-12-30,POWERGRID.NS,Utilities,296.74,2960403
2025-12-31,POWERGRID.NS,Utilities,296.85,2422833
